[11Dec2025 19:46:55.153] [main/INFO] [cpw.mods.modlauncher.Launcher/MODLAUNCHER]: ModLauncher running: args [--mixin.config, noitacraft.mixins.json, --gameDir, ., --launchTarget, fmluserdevclient, --fml.mcpVersion, 20210115.111550, --fml.mcVersion, 1.16.5, --fml.forgeGroup, net.minecraftforge, --fml.forgeVersion, 36.2.42, --assetIndex, 1.16, --assetsDir, /home/benja/.local/share/PrismLauncher/assets, --version, MOD_DEV, --username, Dev, --accessToken, ❄❄❄❄❄❄❄❄, --userProperties, {}]
[11Dec2025 19:46:55.157] [main/INFO] [cpw.mods.modlauncher.Launcher/MODLAUNCHER]: ModLauncher 8.1.3+8.1.3+main-8.1.x.c94d18ec starting: java version 22.0.2 by Eclipse Adoptium
[11Dec2025 19:46:55.178] [main/DEBUG] [cpw.mods.modlauncher.LaunchServiceHandler/MODLAUNCHER]: Found launch services [minecraft,fmldevdata,fmldevclient,fmldevserver,fmluserdevserver,fmluserdevdata,testharness,fmlclient,fmluserdevclient,fmlserver]
[11Dec2025 19:46:55.198] [main/DEBUG] [cpw.mods.modlauncher.NameMappingServiceHandler/MODLAUNCHER]: Found naming services : [srgtomcp]
[11Dec2025 19:46:55.299] [main/DEBUG] [cpw.mods.modlauncher.LaunchPluginHandler/MODLAUNCHER]: Found launch plugins: [mixin,eventbus,object_holder_definalize,runtime_enum_extender,capability_inject_definalize,accesstransformer,runtimedistcleaner]
[11Dec2025 19:46:55.318] [main/DEBUG] [cpw.mods.modlauncher.TransformationServicesHandler/MODLAUNCHER]: Discovering transformation services
[11Dec2025 19:46:55.336] [main/DEBUG] [cpw.mods.modlauncher.TransformationServicesHandler/MODLAUNCHER]: Found additional transformation services from discovery services: []
[11Dec2025 19:46:55.437] [main/DEBUG] [cpw.mods.modlauncher.TransformationServicesHandler/MODLAUNCHER]: Found transformer services : [mixin,fml]
[11Dec2025 19:46:55.438] [main/DEBUG] [cpw.mods.modlauncher.TransformationServicesHandler/MODLAUNCHER]: Transformation services loading
[11Dec2025 19:46:55.439] [main/DEBUG] [cpw.mods.modlauncher.TransformationServiceDecorator/MODLAUNCHER]: Loading service mixin
[11Dec2025 19:46:55.440] [main/DEBUG] [cpw.mods.modlauncher.TransformationServiceDecorator/MODLAUNCHER]: Loaded service mixin
[11Dec2025 19:46:55.440] [main/DEBUG] [cpw.mods.modlauncher.TransformationServiceDecorator/MODLAUNCHER]: Loading service fml
[11Dec2025 19:46:55.441] [main/DEBUG] [net.minecraftforge.fml.loading.FMLServiceProvider/]: Injecting tracing printstreams for STDOUT/STDERR.
[11Dec2025 19:46:55.453] [main/DEBUG] [net.minecraftforge.fml.loading.LauncherVersion/CORE]: Found FMLLauncher version 36.2
[11Dec2025 19:46:55.454] [main/DEBUG] [net.minecraftforge.fml.loading.FMLLoader/CORE]: FML 36.2 loading
[11Dec2025 19:46:55.454] [main/DEBUG] [net.minecraftforge.fml.loading.FMLLoader/CORE]: FML found ModLauncher version : 8.1.3+8.1.3+main-8.1.x.c94d18ec
[11Dec2025 19:46:55.455] [main/DEBUG] [net.minecraftforge.fml.loading.FMLLoader/CORE]: Initializing modjar URL handler
[11Dec2025 19:46:55.457] [main/DEBUG] [net.minecraftforge.fml.loading.FMLLoader/CORE]: FML found AccessTransformer version : 3.0.1+61+master.47bca0e
[11Dec2025 19:46:55.458] [main/DEBUG] [net.minecraftforge.fml.loading.FMLLoader/CORE]: FML found EventBus version : 4.0.0+65+master.6080a3f
[11Dec2025 19:46:55.459] [main/DEBUG] [net.minecraftforge.fml.loading.FMLLoader/CORE]: Found Runtime Dist Cleaner
[11Dec2025 19:46:55.463] [main/DEBUG] [net.minecraftforge.fml.loading.FMLLoader/CORE]: FML found CoreMod version : 4.0.6+14+master.c21a551
[11Dec2025 19:46:55.464] [main/DEBUG] [net.minecraftforge.fml.loading.FMLLoader/CORE]: Found ForgeSPI package implementation version 3.2.0+13+master.8ddb2cc
[11Dec2025 19:46:55.465] [main/DEBUG] [net.minecraftforge.fml.loading.FMLLoader/CORE]: Found ForgeSPI package specification 3
[11Dec2025 19:46:55.559] [main/INFO] [net.minecraftforge.fml.loading.FixSSL/CORE]: Added Lets Encrypt root certificates as additional trust
[11Dec2025 19:46:55.560] [main/DEBUG] [cpw.mods.modlauncher.TransformationServiceDecorator/MODLAUNCHER]: Loaded service fml
[11Dec2025 19:46:55.561] [main/DEBUG] [cpw.mods.modlauncher.TransformationServicesHandler/MODLAUNCHER]: Configuring option handling for services
[11Dec2025 19:46:55.571] [main/DEBUG] [cpw.mods.modlauncher.TransformationServicesHandler/MODLAUNCHER]: Transformation services initializing
[11Dec2025 19:46:55.572] [main/DEBUG] [cpw.mods.modlauncher.TransformationServiceDecorator/MODLAUNCHER]: Initializing transformation service mixin
[11Dec2025 19:46:55.603] [main/DEBUG] [mixin/]: Mixin bootstrap service org.spongepowered.asm.service.mojang.MixinServiceLaunchWrapperBootstrap is not available: LaunchWrapper is not available
[11Dec2025 19:46:55.603] [main/DEBUG] [mixin/]: MixinService [ModLauncher] was successfully booted in jdk.internal.loader.ClassLoaders$AppClassLoader@c387f44
[11Dec2025 19:46:55.631] [main/INFO] [mixin/]: SpongePowered MIXIN Subsystem Version=0.8.4 Source=file:/home/benja/.gradle/caches/modules-2/files-2.1/org.spongepowered/mixin/0.8.4/4ec7d77d9ab32596ca0b78bb123956734767e3a/mixin-0.8.4.jar Service=ModLauncher Env=CLIENT
[11Dec2025 19:46:55.635] [main/DEBUG] [mixin/]: Initialising Mixin Platform Manager
[11Dec2025 19:46:55.636] [main/DEBUG] [mixin/]: Adding mixin platform agents for container ModLauncher Root Container(ModLauncher:4f56a0a2)
[11Dec2025 19:46:55.636] [main/DEBUG] [mixin/]: Instancing new MixinPlatformAgentMinecraftForge for ModLauncher Root Container(ModLauncher:4f56a0a2)
[11Dec2025 19:46:55.637] [main/DEBUG] [mixin/]: MixinPlatformAgentMinecraftForge rejected container ModLauncher Root Container(ModLauncher:4f56a0a2)
[11Dec2025 19:46:55.638] [main/DEBUG] [mixin/]: Instancing new MixinPlatformAgentDefault for ModLauncher Root Container(ModLauncher:4f56a0a2)
[11Dec2025 19:46:55.638] [main/DEBUG] [mixin/]: MixinPlatformAgentDefault accepted container ModLauncher Root Container(ModLauncher:4f56a0a2)
[11Dec2025 19:46:55.640] [main/DEBUG] [cpw.mods.modlauncher.TransformationServiceDecorator/MODLAUNCHER]: Initialized transformation service mixin
[11Dec2025 19:46:55.641] [main/DEBUG] [cpw.mods.modlauncher.TransformationServiceDecorator/MODLAUNCHER]: Initializing transformation service fml
[11Dec2025 19:46:55.641] [main/DEBUG] [net.minecraftforge.fml.loading.FMLServiceProvider/CORE]: Setting up basic FML game directories
[11Dec2025 19:46:55.642] [main/DEBUG] [net.minecraftforge.fml.loading.FileUtils/CORE]: Found existing GAMEDIR directory : /home/benja/Desktop/Mc_Modding/noitacraft/run
[11Dec2025 19:46:55.643] [main/DEBUG] [net.minecraftforge.fml.loading.FMLPaths/CORE]: Path GAMEDIR is /home/benja/Desktop/Mc_Modding/noitacraft/run
[11Dec2025 19:46:55.643] [main/DEBUG] [net.minecraftforge.fml.loading.FileUtils/CORE]: Found existing MODSDIR directory : /home/benja/Desktop/Mc_Modding/noitacraft/run/mods
[11Dec2025 19:46:55.644] [main/DEBUG] [net.minecraftforge.fml.loading.FMLPaths/CORE]: Path MODSDIR is /home/benja/Desktop/Mc_Modding/noitacraft/run/mods
[11Dec2025 19:46:55.644] [main/DEBUG] [net.minecraftforge.fml.loading.FileUtils/CORE]: Found existing CONFIGDIR directory : /home/benja/Desktop/Mc_Modding/noitacraft/run/config
[11Dec2025 19:46:55.644] [main/DEBUG] [net.minecraftforge.fml.loading.FMLPaths/CORE]: Path CONFIGDIR is /home/benja/Desktop/Mc_Modding/noitacraft/run/config
[11Dec2025 19:46:55.645] [main/DEBUG] [net.minecraftforge.fml.loading.FMLPaths/CORE]: Path FMLCONFIG is /home/benja/Desktop/Mc_Modding/noitacraft/run/config/fml.toml
[11Dec2025 19:46:55.645] [main/DEBUG] [net.minecraftforge.fml.loading.FMLServiceProvider/CORE]: Loading configuration
[11Dec2025 19:46:55.684] [main/DEBUG] [net.minecraftforge.fml.loading.FileUtils/CORE]: Found existing default config directory directory : /home/benja/Desktop/Mc_Modding/noitacraft/run/defaultconfigs
[11Dec2025 19:46:55.685] [main/DEBUG] [net.minecraftforge.fml.loading.FMLServiceProvider/CORE]: Preparing ModFile
[11Dec2025 19:46:55.688] [main/DEBUG] [net.minecraftforge.fml.loading.FMLServiceProvider/CORE]: Preparing launch handler
[11Dec2025 19:46:55.688] [main/DEBUG] [net.minecraftforge.fml.loading.FMLLoader/CORE]: Using fmluserdevclient as launch service
[11Dec2025 19:46:55.998] [main/DEBUG] [net.minecraftforge.fml.loading.FMLLoader/CORE]: Received command line version data  : MC Version: '1.16.5' MCP Version: '20210115.111550' Forge Version: '36.2.42' Forge group: 'net.minecraftforge'
[11Dec2025 19:46:56.002] [main/DEBUG] [net.minecraftforge.fml.loading.LibraryFinder/CORE]: Found JAR forge at path /home/benja/.gradle/caches/forge_gradle/minecraft_user_repo/net/minecraftforge/forge/1.16.5-36.2.42_mapped_official_1.16.5/forge-1.16.5-36.2.42_mapped_official_1.16.5.jar
[11Dec2025 19:46:56.003] [main/DEBUG] [net.minecraftforge.fml.loading.LibraryFinder/CORE]: Found JAR mcdata at path /home/benja/.gradle/caches/forge_gradle/minecraft_repo/versions/1.16.5/client-extra.jar
[11Dec2025 19:46:56.003] [Thread-1/INFO] [STDERR/]: [org.lwjgl.system.ThreadLocalUtil:<clinit>:135]: [LWJGL] [ThreadLocalUtil] Unsupported JNI version detected, this may result in a crash. Please inform LWJGL developers.
[11Dec2025 19:46:56.004] [main/DEBUG] [net.minecraftforge.userdev.FMLUserdevLaunchProvider/CORE]: Injecting maven path /home/benja/.gradle/caches/forge_gradle/minecraft_user_repo
[11Dec2025 19:46:56.005] [main/DEBUG] [net.minecraftforge.fml.loading.FMLCommonLaunchHandler/CORE]: Got mod coordinates noitacraft%%/home/benja/Desktop/Mc_Modding/noitacraft/build/resources/main:noitacraft%%/home/benja/Desktop/Mc_Modding/noitacraft/build/classes/java/main from env
[11Dec2025 19:46:56.015] [main/DEBUG] [net.minecraftforge.fml.loading.FMLCommonLaunchHandler/CORE]: Found supplied mod coordinates [{noitacraft=[/home/benja/Desktop/Mc_Modding/noitacraft/build/resources/main, /home/benja/Desktop/Mc_Modding/noitacraft/build/classes/java/main]}]
[11Dec2025 19:46:56.032] [main/DEBUG] [net.minecraftforge.fml.loading.LanguageLoadingProvider/CORE]: Found 2 language providers
[11Dec2025 19:46:56.034] [main/DEBUG] [net.minecraftforge.fml.loading.LanguageLoadingProvider/CORE]: Found language provider javafml, version 36.2
[11Dec2025 19:46:56.123] [main/DEBUG] [net.minecraftforge.fml.loading.LanguageLoadingProvider/CORE]: Found language provider minecraft, version 1
[11Dec2025 19:46:56.123] [main/DEBUG] [net.minecraftforge.fml.loading.LanguageLoadingProvider/CORE]: Skipping adding forge jar - javafml is already present
[11Dec2025 19:46:56.126] [main/DEBUG] [cpw.mods.modlauncher.TransformationServiceDecorator/MODLAUNCHER]: Initialized transformation service fml
[11Dec2025 19:46:56.127] [main/DEBUG] [cpw.mods.modlauncher.NameMappingServiceHandler/MODLAUNCHER]: Current naming domain is 'mcp'
[11Dec2025 19:46:56.128] [main/DEBUG] [cpw.mods.modlauncher.NameMappingServiceHandler/MODLAUNCHER]: Identified name mapping providers {srg=srgtomcp:1234}
[11Dec2025 19:46:56.129] [main/DEBUG] [cpw.mods.modlauncher.TransformationServicesHandler/MODLAUNCHER]: Transformation services begin scanning
[11Dec2025 19:46:56.130] [main/DEBUG] [cpw.mods.modlauncher.TransformationServiceDecorator/MODLAUNCHER]: Beginning scan trigger - transformation service mixin
[11Dec2025 19:46:56.131] [main/DEBUG] [cpw.mods.modlauncher.TransformationServiceDecorator/MODLAUNCHER]: End scan trigger - transformation service mixin
[11Dec2025 19:46:56.131] [main/DEBUG] [cpw.mods.modlauncher.TransformationServiceDecorator/MODLAUNCHER]: Beginning scan trigger - transformation service fml
[11Dec2025 19:46:56.132] [main/DEBUG] [net.minecraftforge.fml.loading.FMLServiceProvider/CORE]: Initiating mod scan
[11Dec2025 19:46:56.199] [main/DEBUG] [net.minecraftforge.fml.loading.LibraryFinder/CORE]: Found JAR classpath_mod at path /home/benja/Desktop/Mc_Modding/noitacraft/build/resources/main
[11Dec2025 19:46:56.200] [main/DEBUG] [net.minecraftforge.fml.loading.LibraryFinder/CORE]: Found JAR classpath_mod at path /home/benja/.gradle/caches/forge_gradle/minecraft_user_repo/net/minecraftforge/forge/1.16.5-36.2.42_mapped_official_1.16.5/forge-1.16.5-36.2.42_mapped_official_1.16.5.jar
[11Dec2025 19:46:56.200] [main/DEBUG] [net.minecraftforge.userdev.ClasspathLocator/CORE]: Found classpath mod: /home/benja/.gradle/caches/forge_gradle/minecraft_user_repo/net/minecraftforge/forge/1.16.5-36.2.42_mapped_official_1.16.5/forge-1.16.5-36.2.42_mapped_official_1.16.5.jar
[11Dec2025 19:46:56.202] [main/DEBUG] [net.minecraftforge.fml.loading.LibraryFinder/CORE]: Found JAR manifest_jar at path /home/benja/.gradle/caches/forge_gradle/minecraft_user_repo/net/minecraftforge/forge/1.16.5-36.2.42_mapped_official_1.16.5/forge-1.16.5-36.2.42_mapped_official_1.16.5.jar
[11Dec2025 19:46:56.209] [main/DEBUG] [net.minecraftforge.fml.loading.LibraryFinder/CORE]: Found JAR manifest_jar at path /home/benja/.gradle/caches/forge_gradle/minecraft_user_repo/net/minecraftforge/forge/1.16.5-36.2.42_mapped_official_1.16.5/forge-1.16.5-36.2.42_mapped_official_1.16.5-launcher.jar
[11Dec2025 19:46:56.213] [main/DEBUG] [net.minecraftforge.fml.loading.LibraryFinder/CORE]: Found JAR manifest_jar at path /home/benja/.gradle/caches/forge_gradle/minecraft_repo/versions/1.16.5/client-extra.jar
[11Dec2025 19:46:56.356] [main/DEBUG] [net.minecraftforge.fml.loading.LibraryFinder/CORE]: Found JAR manifest_jar at path /home/benja/.gradle/caches/modules-2/files-2.1/net.minecraftforge/accesstransformers/3.0.1/6d23c1b9cb0607fddc38d09730796f68db96f546/accesstransformers-3.0.1.jar
[11Dec2025 19:46:56.357] [main/DEBUG] [net.minecraftforge.fml.loading.LibraryFinder/CORE]: Found JAR manifest_jar at path /home/benja/.gradle/caches/modules-2/files-2.1/net.minecraftforge/eventbus/4.0.0/260e34800723e4c098c4e247cf2b900535e01b6d/eventbus-4.0.0.jar
[11Dec2025 19:46:56.358] [main/DEBUG] [net.minecraftforge.fml.loading.LibraryFinder/CORE]: Found JAR manifest_jar at path /home/benja/.gradle/caches/modules-2/files-2.1/net.minecraftforge/coremods/4.0.6/d6d761379c841e2610abebcbf70ed20b65f728f0/coremods-4.0.6.jar
[11Dec2025 19:46:56.358] [main/DEBUG] [net.minecraftforge.fml.loading.LibraryFinder/CORE]: Found JAR manifest_jar at path /home/benja/.gradle/caches/modules-2/files-2.1/net.minecraftforge/forgespi/3.2.0/c6ca4e4e4a0343701407c760e642537b613b543/forgespi-3.2.0.jar
[11Dec2025 19:46:56.359] [main/DEBUG] [net.minecraftforge.fml.loading.LibraryFinder/CORE]: Found JAR manifest_jar at path /home/benja/.gradle/caches/modules-2/files-2.1/cpw.mods/modlauncher/8.1.3/6d0bfd78e025a87d43985e30907aa9ecbc51b2d6/modlauncher-8.1.3.jar
[11Dec2025 19:46:56.359] [main/DEBUG] [net.minecraftforge.fml.loading.LibraryFinder/CORE]: Found JAR manifest_jar at path /home/benja/.gradle/caches/modules-2/files-2.1/cpw.mods/modlauncher/8.1.3/9b48bef0af2f3e379bbe5915f5cf23bf366d8ddf/modlauncher-8.1.3-api.jar
[11Dec2025 19:46:56.360] [main/DEBUG] [net.minecraftforge.fml.loading.LibraryFinder/CORE]: Found JAR manifest_jar at path /home/benja/.gradle/caches/modules-2/files-2.1/com.google.code.findbugs/jsr305/3.0.2/25ea2e8b0c338a877313bd4672d3fe056ea78f0d/jsr305-3.0.2.jar
[11Dec2025 19:46:56.360] [main/DEBUG] [net.minecraftforge.fml.loading.LibraryFinder/CORE]: Found JAR manifest_jar at path /home/benja/.gradle/caches/modules-2/files-2.1/net.minecraftforge/mergetool/1.0.9/d1e1ba354a40b5703340b5cb02fdca489cff3646/mergetool-1.0.9-api.jar
[11Dec2025 19:46:56.360] [main/DEBUG] [net.minecraftforge.fml.loading.LibraryFinder/CORE]: Found JAR manifest_jar at path /home/benja/.gradle/caches/modules-2/files-2.1/org.ow2.asm/asm-commons/9.6/f1a9e5508eff490744144565c47326c8648be309/asm-commons-9.6.jar
[11Dec2025 19:46:56.361] [main/DEBUG] [net.minecraftforge.fml.loading.LibraryFinder/CORE]: Found JAR manifest_jar at path /home/benja/.gradle/caches/modules-2/files-2.1/org.ow2.asm/asm-util/9.6/f77caf84eb93786a749b2baa40865b9613e3eaee/asm-util-9.6.jar
[11Dec2025 19:46:56.361] [main/DEBUG] [net.minecraftforge.fml.loading.LibraryFinder/CORE]: Found JAR manifest_jar at path /home/benja/.gradle/caches/modules-2/files-2.1/org.ow2.asm/asm-analysis/9.6/9ce6c7b174bd997fc2552dff47964546bd7a5ec3/asm-analysis-9.6.jar
[11Dec2025 19:46:56.362] [main/DEBUG] [net.minecraftforge.fml.loading.LibraryFinder/CORE]: Found JAR manifest_jar at path /home/benja/.gradle/caches/modules-2/files-2.1/org.ow2.asm/asm-tree/9.6/c0cdda9d211e965d2a4448aa3fd86110f2f8c2de/asm-tree-9.6.jar
[11Dec2025 19:46:56.362] [main/DEBUG] [net.minecraftforge.fml.loading.LibraryFinder/CORE]: Found JAR manifest_jar at path /home/benja/.gradle/caches/modules-2/files-2.1/org.ow2.asm/asm/9.6/aa205cf0a06dbd8e04ece91c0b37c3f5d567546a/asm-9.6.jar
[11Dec2025 19:46:56.363] [main/DEBUG] [net.minecraftforge.fml.loading.LibraryFinder/CORE]: Found JAR manifest_jar at path /home/benja/.gradle/caches/modules-2/files-2.1/cpw.mods/grossjava9hacks/1.3.3/e49222512ea6cabdd8b49761cef1d5a207b1f0d9/grossjava9hacks-1.3.3.jar
[11Dec2025 19:46:56.363] [main/DEBUG] [net.minecraftforge.fml.loading.LibraryFinder/CORE]: Found JAR manifest_jar at path /home/benja/.gradle/caches/modules-2/files-2.1/org.antlr/antlr4-runtime/4.9.1/428664f05d2b7f7b7610204b5aa7c1763f62011a/antlr4-runtime-4.9.1.jar
[11Dec2025 19:46:56.363] [main/DEBUG] [net.minecraftforge.fml.loading.LibraryFinder/CORE]: Found JAR manifest_jar at path /home/benja/.gradle/caches/modules-2/files-2.1/net.minecraftforge/unsafe/0.2.0/54d7a0a5e8fdb71b973025caa46f341ae5904f39/unsafe-0.2.0.jar
[11Dec2025 19:46:56.364] [main/DEBUG] [net.minecraftforge.fml.loading.LibraryFinder/CORE]: Found JAR manifest_jar at path /home/benja/.gradle/caches/modules-2/files-2.1/com.electronwill.night-config/toml/3.6.3/2b05b4d606c517da4d1a7b6d2b97d751c92887d7/toml-3.6.3.jar
[11Dec2025 19:46:56.364] [main/DEBUG] [net.minecraftforge.fml.loading.LibraryFinder/CORE]: Found JAR manifest_jar at path /home/benja/.gradle/caches/modules-2/files-2.1/com.electronwill.night-config/core/3.6.3/c601bfeaeb2c0abe7aaa901b0bbe6d1beff49281/core-3.6.3.jar
[11Dec2025 19:46:56.364] [main/DEBUG] [net.minecraftforge.fml.loading.LibraryFinder/CORE]: Found JAR manifest_jar at path /home/benja/.gradle/caches/modules-2/files-2.1/org.jline/jline/3.12.1/de2bd909cb9f8eaa741bd03df4a1bd3f6eb593c7/jline-3.12.1.jar
[11Dec2025 19:46:56.365] [main/DEBUG] [net.minecraftforge.fml.loading.LibraryFinder/CORE]: Found JAR manifest_jar at path /home/benja/.gradle/caches/modules-2/files-2.1/org.apache.maven/maven-artifact/3.6.3/f8ff8032903882376e8d000c51e3e16d20fc7df7/maven-artifact-3.6.3.jar
[11Dec2025 19:46:56.365] [main/DEBUG] [net.minecraftforge.fml.loading.LibraryFinder/CORE]: Found JAR manifest_jar at path /home/benja/.gradle/caches/modules-2/files-2.1/net.jodah/typetools/0.8.3/98f84f353457629e81cc6827224871b1a8faa7af/typetools-0.8.3.jar
[11Dec2025 19:46:56.365] [main/DEBUG] [net.minecraftforge.fml.loading.LibraryFinder/CORE]: Found JAR manifest_jar at path /home/benja/.gradle/caches/modules-2/files-2.1/org.apache.logging.log4j/log4j-slf4j18-impl/2.15.0/88f72ad364bfc3a7cf43186fc17212f2b4bb8d97/log4j-slf4j18-impl-2.15.0.jar
[11Dec2025 19:46:56.366] [main/DEBUG] [net.minecraftforge.fml.loading.LibraryFinder/CORE]: Found JAR manifest_jar at path /home/benja/.gradle/caches/modules-2/files-2.1/net.minecrell/terminalconsoleappender/1.2.0/96d02cd3b384ff015a8fef4223bcb4ccf1717c95/terminalconsoleappender-1.2.0.jar
[11Dec2025 19:46:56.366] [main/DEBUG] [net.minecraftforge.fml.loading.LibraryFinder/CORE]: Found JAR manifest_jar at path /home/benja/.gradle/caches/modules-2/files-2.1/org.apache.logging.log4j/log4j-core/2.15.0/ba55c13d7ac2fd44df9cc8074455719a33f375b9/log4j-core-2.15.0.jar
[11Dec2025 19:46:56.367] [main/DEBUG] [net.minecraftforge.fml.loading.LibraryFinder/CORE]: Found JAR manifest_jar at path /home/benja/.gradle/caches/modules-2/files-2.1/org.apache.logging.log4j/log4j-api/2.15.0/4a5aa7e55a29391c6f66e0b259d5189aa11e45d0/log4j-api-2.15.0.jar
[11Dec2025 19:46:56.367] [main/DEBUG] [net.minecraftforge.fml.loading.LibraryFinder/CORE]: Found JAR manifest_jar at path /home/benja/.gradle/caches/modules-2/files-2.1/net.sf.jopt-simple/jopt-simple/5.0.4/4fdac2fbe92dfad86aa6e9301736f6b4342a3f5c/jopt-simple-5.0.4.jar
[11Dec2025 19:46:56.367] [main/DEBUG] [net.minecraftforge.fml.loading.LibraryFinder/CORE]: Found JAR manifest_jar at path /home/benja/.gradle/caches/modules-2/files-2.1/org.spongepowered/mixin/0.8.4/4ec7d77d9ab32596ca0b78bb123956734767e3a/mixin-0.8.4.jar
[11Dec2025 19:46:56.374] [main/DEBUG] [net.minecraftforge.fml.loading.LibraryFinder/CORE]: Found JAR manifest_jar at path /home/benja/.gradle/caches/modules-2/files-2.1/net.minecraftforge/nashorn-core-compat/15.1.1.1/1817deb38a5a8811148dca0d23161d92bdbd6184/nashorn-core-compat-15.1.1.1.jar
[11Dec2025 19:46:56.375] [main/DEBUG] [net.minecraftforge.fml.loading.LibraryFinder/CORE]: Found JAR manifest_jar at path /home/benja/.gradle/caches/modules-2/files-2.1/com.mojang/patchy/1.3.9/eb8bb7b66fa0e2152b1b40b3856e82f7619439ee/patchy-1.3.9.jar
[11Dec2025 19:46:56.375] [main/DEBUG] [net.minecraftforge.fml.loading.LibraryFinder/CORE]: Found JAR manifest_jar at path /home/benja/.gradle/caches/modules-2/files-2.1/oshi-project/oshi-core/1.1/9ddf7b048a8d701be231c0f4f95fd986198fd2d8/oshi-core-1.1.jar
[11Dec2025 19:46:56.375] [main/DEBUG] [net.minecraftforge.fml.loading.LibraryFinder/CORE]: Found JAR manifest_jar at path /home/benja/.gradle/caches/modules-2/files-2.1/net.java.dev.jna/jna/4.4.0/cb208278274bf12ebdb56c61bd7407e6f774d65a/jna-4.4.0.jar
[11Dec2025 19:46:56.376] [main/DEBUG] [net.minecraftforge.fml.loading.LibraryFinder/CORE]: Found JAR manifest_jar at path /home/benja/.gradle/caches/modules-2/files-2.1/net.java.dev.jna/platform/3.4.0/e3f70017be8100d3d6923f50b3d2ee17714e9c13/platform-3.4.0.jar
[11Dec2025 19:46:56.376] [main/DEBUG] [net.minecraftforge.fml.loading.LibraryFinder/CORE]: Found JAR manifest_jar at path /home/benja/.gradle/caches/modules-2/files-2.1/com.ibm.icu/icu4j/66.1/72c7519b6d91f7a1f993bd44a99fe95d67211b27/icu4j-66.1.jar
[11Dec2025 19:46:56.377] [main/DEBUG] [net.minecraftforge.fml.loading.LibraryFinder/CORE]: Found JAR manifest_jar at path /home/benja/.gradle/caches/modules-2/files-2.1/com.mojang/javabridge/1.0.22/6aa6453aa99a52a5cd91749da1af6ab70e082ab3/javabridge-1.0.22.jar
[11Dec2025 19:46:56.377] [main/DEBUG] [net.minecraftforge.fml.loading.LibraryFinder/CORE]: Found JAR manifest_jar at path /home/benja/.gradle/caches/modules-2/files-2.1/io.netty/netty-all/4.1.25.Final/d0626cd3108294d1d58c05859add27b4ef21f83b/netty-all-4.1.25.Final.jar
[11Dec2025 19:46:56.377] [main/DEBUG] [net.minecraftforge.fml.loading.LibraryFinder/CORE]: Found JAR manifest_jar at path /home/benja/.gradle/caches/modules-2/files-2.1/com.google.guava/guava/21.0/3a3d111be1be1b745edfa7d91678a12d7ed38709/guava-21.0.jar
[11Dec2025 19:46:56.378] [main/DEBUG] [net.minecraftforge.fml.loading.LibraryFinder/CORE]: Found JAR manifest_jar at path /home/benja/.gradle/caches/modules-2/files-2.1/org.apache.commons/commons-lang3/3.8.1/6505a72a097d9270f7a9e7bf42c4238283247755/commons-lang3-3.8.1.jar
[11Dec2025 19:46:56.378] [main/DEBUG] [net.minecraftforge.fml.loading.LibraryFinder/CORE]: Found JAR manifest_jar at path /home/benja/.gradle/caches/modules-2/files-2.1/commons-io/commons-io/2.5/2852e6e05fbb95076fc091f6d1780f1f8fe35e0f/commons-io-2.5.jar
[11Dec2025 19:46:56.379] [main/DEBUG] [net.minecraftforge.fml.loading.LibraryFinder/CORE]: Found JAR manifest_jar at path /home/benja/.gradle/caches/modules-2/files-2.1/org.apache.httpcomponents/httpclient/4.3.3/18f4247ff4572a074444572cee34647c43e7c9c7/httpclient-4.3.3.jar
[11Dec2025 19:46:56.379] [main/DEBUG] [net.minecraftforge.fml.loading.LibraryFinder/CORE]: Found JAR manifest_jar at path /home/benja/.gradle/caches/modules-2/files-2.1/commons-codec/commons-codec/1.10/4b95f4897fa13f2cd904aee711aeafc0c5295cd8/commons-codec-1.10.jar
[11Dec2025 19:46:56.380] [main/DEBUG] [net.minecraftforge.fml.loading.LibraryFinder/CORE]: Found JAR manifest_jar at path /home/benja/.gradle/caches/modules-2/files-2.1/net.java.jinput/jinput/2.0.5/39c7796b469a600f72380316f6b1f11db6c2c7c4/jinput-2.0.5.jar
[11Dec2025 19:46:56.380] [main/DEBUG] [net.minecraftforge.fml.loading.LibraryFinder/CORE]: Found JAR manifest_jar at path /home/benja/.gradle/caches/modules-2/files-2.1/net.java.jutils/jutils/1.0.0/e12fe1fda814bd348c1579329c86943d2cd3c6a6/jutils-1.0.0.jar
[11Dec2025 19:46:56.380] [main/DEBUG] [net.minecraftforge.fml.loading.LibraryFinder/CORE]: Found JAR manifest_jar at path /home/benja/.gradle/caches/modules-2/files-2.1/com.mojang/brigadier/1.0.17/c6b7dc51dd44379cc751b7504816006e9be4b1e6/brigadier-1.0.17.jar
[11Dec2025 19:46:56.381] [main/DEBUG] [net.minecraftforge.fml.loading.LibraryFinder/CORE]: Found JAR manifest_jar at path /home/benja/.gradle/caches/modules-2/files-2.1/com.mojang/datafixerupper/4.0.26/ebd6690f33871ccee9b6132c6480668ee2e35020/datafixerupper-4.0.26.jar
[11Dec2025 19:46:56.381] [main/DEBUG] [net.minecraftforge.fml.loading.LibraryFinder/CORE]: Found JAR manifest_jar at path /home/benja/.gradle/caches/modules-2/files-2.1/com.google.code.gson/gson/2.8.0/c4ba5371a29ac9b2ad6129b1d39ea38750043eff/gson-2.8.0.jar
[11Dec2025 19:46:56.382] [main/DEBUG] [net.minecraftforge.fml.loading.LibraryFinder/CORE]: Found JAR manifest_jar at path /home/benja/.gradle/caches/modules-2/files-2.1/com.mojang/authlib/2.1.28/ad54da276bf59983d02d5ed16fc14541354c71fd/authlib-2.1.28.jar
[11Dec2025 19:46:56.382] [main/DEBUG] [net.minecraftforge.fml.loading.LibraryFinder/CORE]: Found JAR manifest_jar at path /home/benja/.gradle/caches/modules-2/files-2.1/org.apache.commons/commons-compress/1.8.1/a698750c16740fd5b3871425f4cb3bbaa87f529d/commons-compress-1.8.1.jar
[11Dec2025 19:46:56.382] [main/DEBUG] [net.minecraftforge.fml.loading.LibraryFinder/CORE]: Found JAR manifest_jar at path /home/benja/.gradle/caches/modules-2/files-2.1/commons-logging/commons-logging/1.1.3/f6f66e966c70a83ffbdb6f17a0919eaf7c8aca7f/commons-logging-1.1.3.jar
[11Dec2025 19:46:56.383] [main/DEBUG] [net.minecraftforge.fml.loading.LibraryFinder/CORE]: Found JAR manifest_jar at path /home/benja/.gradle/caches/modules-2/files-2.1/org.apache.httpcomponents/httpcore/4.3.2/31fbbff1ddbf98f3aa7377c94d33b0447c646b6e/httpcore-4.3.2.jar
[11Dec2025 19:46:56.383] [main/DEBUG] [net.minecraftforge.fml.loading.LibraryFinder/CORE]: Found JAR manifest_jar at path /home/benja/.gradle/caches/modules-2/files-2.1/it.unimi.dsi/fastutil/8.2.1/5ad88f325e424f8dbc2be5459e21ea5cab3864e9/fastutil-8.2.1.jar
[11Dec2025 19:46:56.384] [main/DEBUG] [net.minecraftforge.fml.loading.LibraryFinder/CORE]: Found JAR manifest_jar at path /home/benja/.gradle/caches/modules-2/files-2.1/org.lwjgl/lwjgl-jemalloc/3.2.2/ee8e57a79300f78294576d87c4a587f8c99402e2/lwjgl-jemalloc-3.2.2.jar
[11Dec2025 19:46:56.384] [main/DEBUG] [net.minecraftforge.fml.loading.LibraryFinder/CORE]: Found JAR manifest_jar at path /home/benja/.gradle/caches/modules-2/files-2.1/org.lwjgl/lwjgl-jemalloc/3.2.2/268c08a150347e04e44ba56e359d62c9b78669df/lwjgl-jemalloc-3.2.2-natives-linux.jar
[11Dec2025 19:46:56.384] [main/DEBUG] [net.minecraftforge.fml.loading.LibraryFinder/CORE]: Found JAR manifest_jar at path /home/benja/.gradle/caches/modules-2/files-2.1/org.lwjgl/lwjgl-openal/3.2.2/2b772a102b0a11ee5f2109a5b136f4dc7c630827/lwjgl-openal-3.2.2.jar
[11Dec2025 19:46:56.385] [main/DEBUG] [net.minecraftforge.fml.loading.LibraryFinder/CORE]: Found JAR manifest_jar at path /home/benja/.gradle/caches/modules-2/files-2.1/org.lwjgl/lwjgl-openal/3.2.2/364f9f5c3947393083ab5f37a571f5603aadd0b/lwjgl-openal-3.2.2-natives-linux.jar
[11Dec2025 19:46:56.385] [main/DEBUG] [net.minecraftforge.fml.loading.LibraryFinder/CORE]: Found JAR manifest_jar at path /home/benja/.gradle/caches/modules-2/files-2.1/org.lwjgl/lwjgl-opengl/3.2.2/6ac5bb88b44c43ea195a570aab059f63da004cd8/lwjgl-opengl-3.2.2.jar
[11Dec2025 19:46:56.385] [main/DEBUG] [net.minecraftforge.fml.loading.LibraryFinder/CORE]: Found JAR manifest_jar at path /home/benja/.gradle/caches/modules-2/files-2.1/org.lwjgl/lwjgl-opengl/3.2.2/338d33387919cb3f4cdba143c2b738a71ccfda60/lwjgl-opengl-3.2.2-natives-linux.jar
[11Dec2025 19:46:56.386] [main/DEBUG] [net.minecraftforge.fml.loading.LibraryFinder/CORE]: Found JAR manifest_jar at path /home/benja/.gradle/caches/modules-2/files-2.1/org.lwjgl/lwjgl-glfw/3.2.2/d3ad4df38e400b8afba1de63f84338809399df5b/lwjgl-glfw-3.2.2.jar
[11Dec2025 19:46:56.386] [main/DEBUG] [net.minecraftforge.fml.loading.LibraryFinder/CORE]: Found JAR manifest_jar at path /home/benja/.gradle/caches/modules-2/files-2.1/org.lwjgl/lwjgl-glfw/3.2.2/957733f26a6661d4883da0335f7ef46d3bbbd7d/lwjgl-glfw-3.2.2-natives-linux.jar
[11Dec2025 19:46:56.386] [main/DEBUG] [net.minecraftforge.fml.loading.LibraryFinder/CORE]: Found JAR manifest_jar at path /home/benja/.gradle/caches/modules-2/files-2.1/org.lwjgl/lwjgl-stb/3.2.2/3b8e6ebc5851dd3d17e37e5cadce2eff2a429f0f/lwjgl-stb-3.2.2.jar
[11Dec2025 19:46:56.387] [main/DEBUG] [net.minecraftforge.fml.loading.LibraryFinder/CORE]: Found JAR manifest_jar at path /home/benja/.gradle/caches/modules-2/files-2.1/org.lwjgl/lwjgl-stb/3.2.2/172c52e586fecf43f759bc4f70a778c01f6fdcc1/lwjgl-stb-3.2.2-natives-linux.jar
[11Dec2025 19:46:56.387] [main/DEBUG] [net.minecraftforge.fml.loading.LibraryFinder/CORE]: Found JAR manifest_jar at path /home/benja/.gradle/caches/modules-2/files-2.1/org.lwjgl/lwjgl-tinyfd/3.2.2/fcbe606c8f8da6f8f9a05e2c540eb1ee8632b0e9/lwjgl-tinyfd-3.2.2.jar
[11Dec2025 19:46:56.387] [main/DEBUG] [net.minecraftforge.fml.loading.LibraryFinder/CORE]: Found JAR manifest_jar at path /home/benja/.gradle/caches/modules-2/files-2.1/org.lwjgl/lwjgl-tinyfd/3.2.2/39e35b161c130635d9c8918ce04e887a30c5b687/lwjgl-tinyfd-3.2.2-natives-linux.jar
[11Dec2025 19:46:56.388] [main/DEBUG] [net.minecraftforge.fml.loading.LibraryFinder/CORE]: Found JAR manifest_jar at path /home/benja/.gradle/caches/modules-2/files-2.1/org.lwjgl/lwjgl/3.2.2/8ad6294407e15780b43e84929c40e4c5e997972e/lwjgl-3.2.2.jar
[11Dec2025 19:46:56.388] [main/DEBUG] [net.minecraftforge.fml.loading.LibraryFinder/CORE]: Found JAR manifest_jar at path /home/benja/.gradle/caches/modules-2/files-2.1/org.lwjgl/lwjgl/3.2.2/ae7976827ca2a3741f6b9a843a89bacd637af350/lwjgl-3.2.2-natives-linux.jar
[11Dec2025 19:46:56.388] [main/DEBUG] [net.minecraftforge.fml.loading.LibraryFinder/CORE]: Found JAR manifest_jar at path /home/benja/.gradle/caches/modules-2/files-2.1/com.mojang/text2speech/1.11.3/f378f889797edd7df8d32272c06ca80a1b6b0f58/text2speech-1.11.3.jar
[11Dec2025 19:46:56.389] [main/DEBUG] [net.minecraftforge.fml.loading.LibraryFinder/CORE]: Found JAR manifest_jar at path /home/benja/.gradle/caches/modules-2/files-2.1/com.mojang/text2speech/1.11.3/ac641755a2a841d1fca9e660194f42523ee5cfe0/text2speech-1.11.3-natives-linux.jar
[11Dec2025 19:46:56.389] [main/DEBUG] [net.minecraftforge.fml.loading.LibraryFinder/CORE]: Found JAR manifest_jar at path /home/benja/.gradle/caches/modules-2/files-2.1/org.codehaus.plexus/plexus-utils/3.2.1/13b015768e0d04849d2794e4c47eb02d01a0de32/plexus-utils-3.2.1.jar
[11Dec2025 19:46:56.389] [main/DEBUG] [net.minecraftforge.fml.loading.LibraryFinder/CORE]: Found JAR manifest_jar at path /home/benja/.gradle/caches/modules-2/files-2.1/org.slf4j/slf4j-api/1.8.0-beta4/83b0359d847ee053d745be7ec0d8e9e8a44304b4/slf4j-api-1.8.0-beta4.jar
[11Dec2025 19:46:56.390] [main/DEBUG] [net.minecraftforge.fml.loading.LibraryFinder/CORE]: Found JAR manifest_jar at path /home/benja/.gradle/caches/modules-2/files-2.1/org.jline/jline-reader/3.12.1/4382ab1382c7b6f379377ed5f665dc2f6e1218bc/jline-reader-3.12.1.jar
[11Dec2025 19:46:56.390] [main/DEBUG] [net.minecraftforge.fml.loading.LibraryFinder/CORE]: Found JAR manifest_jar at path /home/benja/.gradle/caches/modules-2/files-2.1/org.jline/jline-terminal/3.12.1/c777448314e050d980a6b697c140f3bfe9eb7416/jline-terminal-3.12.1.jar
[11Dec2025 19:46:56.393] [main/DEBUG] [net.minecraftforge.fml.loading.moddiscovery.ModListHandler/CORE]: Found mod coordinates from lists: []
[11Dec2025 19:46:56.428] [main/DEBUG] [net.minecraftforge.fml.loading.moddiscovery.ModDiscoverer/CORE]: Found Mod Locators : (userdev classpath:null),(mods folder:null),(maven libs:null),(exploded directory:null),(minecraft:null)
[11Dec2025 19:46:56.450] [main/DEBUG] [net.minecraftforge.fml.loading.moddiscovery.ExplodedDirectoryLocator/LOADING]: Found exploded directory mod manifest at /home/benja/Desktop/Mc_Modding/noitacraft/build/resources/main/META-INF/mods.toml
[11Dec2025 19:46:56.454] [main/DEBUG] [net.minecraftforge.fml.loading.moddiscovery.ModFileParser/LOADING]: Considering mod file candidate /home/benja/.gradle/caches/forge_gradle/minecraft_user_repo/net/minecraftforge/forge/1.16.5-36.2.42_mapped_official_1.16.5/forge-1.16.5-36.2.42_mapped_official_1.16.5.jar
[11Dec2025 19:46:56.503] [main/DEBUG] [net.minecraftforge.fml.loading.moddiscovery.ModFileInfo/LOADING]: Found valid mod file forge-1.16.5-36.2.42_mapped_official_1.16.5.jar with {forge} mods - versions {36.2.42}
[11Dec2025 19:46:56.509] [main/DEBUG] [net.minecraftforge.fml.loading.moddiscovery.ModFile/LOADING]: Loading mod file /home/benja/.gradle/caches/forge_gradle/minecraft_user_repo/net/minecraftforge/forge/1.16.5-36.2.42_mapped_official_1.16.5/forge-1.16.5-36.2.42_mapped_official_1.16.5.jar with language javafml
[11Dec2025 19:46:56.542] [main/DEBUG] [net.minecraftforge.fml.loading.moddiscovery.ModFileParser/LOADING]: Found coremod fieldtomethodtransformers with Javascript path META-INF/fieldtomethodtransformers.js
[11Dec2025 19:46:56.543] [main/DEBUG] [net.minecraftforge.fml.loading.moddiscovery.ModFileParser/LOADING]: Found coremod field_to_instanceof with Javascript path coremods/field_to_instanceof.js
[11Dec2025 19:46:56.543] [main/DEBUG] [net.minecraftforge.fml.loading.moddiscovery.ModFileParser/LOADING]: Found coremod add_bouncer_method with Javascript path coremods/add_bouncer_method.js
[11Dec2025 19:46:56.544] [main/DEBUG] [net.minecraftforge.fml.loading.moddiscovery.ModFile/LOADING]: Found coremod META-INF/fieldtomethodtransformers.js
[11Dec2025 19:46:56.544] [main/DEBUG] [net.minecraftforge.fml.loading.moddiscovery.ModFile/LOADING]: Found coremod coremods/field_to_instanceof.js
[11Dec2025 19:46:56.544] [main/DEBUG] [net.minecraftforge.fml.loading.moddiscovery.ModFile/LOADING]: Found coremod coremods/add_bouncer_method.js
[11Dec2025 19:46:56.544] [main/DEBUG] [net.minecraftforge.fml.loading.moddiscovery.ModFileParser/LOADING]: Considering mod file candidate /home/benja/Desktop/Mc_Modding/noitacraft/build/resources/main
[11Dec2025 19:46:56.550] [main/DEBUG] [net.minecraftforge.fml.loading.moddiscovery.ModFileInfo/LOADING]: Found valid mod file main with {noitacraft} mods - versions {1.0-SNAPSHOT}
[11Dec2025 19:46:56.551] [main/DEBUG] [net.minecraftforge.fml.loading.moddiscovery.ModFile/LOADING]: Loading mod file /home/benja/Desktop/Mc_Modding/noitacraft/build/resources/main with language javafml
[11Dec2025 19:46:56.552] [main/DEBUG] [net.minecraftforge.fml.loading.moddiscovery.ModFileParser/LOADING]: Considering mod file candidate /home/benja/.gradle/caches/forge_gradle/minecraft_repo/versions/1.16.5/client-extra.jar
[11Dec2025 19:46:56.555] [main/DEBUG] [net.minecraftforge.fml.loading.moddiscovery.ModFileInfo/LOADING]: Found valid mod file client-extra.jar with {minecraft} mods - versions {1.16.5}
[11Dec2025 19:46:56.629] [main/DEBUG] [net.minecraftforge.fml.loading.moddiscovery.ModFile/LOADING]: Loading mod file /home/benja/.gradle/caches/forge_gradle/minecraft_repo/versions/1.16.5/client-extra.jar with language minecraft
[11Dec2025 19:46:56.642] [main/DEBUG] [net.minecraftforge.fml.loading.ModSorter/LOADING]: Found 2 mod requirements (2 mandatory, 0 optional)
[11Dec2025 19:46:56.643] [main/DEBUG] [net.minecraftforge.fml.loading.ModSorter/LOADING]: Found 0 mod requirements missing (0 mandatory, 0 optional)
[11Dec2025 19:46:57.214] [main/DEBUG] [net.minecraftforge.userdev.MCPNamingService/CORE]: Loaded 23212 method mappings from methods.csv
[11Dec2025 19:46:57.267] [main/DEBUG] [net.minecraftforge.userdev.MCPNamingService/CORE]: Loaded 19841 field mappings from fields.csv
[11Dec2025 19:46:57.301] [main/DEBUG] [cpw.mods.modlauncher.TransformationServiceDecorator/MODLAUNCHER]: End scan trigger - transformation service fml
[11Dec2025 19:46:57.302] [main/DEBUG] [cpw.mods.modlauncher.TransformationServicesHandler/MODLAUNCHER]: Transformation services loading transformers
[11Dec2025 19:46:57.306] [main/DEBUG] [cpw.mods.modlauncher.TransformationServiceDecorator/MODLAUNCHER]: Initializing transformers for transformation service mixin
[11Dec2025 19:46:57.307] [main/DEBUG] [cpw.mods.modlauncher.TransformationServiceDecorator/MODLAUNCHER]: Initialized transformers for transformation service mixin
[11Dec2025 19:46:57.308] [main/DEBUG] [cpw.mods.modlauncher.TransformationServiceDecorator/MODLAUNCHER]: Initializing transformers for transformation service fml
[11Dec2025 19:46:57.308] [main/DEBUG] [net.minecraftforge.fml.loading.FMLServiceProvider/CORE]: Loading coremod transformers
[11Dec2025 19:46:57.309] [main/DEBUG] [net.minecraftforge.coremod.CoreModEngine/COREMOD]: Loading CoreMod from META-INF/fieldtomethodtransformers.js
[11Dec2025 19:46:57.561] [main/DEBUG] [net.minecraftforge.coremod.CoreModEngine/COREMOD]: CoreMod loaded successfully
[11Dec2025 19:46:57.561] [main/DEBUG] [net.minecraftforge.coremod.CoreModEngine/COREMOD]: Loading CoreMod from coremods/field_to_instanceof.js
[11Dec2025 19:46:57.738] [main/DEBUG] [net.minecraftforge.coremod.CoreModEngine/COREMOD]: CoreMod loaded successfully
[11Dec2025 19:46:57.739] [main/DEBUG] [net.minecraftforge.coremod.CoreModEngine/COREMOD]: Loading CoreMod from coremods/add_bouncer_method.js
[11Dec2025 19:46:57.813] [main/DEBUG] [net.minecraftforge.coremod.CoreModEngine/COREMOD]: CoreMod loaded successfully
[11Dec2025 19:46:57.826] [main/DEBUG] [cpw.mods.modlauncher.TransformStore/MODLAUNCHER]: Adding transformer net.minecraftforge.coremod.transformer.CoreModClassTransformer@79b2852b to Target : CLASS {Lnet/minecraft/potion/EffectInstance;} {} {V}
[11Dec2025 19:46:57.828] [main/DEBUG] [cpw.mods.modlauncher.TransformStore/MODLAUNCHER]: Adding transformer net.minecraftforge.coremod.transformer.CoreModClassTransformer@661d88a to Target : CLASS {Lnet/minecraft/block/FlowingFluidBlock;} {} {V}
[11Dec2025 19:46:57.828] [main/DEBUG] [cpw.mods.modlauncher.TransformStore/MODLAUNCHER]: Adding transformer net.minecraftforge.coremod.transformer.CoreModClassTransformer@4b0b64cc to Target : CLASS {Lnet/minecraft/item/BucketItem;} {} {V}
[11Dec2025 19:46:57.829] [main/DEBUG] [cpw.mods.modlauncher.TransformStore/MODLAUNCHER]: Adding transformer net.minecraftforge.coremod.transformer.CoreModClassTransformer@59ce792e to Target : CLASS {Lnet/minecraft/block/StairsBlock;} {} {V}
[11Dec2025 19:46:57.829] [main/DEBUG] [cpw.mods.modlauncher.TransformStore/MODLAUNCHER]: Adding transformer net.minecraftforge.coremod.transformer.CoreModClassTransformer@4860827a to Target : CLASS {Lnet/minecraft/block/FlowerPotBlock;} {} {V}
[11Dec2025 19:46:57.829] [main/DEBUG] [cpw.mods.modlauncher.TransformStore/MODLAUNCHER]: Adding transformer net.minecraftforge.coremod.transformer.CoreModClassTransformer@404db674 to Target : CLASS {Lnet/minecraft/item/FishBucketItem;} {} {V}
[11Dec2025 19:46:57.830] [main/DEBUG] [cpw.mods.modlauncher.TransformStore/MODLAUNCHER]: Adding transformer net.minecraftforge.coremod.transformer.CoreModClassTransformer@50f097b5 to Target : CLASS {Lnet/minecraft/item/ItemStack;} {} {V}
[11Dec2025 19:46:57.830] [main/DEBUG] [cpw.mods.modlauncher.TransformStore/MODLAUNCHER]: Adding transformer net.minecraftforge.coremod.transformer.CoreModClassTransformer@7add838c to Target : CLASS {Lnet/minecraft/network/play/client/CClientSettingsPacket;} {} {V}
[11Dec2025 19:46:57.830] [main/DEBUG] [cpw.mods.modlauncher.TransformStore/MODLAUNCHER]: Adding transformer net.minecraftforge.coremod.transformer.CoreModClassTransformer@3662bdff to Target : CLASS {Lnet/minecraft/util/math/vector/TransformationMatrix;} {} {V}
[11Dec2025 19:46:57.830] [main/DEBUG] [cpw.mods.modlauncher.TransformStore/MODLAUNCHER]: Adding transformer net.minecraftforge.coremod.transformer.CoreModClassTransformer@1bb15351 to Target : CLASS {Lnet/minecraft/util/math/vector/TransformationMatrix;} {} {V}
[11Dec2025 19:46:57.831] [main/DEBUG] [cpw.mods.modlauncher.TransformStore/MODLAUNCHER]: Adding transformer net.minecraftforge.coremod.transformer.CoreModMethodTransformer@597f0937 to Target : METHOD {Lnet/minecraft/client/entity/player/AbstractClientPlayerEntity;} {getFieldOfViewModifier} {()F}
[11Dec2025 19:46:57.831] [main/DEBUG] [cpw.mods.modlauncher.TransformStore/MODLAUNCHER]: Adding transformer net.minecraftforge.coremod.transformer.CoreModMethodTransformer@7ad1caa2 to Target : METHOD {Lnet/minecraft/client/renderer/FirstPersonRenderer;} {renderHandsWithItems} {(FLcom/mojang/blaze3d/matrix/MatrixStack;Lnet/minecraft/client/renderer/IRenderTypeBuffer$Impl;Lnet/minecraft/client/entity/player/ClientPlayerEntity;I)V}
[11Dec2025 19:46:57.831] [main/DEBUG] [cpw.mods.modlauncher.TransformStore/MODLAUNCHER]: Adding transformer net.minecraftforge.coremod.transformer.CoreModMethodTransformer@6b6b3572 to Target : METHOD {Lnet/minecraft/client/renderer/entity/model/SkeletonModel;} {prepareMobModel} {(Lnet/minecraft/entity/MobEntity;FFF)V}
[11Dec2025 19:46:57.832] [main/DEBUG] [cpw.mods.modlauncher.TransformStore/MODLAUNCHER]: Adding transformer net.minecraftforge.coremod.transformer.CoreModMethodTransformer@65d8dff8 to Target : METHOD {Lnet/minecraft/client/renderer/entity/model/SkeletonModel;} {setupAnim} {(Lnet/minecraft/entity/MobEntity;FFFFF)V}
[11Dec2025 19:46:57.832] [main/DEBUG] [cpw.mods.modlauncher.TransformStore/MODLAUNCHER]: Adding transformer net.minecraftforge.coremod.transformer.CoreModMethodTransformer@444f44c5 to Target : METHOD {Lnet/minecraft/entity/monster/AbstractSkeletonEntity;} {canFireProjectileWeapon} {(Lnet/minecraft/item/ShootableItem;)Z}
[11Dec2025 19:46:57.832] [main/DEBUG] [cpw.mods.modlauncher.TransformStore/MODLAUNCHER]: Adding transformer net.minecraftforge.coremod.transformer.CoreModMethodTransformer@303f1234 to Target : METHOD {Lnet/minecraft/entity/monster/AbstractSkeletonEntity;} {reassessWeaponGoal} {()V}
[11Dec2025 19:46:57.833] [main/DEBUG] [cpw.mods.modlauncher.TransformStore/MODLAUNCHER]: Adding transformer net.minecraftforge.coremod.transformer.CoreModMethodTransformer@24d61e4 to Target : METHOD {Lnet/minecraft/client/renderer/FirstPersonRenderer;} {renderHandsWithItems} {(FLcom/mojang/blaze3d/matrix/MatrixStack;Lnet/minecraft/client/renderer/IRenderTypeBuffer$Impl;Lnet/minecraft/client/entity/player/ClientPlayerEntity;I)V}
[11Dec2025 19:46:57.833] [main/DEBUG] [cpw.mods.modlauncher.TransformStore/MODLAUNCHER]: Adding transformer net.minecraftforge.coremod.transformer.CoreModMethodTransformer@2149594a to Target : METHOD {Lnet/minecraft/client/renderer/FirstPersonRenderer;} {renderArmWithItem} {(Lnet/minecraft/client/entity/player/AbstractClientPlayerEntity;FFLnet/minecraft/util/Hand;FLnet/minecraft/item/ItemStack;FLcom/mojang/blaze3d/matrix/MatrixStack;Lnet/minecraft/client/renderer/IRenderTypeBuffer;I)V}
[11Dec2025 19:46:57.833] [main/DEBUG] [cpw.mods.modlauncher.TransformStore/MODLAUNCHER]: Adding transformer net.minecraftforge.coremod.transformer.CoreModMethodTransformer@1f1e58ca to Target : METHOD {Lnet/minecraft/client/renderer/entity/PlayerRenderer;} {getArmPose} {(Lnet/minecraft/client/entity/player/AbstractClientPlayerEntity;Lnet/minecraft/util/Hand;)Lnet/minecraft/client/renderer/entity/model/BipedModel$ArmPose;}
[11Dec2025 19:46:57.833] [main/DEBUG] [cpw.mods.modlauncher.TransformStore/MODLAUNCHER]: Adding transformer net.minecraftforge.coremod.transformer.CoreModMethodTransformer@57f847af to Target : METHOD {Lnet/minecraft/entity/monster/PillagerEntity;} {canFireProjectileWeapon} {(Lnet/minecraft/item/ShootableItem;)Z}
[11Dec2025 19:46:57.834] [main/DEBUG] [cpw.mods.modlauncher.TransformStore/MODLAUNCHER]: Adding transformer net.minecraftforge.coremod.transformer.CoreModMethodTransformer@3ed34ef5 to Target : METHOD {Lnet/minecraft/entity/monster/PillagerEntity;} {enchantSpawnedWeapon} {(F)V}
[11Dec2025 19:46:57.834] [main/DEBUG] [cpw.mods.modlauncher.TransformStore/MODLAUNCHER]: Adding transformer net.minecraftforge.coremod.transformer.CoreModMethodTransformer@553bc36c to Target : METHOD {Lnet/minecraft/entity/monster/piglin/PiglinEntity;} {canReplaceCurrentItem} {(Lnet/minecraft/item/ItemStack;Lnet/minecraft/item/ItemStack;)Z}
[11Dec2025 19:46:57.834] [main/DEBUG] [cpw.mods.modlauncher.TransformStore/MODLAUNCHER]: Adding transformer net.minecraftforge.coremod.transformer.CoreModMethodTransformer@380e1909 to Target : METHOD {Lnet/minecraft/entity/monster/piglin/PiglinEntity;} {canFireProjectileWeapon} {(Lnet/minecraft/item/ShootableItem;)Z}
[11Dec2025 19:46:57.834] [main/DEBUG] [cpw.mods.modlauncher.TransformStore/MODLAUNCHER]: Adding transformer net.minecraftforge.coremod.transformer.CoreModMethodTransformer@2d5ef498 to Target : METHOD {Lnet/minecraft/item/CrossbowItem;} {getShootingPower} {(Lnet/minecraft/item/ItemStack;)F}
[11Dec2025 19:46:57.835] [main/DEBUG] [cpw.mods.modlauncher.TransformStore/MODLAUNCHER]: Adding transformer net.minecraftforge.coremod.transformer.CoreModMethodTransformer@95eb320 to Target : METHOD {Lnet/minecraft/item/Item;} {useOnRelease} {(Lnet/minecraft/item/ItemStack;)Z}
[11Dec2025 19:46:57.835] [main/DEBUG] [cpw.mods.modlauncher.TransformStore/MODLAUNCHER]: Adding transformer net.minecraftforge.coremod.transformer.CoreModMethodTransformer@2f521c4 to Target : METHOD {Lnet/minecraft/client/renderer/FirstPersonRenderer;} {renderArmWithItem} {(Lnet/minecraft/client/entity/player/AbstractClientPlayerEntity;FFLnet/minecraft/util/Hand;FLnet/minecraft/item/ItemStack;FLcom/mojang/blaze3d/matrix/MatrixStack;Lnet/minecraft/client/renderer/IRenderTypeBuffer;I)V}
[11Dec2025 19:46:57.835] [main/DEBUG] [cpw.mods.modlauncher.TransformStore/MODLAUNCHER]: Adding transformer net.minecraftforge.coremod.transformer.CoreModMethodTransformer@4afbb6c2 to Target : METHOD {Lnet/minecraft/entity/item/ItemFrameEntity;} {removeFramedMap} {(Lnet/minecraft/item/ItemStack;)V}
[11Dec2025 19:46:57.836] [main/DEBUG] [cpw.mods.modlauncher.TransformStore/MODLAUNCHER]: Adding transformer net.minecraftforge.coremod.transformer.CoreModMethodTransformer@10db6131 to Target : METHOD {Lnet/minecraft/inventory/container/CartographyContainer$3;} {mayPlace} {(Lnet/minecraft/item/ItemStack;)Z}
[11Dec2025 19:46:57.836] [main/DEBUG] [cpw.mods.modlauncher.TransformStore/MODLAUNCHER]: Adding transformer net.minecraftforge.coremod.transformer.CoreModMethodTransformer@6c6017b9 to Target : METHOD {Lnet/minecraft/inventory/container/CartographyContainer;} {quickMoveStack} {(Lnet/minecraft/entity/player/PlayerEntity;I)Lnet/minecraft/item/ItemStack;}
[11Dec2025 19:46:57.836] [main/DEBUG] [cpw.mods.modlauncher.TransformStore/MODLAUNCHER]: Adding transformer net.minecraftforge.coremod.transformer.CoreModMethodTransformer@4730e0f0 to Target : METHOD {Lnet/minecraft/item/ItemStack;} {getTooltipLines} {(Lnet/minecraft/entity/player/PlayerEntity;Lnet/minecraft/client/util/ITooltipFlag;)Ljava/util/List;}
[11Dec2025 19:46:57.837] [main/DEBUG] [cpw.mods.modlauncher.TransformStore/MODLAUNCHER]: Adding transformer net.minecraftforge.coremod.transformer.CoreModMethodTransformer@506a1372 to Target : METHOD {Lnet/minecraft/client/renderer/entity/FishRenderer;} {render} {(Lnet/minecraft/entity/projectile/FishingBobberEntity;FFLcom/mojang/blaze3d/matrix/MatrixStack;Lnet/minecraft/client/renderer/IRenderTypeBuffer;I)V}
[11Dec2025 19:46:57.837] [main/DEBUG] [cpw.mods.modlauncher.TransformStore/MODLAUNCHER]: Adding transformer net.minecraftforge.coremod.transformer.CoreModMethodTransformer@1b7332a7 to Target : METHOD {Lnet/minecraft/entity/projectile/FishingBobberEntity;} {shouldStopFishing} {(Lnet/minecraft/entity/player/PlayerEntity;)Z}
[11Dec2025 19:46:57.837] [main/DEBUG] [cpw.mods.modlauncher.TransformStore/MODLAUNCHER]: Adding transformer net.minecraftforge.coremod.transformer.CoreModMethodTransformer@77c233af to Target : METHOD {Lnet/minecraft/block/BeehiveBlock;} {use} {(Lnet/minecraft/block/BlockState;Lnet/minecraft/world/World;Lnet/minecraft/util/math/BlockPos;Lnet/minecraft/entity/player/PlayerEntity;Lnet/minecraft/util/Hand;Lnet/minecraft/util/math/BlockRayTraceResult;)Lnet/minecraft/util/ActionResultType;}
[11Dec2025 19:46:57.837] [main/DEBUG] [cpw.mods.modlauncher.TransformStore/MODLAUNCHER]: Adding transformer net.minecraftforge.coremod.transformer.CoreModMethodTransformer@37b56ac7 to Target : METHOD {Lnet/minecraft/block/PumpkinBlock;} {use} {(Lnet/minecraft/block/BlockState;Lnet/minecraft/world/World;Lnet/minecraft/util/math/BlockPos;Lnet/minecraft/entity/player/PlayerEntity;Lnet/minecraft/util/Hand;Lnet/minecraft/util/math/BlockRayTraceResult;)Lnet/minecraft/util/ActionResultType;}
[11Dec2025 19:46:57.838] [main/DEBUG] [cpw.mods.modlauncher.TransformStore/MODLAUNCHER]: Adding transformer net.minecraftforge.coremod.transformer.CoreModMethodTransformer@37c41ec0 to Target : METHOD {Lnet/minecraft/block/TripWireBlock;} {playerWillDestroy} {(Lnet/minecraft/world/World;Lnet/minecraft/util/math/BlockPos;Lnet/minecraft/block/BlockState;Lnet/minecraft/entity/player/PlayerEntity;)V}
[11Dec2025 19:46:57.838] [main/DEBUG] [cpw.mods.modlauncher.TransformStore/MODLAUNCHER]: Adding transformer net.minecraftforge.coremod.transformer.CoreModMethodTransformer@35a0e495 to Target : METHOD {Lnet/minecraft/enchantment/EfficiencyEnchantment;} {canEnchant} {(Lnet/minecraft/item/ItemStack;)Z}
[11Dec2025 19:46:57.838] [main/DEBUG] [cpw.mods.modlauncher.TransformStore/MODLAUNCHER]: Adding transformer net.minecraftforge.coremod.transformer.CoreModMethodTransformer@5399f6c5 to Target : METHOD {Lnet/minecraft/entity/passive/MooshroomEntity;} {mobInteract} {(Lnet/minecraft/entity/player/PlayerEntity;Lnet/minecraft/util/Hand;)Lnet/minecraft/util/ActionResultType;}
[11Dec2025 19:46:57.838] [main/DEBUG] [cpw.mods.modlauncher.TransformStore/MODLAUNCHER]: Adding transformer net.minecraftforge.coremod.transformer.CoreModMethodTransformer@4fe64d23 to Target : METHOD {Lnet/minecraft/entity/passive/SheepEntity;} {mobInteract} {(Lnet/minecraft/entity/player/PlayerEntity;Lnet/minecraft/util/Hand;)Lnet/minecraft/util/ActionResultType;}
[11Dec2025 19:46:57.839] [main/DEBUG] [cpw.mods.modlauncher.TransformStore/MODLAUNCHER]: Adding transformer net.minecraftforge.coremod.transformer.CoreModMethodTransformer@58437801 to Target : METHOD {Lnet/minecraft/entity/passive/SnowGolemEntity;} {mobInteract} {(Lnet/minecraft/entity/player/PlayerEntity;Lnet/minecraft/util/Hand;)Lnet/minecraft/util/ActionResultType;}
[11Dec2025 19:46:57.839] [main/DEBUG] [cpw.mods.modlauncher.TransformationServiceDecorator/MODLAUNCHER]: Initialized transformers for transformation service fml
[11Dec2025 19:46:57.877] [main/DEBUG] [mixin/]: Processing prepare() for PlatformAgent[MixinPlatformAgentDefault:ModLauncher Root Container(ModLauncher:4f56a0a2)]
[11Dec2025 19:46:57.878] [main/DEBUG] [mixin/]: Registering mixin config: noitacraft.mixins.json
[11Dec2025 19:46:57.898] [main/DEBUG] [mixin/]: Processing launch tasks for PlatformAgent[MixinPlatformAgentDefault:ModLauncher Root Container(ModLauncher:4f56a0a2)]
[11Dec2025 19:46:57.899] [main/DEBUG] [mixin/]: Adding mixin platform agents for container ContainerHandleModLauncher.Resource(client-extra.jar:/home/benja/.gradle/caches/forge_gradle/minecraft_repo/versions/1.16.5/client-extra.jar)
[11Dec2025 19:46:57.899] [main/DEBUG] [mixin/]: Instancing new MixinPlatformAgentMinecraftForge for ContainerHandleModLauncher.Resource(client-extra.jar:/home/benja/.gradle/caches/forge_gradle/minecraft_repo/versions/1.16.5/client-extra.jar)
[11Dec2025 19:46:57.900] [main/DEBUG] [mixin/]: MixinPlatformAgentMinecraftForge rejected container ContainerHandleModLauncher.Resource(client-extra.jar:/home/benja/.gradle/caches/forge_gradle/minecraft_repo/versions/1.16.5/client-extra.jar)
[11Dec2025 19:46:57.900] [main/DEBUG] [mixin/]: Instancing new MixinPlatformAgentDefault for ContainerHandleModLauncher.Resource(client-extra.jar:/home/benja/.gradle/caches/forge_gradle/minecraft_repo/versions/1.16.5/client-extra.jar)
[11Dec2025 19:46:57.900] [main/DEBUG] [mixin/]: MixinPlatformAgentDefault accepted container ContainerHandleModLauncher.Resource(client-extra.jar:/home/benja/.gradle/caches/forge_gradle/minecraft_repo/versions/1.16.5/client-extra.jar)
[11Dec2025 19:46:57.900] [main/DEBUG] [mixin/]: Processing prepare() for PlatformAgent[MixinPlatformAgentDefault:ContainerHandleModLauncher.Resource(client-extra.jar:/home/benja/.gradle/caches/forge_gradle/minecraft_repo/versions/1.16.5/client-extra.jar)]
[11Dec2025 19:46:57.900] [main/DEBUG] [mixin/]: Adding mixin platform agents for container ContainerHandleModLauncher.Resource(forge-1.16.5-36.2.42_mapped_official_1.16.5.jar:/home/benja/.gradle/caches/forge_gradle/minecraft_user_repo/net/minecraftforge/forge/1.16.5-36.2.42_mapped_official_1.16.5/forge-1.16.5-36.2.42_mapped_official_1.16.5.jar)
[11Dec2025 19:46:57.900] [main/DEBUG] [mixin/]: Instancing new MixinPlatformAgentMinecraftForge for ContainerHandleModLauncher.Resource(forge-1.16.5-36.2.42_mapped_official_1.16.5.jar:/home/benja/.gradle/caches/forge_gradle/minecraft_user_repo/net/minecraftforge/forge/1.16.5-36.2.42_mapped_official_1.16.5/forge-1.16.5-36.2.42_mapped_official_1.16.5.jar)
[11Dec2025 19:46:57.900] [main/DEBUG] [mixin/]: MixinPlatformAgentMinecraftForge rejected container ContainerHandleModLauncher.Resource(forge-1.16.5-36.2.42_mapped_official_1.16.5.jar:/home/benja/.gradle/caches/forge_gradle/minecraft_user_repo/net/minecraftforge/forge/1.16.5-36.2.42_mapped_official_1.16.5/forge-1.16.5-36.2.42_mapped_official_1.16.5.jar)
[11Dec2025 19:46:57.901] [main/DEBUG] [mixin/]: Instancing new MixinPlatformAgentDefault for ContainerHandleModLauncher.Resource(forge-1.16.5-36.2.42_mapped_official_1.16.5.jar:/home/benja/.gradle/caches/forge_gradle/minecraft_user_repo/net/minecraftforge/forge/1.16.5-36.2.42_mapped_official_1.16.5/forge-1.16.5-36.2.42_mapped_official_1.16.5.jar)
[11Dec2025 19:46:57.901] [main/DEBUG] [mixin/]: MixinPlatformAgentDefault accepted container ContainerHandleModLauncher.Resource(forge-1.16.5-36.2.42_mapped_official_1.16.5.jar:/home/benja/.gradle/caches/forge_gradle/minecraft_user_repo/net/minecraftforge/forge/1.16.5-36.2.42_mapped_official_1.16.5/forge-1.16.5-36.2.42_mapped_official_1.16.5.jar)
[11Dec2025 19:46:57.901] [main/DEBUG] [mixin/]: Processing prepare() for PlatformAgent[MixinPlatformAgentDefault:ContainerHandleModLauncher.Resource(forge-1.16.5-36.2.42_mapped_official_1.16.5.jar:/home/benja/.gradle/caches/forge_gradle/minecraft_user_repo/net/minecraftforge/forge/1.16.5-36.2.42_mapped_official_1.16.5/forge-1.16.5-36.2.42_mapped_official_1.16.5.jar)]
[11Dec2025 19:46:57.901] [main/DEBUG] [mixin/]: Adding mixin platform agents for container ContainerHandleModLauncher.Resource(main:/home/benja/Desktop/Mc_Modding/noitacraft/build/resources/main)
[11Dec2025 19:46:57.901] [main/DEBUG] [mixin/]: Instancing new MixinPlatformAgentMinecraftForge for ContainerHandleModLauncher.Resource(main:/home/benja/Desktop/Mc_Modding/noitacraft/build/resources/main)
[11Dec2025 19:46:57.902] [main/DEBUG] [mixin/]: MixinPlatformAgentMinecraftForge rejected container ContainerHandleModLauncher.Resource(main:/home/benja/Desktop/Mc_Modding/noitacraft/build/resources/main)
[11Dec2025 19:46:57.902] [main/DEBUG] [mixin/]: Instancing new MixinPlatformAgentDefault for ContainerHandleModLauncher.Resource(main:/home/benja/Desktop/Mc_Modding/noitacraft/build/resources/main)
[11Dec2025 19:46:57.902] [main/DEBUG] [mixin/]: MixinPlatformAgentDefault accepted container ContainerHandleModLauncher.Resource(main:/home/benja/Desktop/Mc_Modding/noitacraft/build/resources/main)
[11Dec2025 19:46:57.902] [main/DEBUG] [mixin/]: Processing prepare() for PlatformAgent[MixinPlatformAgentDefault:ContainerHandleModLauncher.Resource(main:/home/benja/Desktop/Mc_Modding/noitacraft/build/resources/main)]
[11Dec2025 19:46:57.903] [main/DEBUG] [mixin/]: inject() running with 4 agents
[11Dec2025 19:46:57.903] [main/DEBUG] [mixin/]: Processing inject() for PlatformAgent[MixinPlatformAgentDefault:ModLauncher Root Container(ModLauncher:4f56a0a2)]
[11Dec2025 19:46:57.903] [main/DEBUG] [mixin/]: Processing inject() for PlatformAgent[MixinPlatformAgentDefault:ContainerHandleModLauncher.Resource(client-extra.jar:/home/benja/.gradle/caches/forge_gradle/minecraft_repo/versions/1.16.5/client-extra.jar)]
[11Dec2025 19:46:57.903] [main/DEBUG] [mixin/]: Processing inject() for PlatformAgent[MixinPlatformAgentDefault:ContainerHandleModLauncher.Resource(forge-1.16.5-36.2.42_mapped_official_1.16.5.jar:/home/benja/.gradle/caches/forge_gradle/minecraft_user_repo/net/minecraftforge/forge/1.16.5-36.2.42_mapped_official_1.16.5/forge-1.16.5-36.2.42_mapped_official_1.16.5.jar)]
[11Dec2025 19:46:57.903] [main/DEBUG] [mixin/]: Processing inject() for PlatformAgent[MixinPlatformAgentDefault:ContainerHandleModLauncher.Resource(main:/home/benja/Desktop/Mc_Modding/noitacraft/build/resources/main)]
[11Dec2025 19:46:57.904] [main/INFO] [cpw.mods.modlauncher.LaunchServiceHandler/MODLAUNCHER]: Launching target 'fmluserdevclient' with arguments [--version, MOD_DEV, --gameDir, ., --assetsDir, /home/benja/.local/share/PrismLauncher/assets, --assetIndex, 1.16, --username, Dev, --accessToken, ❄❄❄❄❄❄❄❄, --userProperties, {}]
[11Dec2025 19:46:57.905] [main/DEBUG] [net.minecraftforge.userdev.FMLUserdevClientLaunchProvider/CORE]: Launching minecraft in cpw.mods.modlauncher.TransformingClassLoader@63cd2cd2 with arguments [--version, MOD_DEV, --gameDir, ., --assetsDir, /home/benja/.local/share/PrismLauncher/assets, --assetIndex, 1.16, --username, Dev, --accessToken, DONT_CRASH, --userProperties, {}]
[11Dec2025 19:46:57.951] [main/DEBUG] [mixin/]: Error cleaning class output directory: .mixin.out
[11Dec2025 19:46:57.958] [main/DEBUG] [mixin/]: Preparing mixins for MixinEnvironment[DEFAULT]
[11Dec2025 19:46:57.959] [main/DEBUG] [mixin/]: Selecting config noitacraft.mixins.json
[11Dec2025 19:46:57.980] [main/WARN] [mixin/]: Reference map 'noitacraft.refmap.json' for noitacraft.mixins.json could not be read. If this is a development environment you can ignore this message
[11Dec2025 19:46:57.981] [main/DEBUG] [mixin/]: Preparing noitacraft.mixins.json (0)
[11Dec2025 19:46:58.287] [main/DEBUG] [io.netty.util.internal.logging.InternalLoggerFactory/]: Using SLF4J as the default logging framework
[11Dec2025 19:46:58.289] [main/DEBUG] [io.netty.util.ResourceLeakDetector/]: -Dio.netty.leakDetection.level: simple
[11Dec2025 19:46:58.289] [main/DEBUG] [io.netty.util.ResourceLeakDetector/]: -Dio.netty.leakDetection.targetRecords: 4
[11Dec2025 19:46:58.596] [pool-3-thread-1/DEBUG] [net.minecraftforge.coremod.transformer.CoreModBaseTransformer/COREMOD]: Transforming useOnRelease with desc (Lnet/minecraft/item/ItemStack;)Z
[11Dec2025 19:46:58.862] [pool-3-thread-1/DEBUG] [net.minecraftforge.coremod.transformer.CoreModBaseTransformer/COREMOD]: Transforming net/minecraft/block/FlowingFluidBlock
[11Dec2025 19:46:58.916] [pool-3-thread-1/DEBUG] [net.minecraftforge.coremod.transformer.CoreModBaseTransformer/COREMOD]: Transforming net/minecraft/block/StairsBlock
[11Dec2025 19:46:58.968] [pool-3-thread-1/DEBUG] [net.minecraftforge.coremod.transformer.CoreModBaseTransformer/COREMOD]: Transforming use with desc (Lnet/minecraft/block/BlockState;Lnet/minecraft/world/World;Lnet/minecraft/util/math/BlockPos;Lnet/minecraft/entity/player/PlayerEntity;Lnet/minecraft/util/Hand;Lnet/minecraft/util/math/BlockRayTraceResult;)Lnet/minecraft/util/ActionResultType;
[11Dec2025 19:46:59.033] [pool-3-thread-1/DEBUG] [net.minecraftforge.coremod.transformer.CoreModBaseTransformer/COREMOD]: Transforming playerWillDestroy with desc (Lnet/minecraft/world/World;Lnet/minecraft/util/math/BlockPos;Lnet/minecraft/block/BlockState;Lnet/minecraft/entity/player/PlayerEntity;)V
[11Dec2025 19:46:59.046] [pool-3-thread-1/DEBUG] [net.minecraftforge.coremod.transformer.CoreModBaseTransformer/COREMOD]: Transforming net/minecraft/block/FlowerPotBlock
[11Dec2025 19:46:59.126] [pool-3-thread-1/DEBUG] [net.minecraftforge.coremod.transformer.CoreModBaseTransformer/COREMOD]: Transforming use with desc (Lnet/minecraft/block/BlockState;Lnet/minecraft/world/World;Lnet/minecraft/util/math/BlockPos;Lnet/minecraft/entity/player/PlayerEntity;Lnet/minecraft/util/Hand;Lnet/minecraft/util/math/BlockRayTraceResult;)Lnet/minecraft/util/ActionResultType;
[11Dec2025 19:46:59.933] [pool-3-thread-1/DEBUG] [net.minecraftforge.coremod.transformer.CoreModBaseTransformer/COREMOD]: Transforming mobInteract with desc (Lnet/minecraft/entity/player/PlayerEntity;Lnet/minecraft/util/Hand;)Lnet/minecraft/util/ActionResultType;
[11Dec2025 19:47:00.504] [pool-3-thread-1/DEBUG] [net.minecraftforge.coremod.transformer.CoreModBaseTransformer/COREMOD]: Transforming quickMoveStack with desc (Lnet/minecraft/entity/player/PlayerEntity;I)Lnet/minecraft/item/ItemStack;
[11Dec2025 19:47:01.490] [pool-3-thread-1/DEBUG] [net.minecraftforge.coremod.transformer.CoreModBaseTransformer/COREMOD]: Transforming getTooltipLines with desc (Lnet/minecraft/entity/player/PlayerEntity;Lnet/minecraft/client/util/ITooltipFlag;)Ljava/util/List;
[11Dec2025 19:47:01.584] [pool-3-thread-1/DEBUG] [net.minecraftforge.coremod.transformer.CoreModBaseTransformer/COREMOD]: Transforming net/minecraft/item/ItemStack
[11Dec2025 19:47:01.609] [pool-3-thread-1/DEBUG] [net.minecraftforge.coremod.transformer.CoreModBaseTransformer/COREMOD]: Transforming removeFramedMap with desc (Lnet/minecraft/item/ItemStack;)V
[11Dec2025 19:47:01.657] [pool-3-thread-1/DEBUG] [net.minecraftforge.coremod.transformer.CoreModBaseTransformer/COREMOD]: Transforming mobInteract with desc (Lnet/minecraft/entity/player/PlayerEntity;Lnet/minecraft/util/Hand;)Lnet/minecraft/util/ActionResultType;
[11Dec2025 19:47:01.728] [pool-3-thread-1/DEBUG] [net.minecraftforge.coremod.transformer.CoreModBaseTransformer/COREMOD]: Transforming canFireProjectileWeapon with desc (Lnet/minecraft/item/ShootableItem;)Z
[11Dec2025 19:47:01.729] [pool-3-thread-1/DEBUG] [net.minecraftforge.coremod.transformer.CoreModBaseTransformer/COREMOD]: Transforming canReplaceCurrentItem with desc (Lnet/minecraft/item/ItemStack;Lnet/minecraft/item/ItemStack;)Z
[11Dec2025 19:47:01.743] [pool-3-thread-1/DEBUG] [net.minecraftforge.coremod.transformer.CoreModBaseTransformer/COREMOD]: Transforming canFireProjectileWeapon with desc (Lnet/minecraft/item/ShootableItem;)Z
[11Dec2025 19:47:01.744] [pool-3-thread-1/DEBUG] [net.minecraftforge.coremod.transformer.CoreModBaseTransformer/COREMOD]: Transforming enchantSpawnedWeapon with desc (F)V
[11Dec2025 19:47:01.765] [pool-3-thread-1/DEBUG] [net.minecraftforge.coremod.transformer.CoreModBaseTransformer/COREMOD]: Transforming mobInteract with desc (Lnet/minecraft/entity/player/PlayerEntity;Lnet/minecraft/util/Hand;)Lnet/minecraft/util/ActionResultType;
[11Dec2025 19:47:01.777] [pool-3-thread-1/DEBUG] [net.minecraftforge.coremod.transformer.CoreModBaseTransformer/COREMOD]: Transforming reassessWeaponGoal with desc ()V
[11Dec2025 19:47:01.781] [pool-3-thread-1/DEBUG] [net.minecraftforge.coremod.transformer.CoreModBaseTransformer/COREMOD]: Transforming canFireProjectileWeapon with desc (Lnet/minecraft/item/ShootableItem;)Z
[11Dec2025 19:47:02.530] [pool-3-thread-1/DEBUG] [net.minecraftforge.coremod.transformer.CoreModBaseTransformer/COREMOD]: Transforming canEnchant with desc (Lnet/minecraft/item/ItemStack;)Z
[11Dec2025 19:47:02.611] [pool-3-thread-1/DEBUG] [net.minecraftforge.coremod.transformer.CoreModBaseTransformer/COREMOD]: Transforming net/minecraft/item/BucketItem
[11Dec2025 19:47:02.626] [pool-3-thread-1/DEBUG] [net.minecraftforge.coremod.transformer.CoreModBaseTransformer/COREMOD]: Transforming net/minecraft/item/FishBucketItem
[11Dec2025 19:47:02.708] [pool-3-thread-1/DEBUG] [net.minecraftforge.coremod.transformer.CoreModBaseTransformer/COREMOD]: Transforming getShootingPower with desc (Lnet/minecraft/item/ItemStack;)F
[11Dec2025 19:47:02.856] [pool-3-thread-1/DEBUG] [net.minecraftforge.coremod.transformer.CoreModBaseTransformer/COREMOD]: Transforming net/minecraft/potion/EffectInstance
[11Dec2025 19:47:02.938] [pool-3-thread-1/DEBUG] [net.minecraftforge.coremod.transformer.CoreModBaseTransformer/COREMOD]: Transforming shouldStopFishing with desc (Lnet/minecraft/entity/player/PlayerEntity;)Z
[11Dec2025 19:47:03.241] [pool-3-thread-1/DEBUG] [net.minecraftforge.coremod.transformer.CoreModBaseTransformer/COREMOD]: Transforming mayPlace with desc (Lnet/minecraft/item/ItemStack;)Z
[11Dec2025 19:47:04.027] [pool-3-thread-1/DEBUG] [net.minecraftforge.registries.GameData/REGISTRIES]: Creating vanilla freeze snapshot
[11Dec2025 19:47:04.033] [pool-3-thread-1/DEBUG] [net.minecraftforge.registries.ForgeRegistry/REGISTRIES]: Registry minecraft:block Sync: VANILLA -> ACTIVE
[11Dec2025 19:47:04.053] [pool-3-thread-1/DEBUG] [net.minecraftforge.registries.ForgeRegistry/REGISTRIES]: Registry minecraft:fluid Sync: VANILLA -> ACTIVE
[11Dec2025 19:47:04.054] [pool-3-thread-1/DEBUG] [net.minecraftforge.registries.ForgeRegistry/REGISTRIES]: Registry minecraft:item Sync: VANILLA -> ACTIVE
[11Dec2025 19:47:04.069] [pool-3-thread-1/DEBUG] [net.minecraftforge.registries.ForgeRegistry/REGISTRIES]: Registry minecraft:mob_effect Sync: VANILLA -> ACTIVE
[11Dec2025 19:47:04.070] [pool-3-thread-1/DEBUG] [net.minecraftforge.registries.ForgeRegistry/REGISTRIES]: Registry minecraft:sound_event Sync: VANILLA -> ACTIVE
[11Dec2025 19:47:04.085] [pool-3-thread-1/DEBUG] [net.minecraftforge.registries.ForgeRegistry/REGISTRIES]: Registry minecraft:potion Sync: VANILLA -> ACTIVE
[11Dec2025 19:47:04.086] [pool-3-thread-1/DEBUG] [net.minecraftforge.registries.ForgeRegistry/REGISTRIES]: Registry minecraft:enchantment Sync: VANILLA -> ACTIVE
[11Dec2025 19:47:04.087] [pool-3-thread-1/DEBUG] [net.minecraftforge.registries.ForgeRegistry/REGISTRIES]: Registry minecraft:entity_type Sync: VANILLA -> ACTIVE
[11Dec2025 19:47:04.090] [pool-3-thread-1/DEBUG] [net.minecraftforge.registries.ForgeRegistry/REGISTRIES]: Registry minecraft:block_entity_type Sync: VANILLA -> ACTIVE
[11Dec2025 19:47:04.091] [pool-3-thread-1/DEBUG] [net.minecraftforge.registries.ForgeRegistry/REGISTRIES]: Registry minecraft:particle_type Sync: VANILLA -> ACTIVE
[11Dec2025 19:47:04.092] [pool-3-thread-1/DEBUG] [net.minecraftforge.registries.ForgeRegistry/REGISTRIES]: Registry minecraft:menu Sync: VANILLA -> ACTIVE
[11Dec2025 19:47:04.093] [pool-3-thread-1/DEBUG] [net.minecraftforge.registries.ForgeRegistry/REGISTRIES]: Registry minecraft:motive Sync: VANILLA -> ACTIVE
[11Dec2025 19:47:04.094] [pool-3-thread-1/DEBUG] [net.minecraftforge.registries.ForgeRegistry/REGISTRIES]: Registry minecraft:recipe_serializer Sync: VANILLA -> ACTIVE
[11Dec2025 19:47:04.094] [pool-3-thread-1/DEBUG] [net.minecraftforge.registries.ForgeRegistry/REGISTRIES]: Registry minecraft:attribute Sync: VANILLA -> ACTIVE
[11Dec2025 19:47:04.095] [pool-3-thread-1/DEBUG] [net.minecraftforge.registries.ForgeRegistry/REGISTRIES]: Registry minecraft:stat_type Sync: VANILLA -> ACTIVE
[11Dec2025 19:47:04.095] [pool-3-thread-1/DEBUG] [net.minecraftforge.registries.ForgeRegistry/REGISTRIES]: Registry minecraft:villager_profession Sync: VANILLA -> ACTIVE
[11Dec2025 19:47:04.096] [pool-3-thread-1/DEBUG] [net.minecraftforge.registries.ForgeRegistry/REGISTRIES]: Registry minecraft:point_of_interest_type Sync: VANILLA -> ACTIVE
[11Dec2025 19:47:04.096] [pool-3-thread-1/DEBUG] [net.minecraftforge.registries.ForgeRegistry/REGISTRIES]: Registry minecraft:memory_module_type Sync: VANILLA -> ACTIVE
[11Dec2025 19:47:04.098] [pool-3-thread-1/DEBUG] [net.minecraftforge.registries.ForgeRegistry/REGISTRIES]: Registry minecraft:sensor_type Sync: VANILLA -> ACTIVE
[11Dec2025 19:47:04.099] [pool-3-thread-1/DEBUG] [net.minecraftforge.registries.ForgeRegistry/REGISTRIES]: Registry minecraft:schedule Sync: VANILLA -> ACTIVE
[11Dec2025 19:47:04.099] [pool-3-thread-1/DEBUG] [net.minecraftforge.registries.ForgeRegistry/REGISTRIES]: Registry minecraft:activity Sync: VANILLA -> ACTIVE
[11Dec2025 19:47:04.100] [pool-3-thread-1/DEBUG] [net.minecraftforge.registries.ForgeRegistry/REGISTRIES]: Registry minecraft:worldgen/carver Sync: VANILLA -> ACTIVE
[11Dec2025 19:47:04.100] [pool-3-thread-1/DEBUG] [net.minecraftforge.registries.ForgeRegistry/REGISTRIES]: Registry minecraft:worldgen/surface_builder Sync: VANILLA -> ACTIVE
[11Dec2025 19:47:04.101] [pool-3-thread-1/DEBUG] [net.minecraftforge.registries.ForgeRegistry/REGISTRIES]: Registry minecraft:worldgen/feature Sync: VANILLA -> ACTIVE
[11Dec2025 19:47:04.103] [pool-3-thread-1/DEBUG] [net.minecraftforge.registries.ForgeRegistry/REGISTRIES]: Registry minecraft:worldgen/decorator Sync: VANILLA -> ACTIVE
[11Dec2025 19:47:04.105] [pool-3-thread-1/DEBUG] [net.minecraftforge.registries.ForgeRegistry/REGISTRIES]: Registry minecraft:chunk_status Sync: VANILLA -> ACTIVE
[11Dec2025 19:47:04.106] [pool-3-thread-1/DEBUG] [net.minecraftforge.registries.ForgeRegistry/REGISTRIES]: Registry minecraft:worldgen/structure_feature Sync: VANILLA -> ACTIVE
[11Dec2025 19:47:04.106] [pool-3-thread-1/DEBUG] [net.minecraftforge.registries.ForgeRegistry/REGISTRIES]: Registry minecraft:worldgen/block_state_provider_type Sync: VANILLA -> ACTIVE
[11Dec2025 19:47:04.107] [pool-3-thread-1/DEBUG] [net.minecraftforge.registries.ForgeRegistry/REGISTRIES]: Registry minecraft:worldgen/block_placer_type Sync: VANILLA -> ACTIVE
[11Dec2025 19:47:04.107] [pool-3-thread-1/DEBUG] [net.minecraftforge.registries.ForgeRegistry/REGISTRIES]: Registry minecraft:worldgen/foliage_placer_type Sync: VANILLA -> ACTIVE
[11Dec2025 19:47:04.107] [pool-3-thread-1/DEBUG] [net.minecraftforge.registries.ForgeRegistry/REGISTRIES]: Registry minecraft:worldgen/tree_decorator_type Sync: VANILLA -> ACTIVE
[11Dec2025 19:47:04.108] [pool-3-thread-1/DEBUG] [net.minecraftforge.registries.ForgeRegistry/REGISTRIES]: Registry minecraft:worldgen/biome Sync: VANILLA -> ACTIVE
[11Dec2025 19:47:04.121] [pool-3-thread-1/DEBUG] [net.minecraftforge.registries.ForgeRegistry/REGISTRIES]: Registry minecraft:data_serializers Sync: VANILLA -> ACTIVE
[11Dec2025 19:47:04.121] [pool-3-thread-1/DEBUG] [net.minecraftforge.registries.ForgeRegistry/REGISTRIES]: Registry forge:loot_modifier_serializers Sync: VANILLA -> ACTIVE
[11Dec2025 19:47:04.121] [pool-3-thread-1/DEBUG] [net.minecraftforge.registries.ForgeRegistry/REGISTRIES]: Registry forge:world_types Sync: VANILLA -> ACTIVE
[11Dec2025 19:47:04.139] [pool-3-thread-1/DEBUG] [net.minecraftforge.registries.GameData/REGISTRIES]: Vanilla freeze snapshot created
[11Dec2025 19:47:04.403] [Render thread/DEBUG] [net.minecraftforge.coremod.transformer.CoreModBaseTransformer/COREMOD]: Transforming getFieldOfViewModifier with desc ()F
[11Dec2025 19:47:04.787] [Render thread/INFO] [com.mojang.authlib.yggdrasil.YggdrasilAuthenticationService/]: Environment: authHost='https://authserver.mojang.com', accountsHost='https://api.mojang.com', sessionHost='https://sessionserver.mojang.com', servicesHost='https://api.minecraftservices.com', name='PROD'
[11Dec2025 19:47:05.875] [Render thread/INFO] [net.minecraft.client.Minecraft/]: Setting user: Dev
[11Dec2025 19:47:06.086] [Render thread/INFO] [net.minecraft.client.Minecraft/]: Backend library: LWJGL version 3.2.2 build 10
[11Dec2025 19:47:11.503] [Render thread/DEBUG] [net.minecraftforge.fml.ForgeI18n/CORE]: Loading I18N data entries: 4980
[11Dec2025 19:47:11.544] [Render thread/DEBUG] [io.netty.util.internal.PlatformDependent0/]: -Dio.netty.noUnsafe: false
[11Dec2025 19:47:11.544] [Render thread/DEBUG] [io.netty.util.internal.PlatformDependent0/]: Java version: 22
[11Dec2025 19:47:11.546] [Render thread/DEBUG] [io.netty.util.internal.PlatformDependent0/]: sun.misc.Unsafe.theUnsafe: available
[11Dec2025 19:47:11.547] [Render thread/DEBUG] [io.netty.util.internal.PlatformDependent0/]: sun.misc.Unsafe.copyMemory: available
[11Dec2025 19:47:11.548] [Render thread/DEBUG] [io.netty.util.internal.PlatformDependent0/]: java.nio.Buffer.address: available
[11Dec2025 19:47:11.549] [Render thread/DEBUG] [io.netty.util.internal.PlatformDependent0/]: direct buffer constructor: unavailable
java.lang.NoSuchMethodException: java.nio.DirectByteBuffer.<init>(long,int)
	at java.lang.Class.getConstructor0(Class.java:3784) ~[?:?]
	at java.lang.Class.getDeclaredConstructor(Class.java:2955) ~[?:?]
	at io.netty.util.internal.PlatformDependent0$4.run(PlatformDependent0.java:223) ~[netty-all-4.1.25.Final.jar:4.1.25.Final]
	at java.security.AccessController.doPrivileged(AccessController.java:319) ~[?:?]
	at io.netty.util.internal.PlatformDependent0.<clinit>(PlatformDependent0.java:218) ~[netty-all-4.1.25.Final.jar:4.1.25.Final]
	at io.netty.util.internal.PlatformDependent.isAndroid(PlatformDependent.java:208) ~[netty-all-4.1.25.Final.jar:4.1.25.Final]
	at io.netty.util.internal.PlatformDependent.<clinit>(PlatformDependent.java:79) ~[netty-all-4.1.25.Final.jar:4.1.25.Final]
	at io.netty.util.ConstantPool.<init>(ConstantPool.java:32) ~[netty-all-4.1.25.Final.jar:4.1.25.Final]
	at io.netty.util.AttributeKey$1.<init>(AttributeKey.java:27) ~[netty-all-4.1.25.Final.jar:4.1.25.Final]
	at io.netty.util.AttributeKey.<clinit>(AttributeKey.java:27) ~[netty-all-4.1.25.Final.jar:4.1.25.Final]
	at net.minecraftforge.fml.network.FMLNetworkConstants.<clinit>(FMLNetworkConstants.java:27) ~[forge-1.16.5-36.2.42_mapped_official_1.16.5.jar:?]
	at net.minecraftforge.fml.ModLoader.<init>(ModLoader.java:115) ~[forge-1.16.5-36.2.42_mapped_official_1.16.5.jar:?]
	at net.minecraftforge.fml.ModLoader.get(ModLoader.java:140) ~[forge-1.16.5-36.2.42_mapped_official_1.16.5.jar:?]
	at net.minecraftforge.fml.client.ClientModLoader.lambda$begin$1(ClientModLoader.java:89) ~[forge-1.16.5-36.2.42_mapped_official_1.16.5.jar:?]
	at net.minecraftforge.fml.client.ClientModLoader.lambda$createRunnableWithCatch$4(ClientModLoader.java:109) ~[forge-1.16.5-36.2.42_mapped_official_1.16.5.jar:?]
	at net.minecraftforge.fml.client.ClientModLoader.begin(ClientModLoader.java:89) ~[forge-1.16.5-36.2.42_mapped_official_1.16.5.jar:?]
	at net.minecraft.client.Minecraft.<init>(Minecraft.java:437) ~[forge-1.16.5-36.2.42_mapped_official_1.16.5.jar:?]
	at net.minecraft.client.main.Main.main(Main.java:149) ~[forge-1.16.5-36.2.42_mapped_official_1.16.5.jar:?]
	at jdk.internal.reflect.DirectMethodHandleAccessor.invoke(DirectMethodHandleAccessor.java:103) ~[?:?]
	at java.lang.reflect.Method.invoke(Method.java:580) ~[?:?]
	at net.minecraftforge.userdev.FMLUserdevClientLaunchProvider.lambda$launchService$0(FMLUserdevClientLaunchProvider.java:38) ~[forge-1.16.5-36.2.42_mapped_official_1.16.5.jar:?]
	at cpw.mods.modlauncher.LaunchServiceHandlerDecorator.launch(LaunchServiceHandlerDecorator.java:37) [modlauncher-8.1.3.jar:?]
	at cpw.mods.modlauncher.LaunchServiceHandler.launch(LaunchServiceHandler.java:54) [modlauncher-8.1.3.jar:?]
	at cpw.mods.modlauncher.LaunchServiceHandler.launch(LaunchServiceHandler.java:72) [modlauncher-8.1.3.jar:?]
	at cpw.mods.modlauncher.Launcher.run(Launcher.java:82) [modlauncher-8.1.3.jar:?]
	at cpw.mods.modlauncher.Launcher.main(Launcher.java:66) [modlauncher-8.1.3.jar:?]
	at net.minecraftforge.userdev.LaunchTesting.main(LaunchTesting.java:94) [forge-1.16.5-36.2.42_mapped_official_1.16.5.jar:?]
[11Dec2025 19:47:11.562] [Render thread/DEBUG] [io.netty.util.internal.PlatformDependent0/]: java.nio.Bits.unaligned: unavailable true
java.lang.UnsupportedOperationException: Reflective setAccessible(true) disabled
	at io.netty.util.internal.ReflectionUtil.trySetAccessible(ReflectionUtil.java:31) ~[netty-all-4.1.25.Final.jar:4.1.25.Final]
	at io.netty.util.internal.PlatformDependent0$5.run(PlatformDependent0.java:273) ~[netty-all-4.1.25.Final.jar:4.1.25.Final]
	at java.security.AccessController.doPrivileged(AccessController.java:319) ~[?:?]
	at io.netty.util.internal.PlatformDependent0.<clinit>(PlatformDependent0.java:266) ~[netty-all-4.1.25.Final.jar:4.1.25.Final]
	at io.netty.util.internal.PlatformDependent.isAndroid(PlatformDependent.java:208) ~[netty-all-4.1.25.Final.jar:4.1.25.Final]
	at io.netty.util.internal.PlatformDependent.<clinit>(PlatformDependent.java:79) ~[netty-all-4.1.25.Final.jar:4.1.25.Final]
	at io.netty.util.ConstantPool.<init>(ConstantPool.java:32) ~[netty-all-4.1.25.Final.jar:4.1.25.Final]
	at io.netty.util.AttributeKey$1.<init>(AttributeKey.java:27) ~[netty-all-4.1.25.Final.jar:4.1.25.Final]
	at io.netty.util.AttributeKey.<clinit>(AttributeKey.java:27) ~[netty-all-4.1.25.Final.jar:4.1.25.Final]
	at net.minecraftforge.fml.network.FMLNetworkConstants.<clinit>(FMLNetworkConstants.java:27) ~[forge-1.16.5-36.2.42_mapped_official_1.16.5.jar:?]
	at net.minecraftforge.fml.ModLoader.<init>(ModLoader.java:115) ~[forge-1.16.5-36.2.42_mapped_official_1.16.5.jar:?]
	at net.minecraftforge.fml.ModLoader.get(ModLoader.java:140) ~[forge-1.16.5-36.2.42_mapped_official_1.16.5.jar:?]
	at net.minecraftforge.fml.client.ClientModLoader.lambda$begin$1(ClientModLoader.java:89) ~[forge-1.16.5-36.2.42_mapped_official_1.16.5.jar:?]
	at net.minecraftforge.fml.client.ClientModLoader.lambda$createRunnableWithCatch$4(ClientModLoader.java:109) ~[forge-1.16.5-36.2.42_mapped_official_1.16.5.jar:?]
	at net.minecraftforge.fml.client.ClientModLoader.begin(ClientModLoader.java:89) ~[forge-1.16.5-36.2.42_mapped_official_1.16.5.jar:?]
	at net.minecraft.client.Minecraft.<init>(Minecraft.java:437) ~[forge-1.16.5-36.2.42_mapped_official_1.16.5.jar:?]
	at net.minecraft.client.main.Main.main(Main.java:149) ~[forge-1.16.5-36.2.42_mapped_official_1.16.5.jar:?]
	at jdk.internal.reflect.DirectMethodHandleAccessor.invoke(DirectMethodHandleAccessor.java:103) ~[?:?]
	at java.lang.reflect.Method.invoke(Method.java:580) ~[?:?]
	at net.minecraftforge.userdev.FMLUserdevClientLaunchProvider.lambda$launchService$0(FMLUserdevClientLaunchProvider.java:38) ~[forge-1.16.5-36.2.42_mapped_official_1.16.5.jar:?]
	at cpw.mods.modlauncher.LaunchServiceHandlerDecorator.launch(LaunchServiceHandlerDecorator.java:37) [modlauncher-8.1.3.jar:?]
	at cpw.mods.modlauncher.LaunchServiceHandler.launch(LaunchServiceHandler.java:54) [modlauncher-8.1.3.jar:?]
	at cpw.mods.modlauncher.LaunchServiceHandler.launch(LaunchServiceHandler.java:72) [modlauncher-8.1.3.jar:?]
	at cpw.mods.modlauncher.Launcher.run(Launcher.java:82) [modlauncher-8.1.3.jar:?]
	at cpw.mods.modlauncher.Launcher.main(Launcher.java:66) [modlauncher-8.1.3.jar:?]
	at net.minecraftforge.userdev.LaunchTesting.main(LaunchTesting.java:94) [forge-1.16.5-36.2.42_mapped_official_1.16.5.jar:?]
[11Dec2025 19:47:11.566] [Render thread/DEBUG] [io.netty.util.internal.PlatformDependent0/]: jdk.internal.misc.Unsafe.allocateUninitializedArray(int): unavailable
java.lang.IllegalAccessException: class io.netty.util.internal.PlatformDependent0$6 cannot access class jdk.internal.misc.Unsafe (in module java.base) because module java.base does not export jdk.internal.misc to unnamed module @31206beb
	at jdk.internal.reflect.Reflection.newIllegalAccessException(Reflection.java:398) ~[?:?]
	at java.lang.reflect.AccessibleObject.checkAccess(AccessibleObject.java:709) ~[?:?]
	at java.lang.reflect.Method.invoke(Method.java:571) ~[?:?]
	at io.netty.util.internal.PlatformDependent0$6.run(PlatformDependent0.java:315) ~[netty-all-4.1.25.Final.jar:4.1.25.Final]
	at java.security.AccessController.doPrivileged(AccessController.java:319) ~[?:?]
	at io.netty.util.internal.PlatformDependent0.<clinit>(PlatformDependent0.java:306) ~[netty-all-4.1.25.Final.jar:4.1.25.Final]
	at io.netty.util.internal.PlatformDependent.isAndroid(PlatformDependent.java:208) ~[netty-all-4.1.25.Final.jar:4.1.25.Final]
	at io.netty.util.internal.PlatformDependent.<clinit>(PlatformDependent.java:79) ~[netty-all-4.1.25.Final.jar:4.1.25.Final]
	at io.netty.util.ConstantPool.<init>(ConstantPool.java:32) ~[netty-all-4.1.25.Final.jar:4.1.25.Final]
	at io.netty.util.AttributeKey$1.<init>(AttributeKey.java:27) ~[netty-all-4.1.25.Final.jar:4.1.25.Final]
	at io.netty.util.AttributeKey.<clinit>(AttributeKey.java:27) ~[netty-all-4.1.25.Final.jar:4.1.25.Final]
	at net.minecraftforge.fml.network.FMLNetworkConstants.<clinit>(FMLNetworkConstants.java:27) ~[forge-1.16.5-36.2.42_mapped_official_1.16.5.jar:?]
	at net.minecraftforge.fml.ModLoader.<init>(ModLoader.java:115) ~[forge-1.16.5-36.2.42_mapped_official_1.16.5.jar:?]
	at net.minecraftforge.fml.ModLoader.get(ModLoader.java:140) ~[forge-1.16.5-36.2.42_mapped_official_1.16.5.jar:?]
	at net.minecraftforge.fml.client.ClientModLoader.lambda$begin$1(ClientModLoader.java:89) ~[forge-1.16.5-36.2.42_mapped_official_1.16.5.jar:?]
	at net.minecraftforge.fml.client.ClientModLoader.lambda$createRunnableWithCatch$4(ClientModLoader.java:109) ~[forge-1.16.5-36.2.42_mapped_official_1.16.5.jar:?]
	at net.minecraftforge.fml.client.ClientModLoader.begin(ClientModLoader.java:89) ~[forge-1.16.5-36.2.42_mapped_official_1.16.5.jar:?]
	at net.minecraft.client.Minecraft.<init>(Minecraft.java:437) ~[forge-1.16.5-36.2.42_mapped_official_1.16.5.jar:?]
	at net.minecraft.client.main.Main.main(Main.java:149) ~[forge-1.16.5-36.2.42_mapped_official_1.16.5.jar:?]
	at jdk.internal.reflect.DirectMethodHandleAccessor.invoke(DirectMethodHandleAccessor.java:103) ~[?:?]
	at java.lang.reflect.Method.invoke(Method.java:580) ~[?:?]
	at net.minecraftforge.userdev.FMLUserdevClientLaunchProvider.lambda$launchService$0(FMLUserdevClientLaunchProvider.java:38) ~[forge-1.16.5-36.2.42_mapped_official_1.16.5.jar:?]
	at cpw.mods.modlauncher.LaunchServiceHandlerDecorator.launch(LaunchServiceHandlerDecorator.java:37) [modlauncher-8.1.3.jar:?]
	at cpw.mods.modlauncher.LaunchServiceHandler.launch(LaunchServiceHandler.java:54) [modlauncher-8.1.3.jar:?]
	at cpw.mods.modlauncher.LaunchServiceHandler.launch(LaunchServiceHandler.java:72) [modlauncher-8.1.3.jar:?]
	at cpw.mods.modlauncher.Launcher.run(Launcher.java:82) [modlauncher-8.1.3.jar:?]
	at cpw.mods.modlauncher.Launcher.main(Launcher.java:66) [modlauncher-8.1.3.jar:?]
	at net.minecraftforge.userdev.LaunchTesting.main(LaunchTesting.java:94) [forge-1.16.5-36.2.42_mapped_official_1.16.5.jar:?]
[11Dec2025 19:47:11.568] [Render thread/DEBUG] [io.netty.util.internal.PlatformDependent0/]: java.nio.DirectByteBuffer.<init>(long, int): unavailable
[11Dec2025 19:47:11.568] [Render thread/DEBUG] [io.netty.util.internal.PlatformDependent/]: sun.misc.Unsafe: available
[11Dec2025 19:47:11.569] [Render thread/DEBUG] [io.netty.util.internal.PlatformDependent/]: maxDirectMemory: 1969225728 bytes (maybe)
[11Dec2025 19:47:11.570] [Render thread/DEBUG] [io.netty.util.internal.PlatformDependent/]: -Dio.netty.tmpdir: /tmp (java.io.tmpdir)
[11Dec2025 19:47:11.570] [Render thread/DEBUG] [io.netty.util.internal.PlatformDependent/]: -Dio.netty.bitMode: 64 (sun.arch.data.model)
[11Dec2025 19:47:11.571] [Render thread/DEBUG] [io.netty.util.internal.PlatformDependent/]: -Dio.netty.noPreferDirect: false
[11Dec2025 19:47:11.571] [Render thread/DEBUG] [io.netty.util.internal.PlatformDependent/]: -Dio.netty.maxDirectMemory: -1 bytes
[11Dec2025 19:47:11.571] [Render thread/DEBUG] [io.netty.util.internal.PlatformDependent/]: -Dio.netty.uninitializedArrayAllocationThreshold: -1
[11Dec2025 19:47:11.573] [Render thread/DEBUG] [io.netty.util.internal.CleanerJava9/]: java.nio.ByteBuffer.cleaner(): available
[11Dec2025 19:47:11.702] [Render thread/DEBUG] [net.minecraftforge.fml.ModLoader/CORE]: Loading Network data for FML net version: FML2
[11Dec2025 19:47:11.711] [Render thread/DEBUG] [net.minecraftforge.fml.ModWorkManager/LOADING]: Using 12 threads for parallel mod-loading
[11Dec2025 19:47:11.778] [Render thread/DEBUG] [net.minecraftforge.fml.javafmlmod.FMLJavaModLanguageProvider/LOADING]: Loading FMLModContainer from classloader cpw.mods.modlauncher.TransformingClassLoader@63cd2cd2 - got cpw.mods.modlauncher.TransformingClassLoader@63cd2cd2
[11Dec2025 19:47:11.784] [Render thread/DEBUG] [net.minecraftforge.fml.javafmlmod.FMLModContainer/LOADING]: Creating FMLModContainer instance for net.minecraftforge.common.ForgeMod with classLoader cpw.mods.modlauncher.TransformingClassLoader@63cd2cd2 & cpw.mods.modlauncher.TransformingClassLoader@63cd2cd2
[11Dec2025 19:47:11.826] [Render thread/DEBUG] [net.minecraftforge.fml.javafmlmod.FMLJavaModLanguageProvider/LOADING]: Loading FMLModContainer from classloader cpw.mods.modlauncher.TransformingClassLoader@63cd2cd2 - got cpw.mods.modlauncher.TransformingClassLoader@63cd2cd2
[11Dec2025 19:47:11.826] [Render thread/DEBUG] [net.minecraftforge.fml.javafmlmod.FMLModContainer/LOADING]: Creating FMLModContainer instance for org.bnjax3.noitacraft.Noitacraft with classLoader cpw.mods.modlauncher.TransformingClassLoader@63cd2cd2 & cpw.mods.modlauncher.TransformingClassLoader@63cd2cd2
[11Dec2025 19:47:11.838] [modloading-worker-0/DEBUG] [net.minecraftforge.versions.forge.ForgeVersion/CORE]: Forge Version package package net.minecraftforge.versions.forge, Forge, version 36.2 from cpw.mods.modlauncher.TransformingClassLoader@63cd2cd2
[11Dec2025 19:47:11.839] [modloading-worker-0/DEBUG] [net.minecraftforge.versions.forge.ForgeVersion/CORE]: Found Forge version 36.2.42
[11Dec2025 19:47:11.839] [modloading-worker-0/DEBUG] [net.minecraftforge.versions.forge.ForgeVersion/CORE]: Found Forge spec 36.2
[11Dec2025 19:47:11.839] [modloading-worker-0/DEBUG] [net.minecraftforge.versions.forge.ForgeVersion/CORE]: Found Forge group net.minecraftforge
[11Dec2025 19:47:11.841] [modloading-worker-0/DEBUG] [net.minecraftforge.versions.mcp.MCPVersion/CORE]: Found MC version information 1.16.5
[11Dec2025 19:47:11.841] [modloading-worker-0/DEBUG] [net.minecraftforge.versions.mcp.MCPVersion/CORE]: Found MCP version information 20210115.111550
[11Dec2025 19:47:11.842] [modloading-worker-0/INFO] [net.minecraftforge.common.ForgeMod/FORGEMOD]: Forge mod loading, version 36.2.42, for MC 1.16.5 with MCP 20210115.111550
[11Dec2025 19:47:11.844] [modloading-worker-0/INFO] [net.minecraftforge.common.MinecraftForge/FORGE]: MinecraftForge v36.2.42 Initialized
[11Dec2025 19:47:11.906] [modloading-worker-0/DEBUG] [net.minecraftforge.fml.AutomaticEventSubscriber/LOADING]: Attempting to inject @EventBusSubscriber classes into the eventbus for noitacraft
[11Dec2025 19:47:11.915] [modloading-worker-0/DEBUG] [net.minecraftforge.fml.AutomaticEventSubscriber/LOADING]: Auto-subscribing org.bnjax3.noitacraft.Noitacraft$RegistryEvents to MOD
[11Dec2025 19:47:11.922] [modloading-worker-0/DEBUG] [net.minecraftforge.fml.config.ConfigTracker/CONFIG]: Config file forge-client.toml for forge tracking
[11Dec2025 19:47:11.922] [modloading-worker-0/DEBUG] [net.minecraftforge.fml.config.ConfigTracker/CONFIG]: Config file forge-server.toml for forge tracking
[11Dec2025 19:47:11.923] [modloading-worker-0/DEBUG] [net.minecraftforge.fml.config.ConfigTracker/CONFIG]: Config file forge-common.toml for forge tracking
[11Dec2025 19:47:11.981] [modloading-worker-0/DEBUG] [net.minecraftforge.fml.AutomaticEventSubscriber/LOADING]: Attempting to inject @EventBusSubscriber classes into the eventbus for forge
[11Dec2025 19:47:11.984] [modloading-worker-0/DEBUG] [net.minecraftforge.fml.AutomaticEventSubscriber/LOADING]: Auto-subscribing net.minecraftforge.common.ForgeSpawnEggItem$CommonHandler to MOD
[11Dec2025 19:47:11.987] [modloading-worker-0/DEBUG] [net.minecraftforge.fml.AutomaticEventSubscriber/LOADING]: Auto-subscribing net.minecraftforge.common.ForgeSpawnEggItem$ColorRegisterHandler to MOD
[11Dec2025 19:47:11.992] [modloading-worker-0/DEBUG] [net.minecraftforge.fml.AutomaticEventSubscriber/LOADING]: Auto-subscribing net.minecraftforge.client.model.ModelDataManager to FORGE
[11Dec2025 19:47:12.000] [Render thread/DEBUG] [net.minecraftforge.registries.ObjectHolderRegistry/REGISTRIES]: Processing ObjectHolder annotations
[11Dec2025 19:47:12.073] [Render thread/DEBUG] [net.minecraftforge.registries.ObjectHolderRegistry/REGISTRIES]: Found 2898 ObjectHolder annotations
[11Dec2025 19:47:12.081] [Render thread/DEBUG] [net.minecraftforge.registries.GameData/REGISTRIES]: Registering custom tag type for: minecraft:potion
[11Dec2025 19:47:12.082] [Render thread/DEBUG] [net.minecraftforge.registries.GameData/REGISTRIES]: Registering custom tag type for: minecraft:enchantment
[11Dec2025 19:47:12.082] [Render thread/DEBUG] [net.minecraftforge.registries.GameData/REGISTRIES]: Registering custom tag type for: minecraft:block_entity_type
[11Dec2025 19:47:12.095] [Render thread/DEBUG] [net.minecraftforge.registries.GameData/REGISTRIES]: Applying holder lookups: minecraft:block
[11Dec2025 19:47:12.120] [Render thread/DEBUG] [net.minecraftforge.registries.GameData/REGISTRIES]: Holder lookups applied: minecraft:block
[11Dec2025 19:47:12.124] [Render thread/DEBUG] [net.minecraftforge.registries.GameData/REGISTRIES]: Applying holder lookups: minecraft:item
[11Dec2025 19:47:12.147] [Render thread/DEBUG] [net.minecraftforge.registries.GameData/REGISTRIES]: Holder lookups applied: minecraft:item
[11Dec2025 19:47:12.153] [Render thread/DEBUG] [net.minecraftforge.registries.GameData/REGISTRIES]: Applying holder lookups: forge:loot_modifier_serializers
[11Dec2025 19:47:12.166] [Render thread/DEBUG] [net.minecraftforge.registries.GameData/REGISTRIES]: Holder lookups applied: forge:loot_modifier_serializers
[11Dec2025 19:47:12.167] [Render thread/DEBUG] [net.minecraftforge.registries.GameData/REGISTRIES]: Applying holder lookups: forge:world_types
[11Dec2025 19:47:12.168] [Render thread/DEBUG] [net.minecraftforge.registries.GameData/REGISTRIES]: Holder lookups applied: forge:world_types
[11Dec2025 19:47:12.168] [Render thread/DEBUG] [net.minecraftforge.registries.GameData/REGISTRIES]: Applying holder lookups: minecraft:activity
[11Dec2025 19:47:12.169] [Render thread/DEBUG] [net.minecraftforge.registries.GameData/REGISTRIES]: Holder lookups applied: minecraft:activity
[11Dec2025 19:47:12.170] [Render thread/DEBUG] [net.minecraftforge.registries.GameData/REGISTRIES]: Applying holder lookups: minecraft:attribute
[11Dec2025 19:47:12.171] [Render thread/DEBUG] [net.minecraftforge.registries.GameData/REGISTRIES]: Holder lookups applied: minecraft:attribute
[11Dec2025 19:47:12.176] [Render thread/DEBUG] [net.minecraftforge.registries.GameData/REGISTRIES]: Applying holder lookups: minecraft:block_entity_type
[11Dec2025 19:47:12.177] [Render thread/DEBUG] [net.minecraftforge.registries.GameData/REGISTRIES]: Holder lookups applied: minecraft:block_entity_type
[11Dec2025 19:47:12.178] [Render thread/DEBUG] [net.minecraftforge.registries.GameData/REGISTRIES]: Applying holder lookups: minecraft:chunk_status
[11Dec2025 19:47:12.179] [Render thread/DEBUG] [net.minecraftforge.registries.GameData/REGISTRIES]: Holder lookups applied: minecraft:chunk_status
[11Dec2025 19:47:12.179] [Render thread/DEBUG] [net.minecraftforge.registries.GameData/REGISTRIES]: Applying holder lookups: minecraft:data_serializers
[11Dec2025 19:47:12.180] [Render thread/DEBUG] [net.minecraftforge.registries.GameData/REGISTRIES]: Holder lookups applied: minecraft:data_serializers
[11Dec2025 19:47:12.180] [Render thread/DEBUG] [net.minecraftforge.registries.GameData/REGISTRIES]: Applying holder lookups: minecraft:enchantment
[11Dec2025 19:47:12.181] [Render thread/DEBUG] [net.minecraftforge.registries.GameData/REGISTRIES]: Holder lookups applied: minecraft:enchantment
[11Dec2025 19:47:12.183] [Render thread/DEBUG] [net.minecraftforge.registries.GameData/REGISTRIES]: Applying holder lookups: minecraft:entity_type
[11Dec2025 19:47:12.184] [Render thread/DEBUG] [net.minecraftforge.registries.GameData/REGISTRIES]: Holder lookups applied: minecraft:entity_type
[11Dec2025 19:47:12.185] [Render thread/DEBUG] [net.minecraftforge.registries.GameData/REGISTRIES]: Applying holder lookups: minecraft:fluid
[11Dec2025 19:47:12.186] [Render thread/DEBUG] [net.minecraftforge.registries.GameData/REGISTRIES]: Holder lookups applied: minecraft:fluid
[11Dec2025 19:47:12.186] [Render thread/DEBUG] [net.minecraftforge.registries.GameData/REGISTRIES]: Applying holder lookups: minecraft:memory_module_type
[11Dec2025 19:47:12.187] [Render thread/DEBUG] [net.minecraftforge.registries.GameData/REGISTRIES]: Holder lookups applied: minecraft:memory_module_type
[11Dec2025 19:47:12.191] [Render thread/DEBUG] [net.minecraftforge.registries.GameData/REGISTRIES]: Applying holder lookups: minecraft:menu
[11Dec2025 19:47:12.192] [Render thread/DEBUG] [net.minecraftforge.registries.GameData/REGISTRIES]: Holder lookups applied: minecraft:menu
[11Dec2025 19:47:12.192] [Render thread/DEBUG] [net.minecraftforge.registries.GameData/REGISTRIES]: Applying holder lookups: minecraft:mob_effect
[11Dec2025 19:47:12.193] [Render thread/DEBUG] [net.minecraftforge.registries.GameData/REGISTRIES]: Holder lookups applied: minecraft:mob_effect
[11Dec2025 19:47:12.194] [Render thread/DEBUG] [net.minecraftforge.registries.GameData/REGISTRIES]: Applying holder lookups: minecraft:motive
[11Dec2025 19:47:12.195] [Render thread/DEBUG] [net.minecraftforge.registries.GameData/REGISTRIES]: Holder lookups applied: minecraft:motive
[11Dec2025 19:47:12.195] [Render thread/DEBUG] [net.minecraftforge.registries.GameData/REGISTRIES]: Applying holder lookups: minecraft:particle_type
[11Dec2025 19:47:12.196] [Render thread/DEBUG] [net.minecraftforge.registries.GameData/REGISTRIES]: Holder lookups applied: minecraft:particle_type
[11Dec2025 19:47:12.198] [Render thread/DEBUG] [net.minecraftforge.registries.GameData/REGISTRIES]: Applying holder lookups: minecraft:point_of_interest_type
[11Dec2025 19:47:12.199] [Render thread/DEBUG] [net.minecraftforge.registries.GameData/REGISTRIES]: Holder lookups applied: minecraft:point_of_interest_type
[11Dec2025 19:47:12.205] [Render thread/DEBUG] [net.minecraftforge.registries.GameData/REGISTRIES]: Applying holder lookups: minecraft:potion
[11Dec2025 19:47:12.206] [Render thread/DEBUG] [net.minecraftforge.registries.GameData/REGISTRIES]: Holder lookups applied: minecraft:potion
[11Dec2025 19:47:12.235] [Render thread/DEBUG] [net.minecraftforge.registries.GameData/REGISTRIES]: Applying holder lookups: minecraft:recipe_serializer
[11Dec2025 19:47:12.237] [Render thread/DEBUG] [net.minecraftforge.registries.GameData/REGISTRIES]: Holder lookups applied: minecraft:recipe_serializer
[11Dec2025 19:47:12.238] [Render thread/DEBUG] [net.minecraftforge.registries.GameData/REGISTRIES]: Applying holder lookups: minecraft:schedule
[11Dec2025 19:47:12.239] [Render thread/DEBUG] [net.minecraftforge.registries.GameData/REGISTRIES]: Holder lookups applied: minecraft:schedule
[11Dec2025 19:47:12.239] [Render thread/DEBUG] [net.minecraftforge.registries.GameData/REGISTRIES]: Applying holder lookups: minecraft:sensor_type
[11Dec2025 19:47:12.240] [Render thread/DEBUG] [net.minecraftforge.registries.GameData/REGISTRIES]: Holder lookups applied: minecraft:sensor_type
[11Dec2025 19:47:12.241] [Render thread/DEBUG] [net.minecraftforge.registries.GameData/REGISTRIES]: Applying holder lookups: minecraft:sound_event
[11Dec2025 19:47:12.258] [Render thread/DEBUG] [net.minecraftforge.registries.GameData/REGISTRIES]: Holder lookups applied: minecraft:sound_event
[11Dec2025 19:47:12.260] [Render thread/DEBUG] [net.minecraftforge.registries.GameData/REGISTRIES]: Applying holder lookups: minecraft:stat_type
[11Dec2025 19:47:12.260] [Render thread/DEBUG] [net.minecraftforge.registries.GameData/REGISTRIES]: Holder lookups applied: minecraft:stat_type
[11Dec2025 19:47:12.261] [Render thread/DEBUG] [net.minecraftforge.registries.GameData/REGISTRIES]: Applying holder lookups: minecraft:villager_profession
[11Dec2025 19:47:12.261] [Render thread/DEBUG] [net.minecraftforge.registries.GameData/REGISTRIES]: Holder lookups applied: minecraft:villager_profession
[11Dec2025 19:47:12.261] [Render thread/DEBUG] [net.minecraftforge.registries.GameData/REGISTRIES]: Applying holder lookups: minecraft:worldgen/biome
[11Dec2025 19:47:12.261] [Render thread/DEBUG] [net.minecraftforge.registries.GameData/REGISTRIES]: Holder lookups applied: minecraft:worldgen/biome
[11Dec2025 19:47:12.261] [Render thread/DEBUG] [net.minecraftforge.registries.GameData/REGISTRIES]: Applying holder lookups: minecraft:worldgen/block_placer_type
[11Dec2025 19:47:12.262] [Render thread/DEBUG] [net.minecraftforge.registries.GameData/REGISTRIES]: Holder lookups applied: minecraft:worldgen/block_placer_type
[11Dec2025 19:47:12.262] [Render thread/DEBUG] [net.minecraftforge.registries.GameData/REGISTRIES]: Applying holder lookups: minecraft:worldgen/block_state_provider_type
[11Dec2025 19:47:12.262] [Render thread/DEBUG] [net.minecraftforge.registries.GameData/REGISTRIES]: Holder lookups applied: minecraft:worldgen/block_state_provider_type
[11Dec2025 19:47:12.262] [Render thread/DEBUG] [net.minecraftforge.registries.GameData/REGISTRIES]: Applying holder lookups: minecraft:worldgen/carver
[11Dec2025 19:47:12.263] [Render thread/DEBUG] [net.minecraftforge.registries.GameData/REGISTRIES]: Holder lookups applied: minecraft:worldgen/carver
[11Dec2025 19:47:12.263] [Render thread/DEBUG] [net.minecraftforge.registries.GameData/REGISTRIES]: Applying holder lookups: minecraft:worldgen/decorator
[11Dec2025 19:47:12.263] [Render thread/DEBUG] [net.minecraftforge.registries.GameData/REGISTRIES]: Holder lookups applied: minecraft:worldgen/decorator
[11Dec2025 19:47:12.263] [Render thread/DEBUG] [net.minecraftforge.registries.GameData/REGISTRIES]: Applying holder lookups: minecraft:worldgen/feature
[11Dec2025 19:47:12.264] [Render thread/DEBUG] [net.minecraftforge.registries.GameData/REGISTRIES]: Holder lookups applied: minecraft:worldgen/feature
[11Dec2025 19:47:12.264] [Render thread/DEBUG] [net.minecraftforge.registries.GameData/REGISTRIES]: Applying holder lookups: minecraft:worldgen/foliage_placer_type
[11Dec2025 19:47:12.264] [Render thread/DEBUG] [net.minecraftforge.registries.GameData/REGISTRIES]: Holder lookups applied: minecraft:worldgen/foliage_placer_type
[11Dec2025 19:47:12.264] [Render thread/DEBUG] [net.minecraftforge.registries.GameData/REGISTRIES]: Applying holder lookups: minecraft:worldgen/structure_feature
[11Dec2025 19:47:12.264] [Render thread/DEBUG] [net.minecraftforge.registries.GameData/REGISTRIES]: Holder lookups applied: minecraft:worldgen/structure_feature
[11Dec2025 19:47:12.265] [Render thread/DEBUG] [net.minecraftforge.registries.GameData/REGISTRIES]: Applying holder lookups: minecraft:worldgen/surface_builder
[11Dec2025 19:47:12.265] [Render thread/DEBUG] [net.minecraftforge.registries.GameData/REGISTRIES]: Holder lookups applied: minecraft:worldgen/surface_builder
[11Dec2025 19:47:12.265] [Render thread/DEBUG] [net.minecraftforge.registries.GameData/REGISTRIES]: Applying holder lookups: minecraft:worldgen/tree_decorator_type
[11Dec2025 19:47:12.266] [Render thread/DEBUG] [net.minecraftforge.registries.GameData/REGISTRIES]: Holder lookups applied: minecraft:worldgen/tree_decorator_type
[11Dec2025 19:47:12.421] [Render thread/DEBUG] [net.minecraftforge.fml.client.ClientModLoader/CORE]: Generating PackInfo named mod:forge for mod file /home/benja/.gradle/caches/forge_gradle/minecraft_user_repo/net/minecraftforge/forge/1.16.5-36.2.42_mapped_official_1.16.5/forge-1.16.5-36.2.42_mapped_official_1.16.5.jar
[11Dec2025 19:47:12.421] [Render thread/DEBUG] [net.minecraftforge.fml.client.ClientModLoader/CORE]: Generating PackInfo named mod:noitacraft for mod file /home/benja/Desktop/Mc_Modding/noitacraft/build/resources/main
[11Dec2025 19:47:12.590] [Render thread/DEBUG] [net.minecraftforge.coremod.transformer.CoreModBaseTransformer/COREMOD]: Transforming getArmPose with desc (Lnet/minecraft/client/entity/player/AbstractClientPlayerEntity;Lnet/minecraft/util/Hand;)Lnet/minecraft/client/renderer/entity/model/BipedModel$ArmPose;
[11Dec2025 19:47:12.634] [Render thread/DEBUG] [net.minecraftforge.coremod.transformer.CoreModBaseTransformer/COREMOD]: Transforming render with desc (Lnet/minecraft/entity/projectile/FishingBobberEntity;FFLcom/mojang/blaze3d/matrix/MatrixStack;Lnet/minecraft/client/renderer/IRenderTypeBuffer;I)V
[11Dec2025 19:47:12.880] [Render thread/DEBUG] [net.minecraftforge.coremod.transformer.CoreModBaseTransformer/COREMOD]: Transforming prepareMobModel with desc (Lnet/minecraft/entity/MobEntity;FFF)V
[11Dec2025 19:47:12.883] [Render thread/DEBUG] [net.minecraftforge.coremod.transformer.CoreModBaseTransformer/COREMOD]: Transforming setupAnim with desc (Lnet/minecraft/entity/MobEntity;FFFFF)V
[11Dec2025 19:47:12.945] [Render thread/DEBUG] [net.minecraftforge.coremod.transformer.CoreModBaseTransformer/COREMOD]: Transforming renderHandsWithItems with desc (FLcom/mojang/blaze3d/matrix/MatrixStack;Lnet/minecraft/client/renderer/IRenderTypeBuffer$Impl;Lnet/minecraft/client/entity/player/ClientPlayerEntity;I)V
[11Dec2025 19:47:12.957] [Render thread/DEBUG] [net.minecraftforge.coremod.transformer.CoreModBaseTransformer/COREMOD]: Transforming renderHandsWithItems with desc (FLcom/mojang/blaze3d/matrix/MatrixStack;Lnet/minecraft/client/renderer/IRenderTypeBuffer$Impl;Lnet/minecraft/client/entity/player/ClientPlayerEntity;I)V
[11Dec2025 19:47:12.966] [Render thread/DEBUG] [net.minecraftforge.coremod.transformer.CoreModBaseTransformer/COREMOD]: Transforming renderArmWithItem with desc (Lnet/minecraft/client/entity/player/AbstractClientPlayerEntity;FFLnet/minecraft/util/Hand;FLnet/minecraft/item/ItemStack;FLcom/mojang/blaze3d/matrix/MatrixStack;Lnet/minecraft/client/renderer/IRenderTypeBuffer;I)V
[11Dec2025 19:47:12.990] [Render thread/DEBUG] [net.minecraftforge.coremod.transformer.CoreModBaseTransformer/COREMOD]: Transforming renderArmWithItem with desc (Lnet/minecraft/client/entity/player/AbstractClientPlayerEntity;FFLnet/minecraft/util/Hand;FLnet/minecraft/item/ItemStack;FLcom/mojang/blaze3d/matrix/MatrixStack;Lnet/minecraft/client/renderer/IRenderTypeBuffer;I)V
[11Dec2025 19:47:13.089] [Render thread/DEBUG] [net.minecraftforge.coremod.transformer.CoreModBaseTransformer/COREMOD]: Transforming net/minecraft/util/math/vector/TransformationMatrix
[11Dec2025 19:47:13.153] [Render thread/DEBUG] [net.minecraftforge.coremod.transformer.CoreModBaseTransformer/COREMOD]: Transforming net/minecraft/util/math/vector/TransformationMatrix
[11Dec2025 19:47:13.520] [Render thread/DEBUG] [io.netty.util.internal.InternalThreadLocalMap/]: -Dio.netty.threadLocalMap.stringBuilder.initialSize: 1024
[11Dec2025 19:47:13.521] [Render thread/DEBUG] [io.netty.util.internal.InternalThreadLocalMap/]: -Dio.netty.threadLocalMap.stringBuilder.maxSize: 4096
[11Dec2025 19:47:13.523] [Render thread/DEBUG] [io.netty.util.internal.ThreadLocalRandom/]: -Dio.netty.initialSeedUniquifier: 0x62986c00d031828e
[11Dec2025 19:47:13.765] [Render thread/INFO] [com.mojang.text2speech.NarratorLinux/]: Narrator library successfully loaded
[11Dec2025 19:47:13.836] [Render thread/INFO] [net.minecraft.resources.SimpleReloadableResourceManager/]: Reloading ResourceManager: Default, Mod Resources
[11Dec2025 19:47:13.849] [modloading-worker-0/DEBUG] [net.minecraftforge.fml.config.ConfigTracker/CONFIG]: Loading configs type CLIENT
[11Dec2025 19:47:13.851] [modloading-worker-0/DEBUG] [net.minecraftforge.fml.config.ConfigFileTypeHandler/CONFIG]: Built TOML config for /home/benja/Desktop/Mc_Modding/noitacraft/run/config/forge-client.toml
[11Dec2025 19:47:13.852] [modloading-worker-0/DEBUG] [net.minecraftforge.fml.config.ConfigFileTypeHandler/CONFIG]: Loaded TOML config file /home/benja/Desktop/Mc_Modding/noitacraft/run/config/forge-client.toml
[11Dec2025 19:47:13.857] [modloading-worker-0/DEBUG] [net.minecraftforge.fml.config.ConfigFileTypeHandler/CONFIG]: Watching TOML config file /home/benja/Desktop/Mc_Modding/noitacraft/run/config/forge-client.toml for changes
[11Dec2025 19:47:13.861] [modloading-worker-0/DEBUG] [net.minecraftforge.common.ForgeConfig/FORGEMOD]: Loaded forge config file forge-client.toml
[11Dec2025 19:47:13.862] [Thread-0/DEBUG] [net.minecraftforge.fml.config.ConfigFileTypeHandler/CONFIG]: Config file forge-client.toml changed, sending notifies
[11Dec2025 19:47:13.862] [modloading-worker-0/DEBUG] [net.minecraftforge.fml.config.ConfigTracker/CONFIG]: Loading configs type COMMON
[11Dec2025 19:47:13.862] [modloading-worker-0/DEBUG] [net.minecraftforge.fml.config.ConfigFileTypeHandler/CONFIG]: Built TOML config for /home/benja/Desktop/Mc_Modding/noitacraft/run/config/forge-common.toml
[11Dec2025 19:47:13.862] [Thread-0/DEBUG] [net.minecraftforge.common.ForgeConfig/FORGEMOD]: Forge config just got changed on the file system!
[11Dec2025 19:47:13.863] [modloading-worker-0/DEBUG] [net.minecraftforge.fml.config.ConfigFileTypeHandler/CONFIG]: Loaded TOML config file /home/benja/Desktop/Mc_Modding/noitacraft/run/config/forge-common.toml
[11Dec2025 19:47:13.863] [modloading-worker-0/DEBUG] [net.minecraftforge.fml.config.ConfigFileTypeHandler/CONFIG]: Watching TOML config file /home/benja/Desktop/Mc_Modding/noitacraft/run/config/forge-common.toml for changes
[11Dec2025 19:47:13.864] [modloading-worker-0/DEBUG] [net.minecraftforge.common.ForgeConfig/FORGEMOD]: Loaded forge config file forge-common.toml
[11Dec2025 19:47:13.864] [Thread-0/DEBUG] [net.minecraftforge.fml.config.ConfigFileTypeHandler/CONFIG]: Config file forge-client.toml changed, sending notifies
[11Dec2025 19:47:13.864] [Thread-0/DEBUG] [net.minecraftforge.common.ForgeConfig/FORGEMOD]: Forge config just got changed on the file system!
[11Dec2025 19:47:13.866] [Thread-0/DEBUG] [net.minecraftforge.fml.config.ConfigFileTypeHandler/CONFIG]: Config file forge-common.toml changed, sending notifies
[11Dec2025 19:47:13.867] [Thread-0/DEBUG] [net.minecraftforge.common.ForgeConfig/FORGEMOD]: Forge config just got changed on the file system!
[11Dec2025 19:47:13.893] [Forge Version Check/INFO] [net.minecraftforge.fml.VersionChecker/]: [forge] Starting version check at https://files.minecraftforge.net/net/minecraftforge/forge/promotions_slim.json
[11Dec2025 19:47:14.060] [Render thread/DEBUG] [net.minecraftforge.fml.client.ClientModLoader/LOADING]: Running pre client event work
[11Dec2025 19:47:14.261] [Render thread/DEBUG] [net.minecraftforge.fml.client.ClientModLoader/LOADING]: Running post client event work
[11Dec2025 19:47:14.507] [Forge Version Check/DEBUG] [net.minecraftforge.fml.VersionChecker/]: [forge] Received version check data:
{
  "homepage": "https://files.minecraftforge.net/net/minecraftforge/forge/",
  "promos": {
    "1.1-latest": "1.3.4.29",
    "1.2.3-latest": "1.4.1.64",
    "1.2.4-latest": "2.0.0.68",
    "1.2.5-latest": "3.4.9.171",
    "1.3.2-latest": "4.3.5.318",
    "1.4.0-latest": "5.0.0.326",
    "1.4.1-latest": "6.0.0.329",
    "1.4.2-latest": "6.0.1.355",
    "1.4.3-latest": "6.2.1.358",
    "1.4.4-latest": "6.3.0.378",
    "1.4.5-latest": "6.4.2.448",
    "1.4.6-latest": "6.5.0.489",
    "1.4.7-latest": "6.6.2.534",
    "1.5-latest": "7.7.0.598",
    "1.5.1-latest": "7.7.2.682",
    "1.5.2-latest": "7.8.1.738",
    "1.5.2-recommended": "7.8.1.738",
    "1.6.1-latest": "8.9.0.775",
    "1.6.2-latest": "9.10.1.871",
    "1.6.2-recommended": "9.10.1.871",
    "1.6.3-latest": "9.11.0.878",
    "1.6.4-latest": "9.11.1.1345",
    "1.6.4-recommended": "9.11.1.1345",
    "1.7.2-latest": "10.12.2.1161",
    "1.7.2-recommended": "10.12.2.1161",
    "1.7.10-latest": "10.13.4.1614",
    "1.7.10-recommended": "10.13.4.1614",
    "1.8-latest": "11.14.4.1577",
    "1.8-recommended": "11.14.4.1563",
    "1.8.8-latest": "11.15.0.1655",
    "1.8.9-latest": "11.15.1.2318",
    "1.8.9-recommended": "11.15.1.2318",
    "1.9-latest": "12.16.1.1938",
    "1.9-recommended": "12.16.1.1887",
    "1.9.4-latest": "12.17.0.2317",
    "1.9.4-recommended": "12.17.0.2317",
    "1.10-latest": "12.18.0.2000",
    "1.10.2-latest": "12.18.3.2511",
    "1.10.2-recommended": "12.18.3.2511",
    "1.11-latest": "13.19.1.2199",
    "1.11-recommended": "13.19.1.2189",
    "1.11.2-latest": "13.20.1.2588",
    "1.11.2-recommended": "13.20.1.2588",
    "1.12-latest": "14.21.1.2443",
    "1.12-recommended": "14.21.1.2387",
    "1.12.1-latest": "14.22.1.2485",
    "1.12.1-recommended": "14.22.1.2478",
    "1.12.2-latest": "14.23.5.2864",
    "1.12.2-recommended": "14.23.5.2859",
    "1.13.2-latest": "25.0.223",
    "1.14.2-latest": "26.0.63",
    "1.14.3-latest": "27.0.60",
    "1.14.4-latest": "28.2.27",
    "1.14.4-recommended": "28.2.26",
    "1.15-latest": "29.0.4",
    "1.15.1-latest": "30.0.51",
    "1.15.2-latest": "31.2.60",
    "1.15.2-recommended": "31.2.57",
    "1.16.1-latest": "32.0.108",
    "1.16.2-latest": "33.0.61",
    "1.16.3-latest": "34.1.42",
    "1.16.3-recommended": "34.1.0",
    "1.16.4-latest": "35.1.37",
    "1.16.4-recommended": "35.1.4",
    "1.16.5-latest": "36.2.42",
    "1.16.5-recommended": "36.2.34",
    "1.17.1-latest": "37.1.1",
    "1.17.1-recommended": "37.1.1",
    "1.18-latest": "38.0.17",
    "1.18.1-latest": "39.1.2",
    "1.18.1-recommended": "39.1.0",
    "1.18.2-recommended": "40.3.0",
    "1.18.2-latest": "40.3.12",
    "1.19-latest": "41.1.0",
    "1.19-recommended": "41.1.0",
    "1.19.1-latest": "42.0.9",
    "1.19.2-recommended": "43.5.0",
    "1.19.2-latest": "43.5.2",
    "1.19.3-latest": "44.1.23",
    "1.19.3-recommended": "44.1.0",
    "1.19.4-recommended": "45.4.0",
    "1.19.4-latest": "45.4.3",
    "1.20-latest": "46.0.14",
    "1.20.1-recommended": "47.4.10",
    "1.20.1-latest": "47.4.13",
    "1.20.2-latest": "48.1.0",
    "1.20.2-recommended": "48.1.0",
    "1.20.3-latest": "49.0.2",
    "1.20.4-latest": "49.2.4",
    "1.20.4-recommended": "49.2.0",
    "1.20.6-latest": "50.2.4",
    "1.20.6-recommended": "50.2.0",
    "1.21-latest": "51.0.33",
    "1.21.1-latest": "52.1.8",
    "1.21.1-recommended": "52.1.0",
    "1.21.3-latest": "53.1.6",
    "1.21.3-recommended": "53.1.0",
    "1.21.4-latest": "54.1.11",
    "1.21.4-recommended": "54.1.0",
    "1.21.5-latest": "55.1.4",
    "1.21.5-recommended": "55.1.0",
    "1.21.6-latest": "56.0.9",
    "1.21.7-latest": "57.0.3",
    "1.21.8-latest": "58.1.11",
    "1.21.8-recommended": "58.1.0",
    "1.21.9-latest": "59.0.5",
    "1.21.10-latest": "60.1.5",
    "1.21.10-recommended": "60.1.0",
    "1.21.11-latest": "61.0.2"
  }
}
[11Dec2025 19:47:14.512] [Forge Version Check/INFO] [net.minecraftforge.fml.VersionChecker/]: [forge] Found status: AHEAD Current: 36.2.42 Target: null
[11Dec2025 19:47:15.914] [Worker-Main-14/WARN] [net.minecraft.client.renderer.model.ModelBakery/]: Exception loading blockstate definition: noitacraft:blockstates/test_block.json: java.io.FileNotFoundException: noitacraft:blockstates/test_block.json
[11Dec2025 19:47:15.915] [Worker-Main-14/WARN] [net.minecraft.client.renderer.model.ModelBakery/]: Exception loading blockstate definition: 'noitacraft:blockstates/test_block.json' missing model for variant: 'noitacraft:test_block#'
[11Dec2025 19:47:15.916] [Worker-Main-14/WARN] [net.minecraft.client.renderer.model.ModelBakery/]: Exception loading blockstate definition: noitacraft:blockstates/wand_altar.json: java.io.FileNotFoundException: noitacraft:blockstates/wand_altar.json
[11Dec2025 19:47:15.916] [Worker-Main-14/WARN] [net.minecraft.client.renderer.model.ModelBakery/]: Exception loading blockstate definition: 'noitacraft:blockstates/wand_altar.json' missing model for variant: 'noitacraft:wand_altar#'
[11Dec2025 19:47:16.095] [Worker-Main-14/WARN] [net.minecraft.client.renderer.model.ModelBakery/]: Unable to load model: 'noitacraft:test_block#inventory' referenced from: noitacraft:test_block#inventory: java.io.FileNotFoundException: noitacraft:models/item/test_block.json
[11Dec2025 19:47:16.096] [Worker-Main-14/WARN] [net.minecraft.client.renderer.model.ModelBakery/]: Unable to load model: 'noitacraft:wand_altar#inventory' referenced from: noitacraft:wand_altar#inventory: java.io.FileNotFoundException: noitacraft:models/item/wand_altar.json
[11Dec2025 19:47:16.505] [Worker-Main-14/WARN] [net.minecraft.client.renderer.texture.AtlasTexture/]: Texture noitacraft:item/test_item with size 600x600 limits mip level from 4 to 3
[11Dec2025 19:47:23.380] [modloading-worker-0/DEBUG] [net.minecraftforge.registries.GameData/REGISTRIES]: Freezing registries
[11Dec2025 19:47:23.381] [modloading-worker-0/DEBUG] [net.minecraftforge.registries.ForgeRegistry/REGISTRIES]: Registry minecraft:block Sync: FROZEN -> ACTIVE
[11Dec2025 19:47:23.402] [modloading-worker-0/DEBUG] [net.minecraftforge.registries.ForgeRegistry/REGISTRIES]: Registry minecraft:fluid Sync: FROZEN -> ACTIVE
[11Dec2025 19:47:23.403] [modloading-worker-0/DEBUG] [net.minecraftforge.registries.ForgeRegistry/REGISTRIES]: Registry minecraft:item Sync: FROZEN -> ACTIVE
[11Dec2025 19:47:23.425] [modloading-worker-0/DEBUG] [net.minecraftforge.registries.ForgeRegistry/REGISTRIES]: Registry minecraft:mob_effect Sync: FROZEN -> ACTIVE
[11Dec2025 19:47:23.427] [modloading-worker-0/DEBUG] [net.minecraftforge.registries.ForgeRegistry/REGISTRIES]: Registry minecraft:sound_event Sync: FROZEN -> ACTIVE
[11Dec2025 19:47:23.441] [modloading-worker-0/DEBUG] [net.minecraftforge.registries.ForgeRegistry/REGISTRIES]: Registry minecraft:potion Sync: FROZEN -> ACTIVE
[11Dec2025 19:47:23.442] [modloading-worker-0/DEBUG] [net.minecraftforge.registries.ForgeRegistry/REGISTRIES]: Registry minecraft:enchantment Sync: FROZEN -> ACTIVE
[11Dec2025 19:47:23.442] [modloading-worker-0/DEBUG] [net.minecraftforge.registries.ForgeRegistry/REGISTRIES]: Registry minecraft:entity_type Sync: FROZEN -> ACTIVE
[11Dec2025 19:47:23.443] [modloading-worker-0/DEBUG] [net.minecraftforge.registries.ForgeRegistry/REGISTRIES]: Registry minecraft:block_entity_type Sync: FROZEN -> ACTIVE
[11Dec2025 19:47:23.443] [modloading-worker-0/DEBUG] [net.minecraftforge.registries.ForgeRegistry/REGISTRIES]: Registry minecraft:particle_type Sync: FROZEN -> ACTIVE
[11Dec2025 19:47:23.444] [modloading-worker-0/DEBUG] [net.minecraftforge.registries.ForgeRegistry/REGISTRIES]: Registry minecraft:menu Sync: FROZEN -> ACTIVE
[11Dec2025 19:47:23.444] [modloading-worker-0/DEBUG] [net.minecraftforge.registries.ForgeRegistry/REGISTRIES]: Registry minecraft:motive Sync: FROZEN -> ACTIVE
[11Dec2025 19:47:23.445] [modloading-worker-0/DEBUG] [net.minecraftforge.registries.ForgeRegistry/REGISTRIES]: Registry minecraft:recipe_serializer Sync: FROZEN -> ACTIVE
[11Dec2025 19:47:23.445] [modloading-worker-0/DEBUG] [net.minecraftforge.registries.ForgeRegistry/REGISTRIES]: Registry minecraft:attribute Sync: FROZEN -> ACTIVE
[11Dec2025 19:47:23.445] [modloading-worker-0/DEBUG] [net.minecraftforge.registries.ForgeRegistry/REGISTRIES]: Registry minecraft:stat_type Sync: FROZEN -> ACTIVE
[11Dec2025 19:47:23.446] [modloading-worker-0/DEBUG] [net.minecraftforge.registries.ForgeRegistry/REGISTRIES]: Registry minecraft:villager_profession Sync: FROZEN -> ACTIVE
[11Dec2025 19:47:23.446] [modloading-worker-0/DEBUG] [net.minecraftforge.registries.ForgeRegistry/REGISTRIES]: Registry minecraft:point_of_interest_type Sync: FROZEN -> ACTIVE
[11Dec2025 19:47:23.446] [modloading-worker-0/DEBUG] [net.minecraftforge.registries.ForgeRegistry/REGISTRIES]: Registry minecraft:memory_module_type Sync: FROZEN -> ACTIVE
[11Dec2025 19:47:23.447] [modloading-worker-0/DEBUG] [net.minecraftforge.registries.ForgeRegistry/REGISTRIES]: Registry minecraft:sensor_type Sync: FROZEN -> ACTIVE
[11Dec2025 19:47:23.447] [modloading-worker-0/DEBUG] [net.minecraftforge.registries.ForgeRegistry/REGISTRIES]: Registry minecraft:schedule Sync: FROZEN -> ACTIVE
[11Dec2025 19:47:23.447] [modloading-worker-0/DEBUG] [net.minecraftforge.registries.ForgeRegistry/REGISTRIES]: Registry minecraft:activity Sync: FROZEN -> ACTIVE
[11Dec2025 19:47:23.447] [modloading-worker-0/DEBUG] [net.minecraftforge.registries.ForgeRegistry/REGISTRIES]: Registry minecraft:worldgen/carver Sync: FROZEN -> ACTIVE
[11Dec2025 19:47:23.448] [modloading-worker-0/DEBUG] [net.minecraftforge.registries.ForgeRegistry/REGISTRIES]: Registry minecraft:worldgen/surface_builder Sync: FROZEN -> ACTIVE
[11Dec2025 19:47:23.448] [modloading-worker-0/DEBUG] [net.minecraftforge.registries.ForgeRegistry/REGISTRIES]: Registry minecraft:worldgen/feature Sync: FROZEN -> ACTIVE
[11Dec2025 19:47:23.449] [modloading-worker-0/DEBUG] [net.minecraftforge.registries.ForgeRegistry/REGISTRIES]: Registry minecraft:worldgen/decorator Sync: FROZEN -> ACTIVE
[11Dec2025 19:47:23.449] [modloading-worker-0/DEBUG] [net.minecraftforge.registries.ForgeRegistry/REGISTRIES]: Registry minecraft:chunk_status Sync: FROZEN -> ACTIVE
[11Dec2025 19:47:23.449] [modloading-worker-0/DEBUG] [net.minecraftforge.registries.ForgeRegistry/REGISTRIES]: Registry minecraft:worldgen/structure_feature Sync: FROZEN -> ACTIVE
[11Dec2025 19:47:23.450] [modloading-worker-0/DEBUG] [net.minecraftforge.registries.ForgeRegistry/REGISTRIES]: Registry minecraft:worldgen/block_state_provider_type Sync: FROZEN -> ACTIVE
[11Dec2025 19:47:23.450] [modloading-worker-0/DEBUG] [net.minecraftforge.registries.ForgeRegistry/REGISTRIES]: Registry minecraft:worldgen/block_placer_type Sync: FROZEN -> ACTIVE
[11Dec2025 19:47:23.450] [modloading-worker-0/DEBUG] [net.minecraftforge.registries.ForgeRegistry/REGISTRIES]: Registry minecraft:worldgen/foliage_placer_type Sync: FROZEN -> ACTIVE
[11Dec2025 19:47:23.450] [modloading-worker-0/DEBUG] [net.minecraftforge.registries.ForgeRegistry/REGISTRIES]: Registry minecraft:worldgen/tree_decorator_type Sync: FROZEN -> ACTIVE
[11Dec2025 19:47:23.450] [modloading-worker-0/DEBUG] [net.minecraftforge.registries.ForgeRegistry/REGISTRIES]: Registry minecraft:worldgen/biome Sync: FROZEN -> ACTIVE
[11Dec2025 19:47:23.451] [modloading-worker-0/DEBUG] [net.minecraftforge.registries.ForgeRegistry/REGISTRIES]: Registry minecraft:data_serializers Sync: FROZEN -> ACTIVE
[11Dec2025 19:47:23.451] [modloading-worker-0/DEBUG] [net.minecraftforge.registries.ForgeRegistry/REGISTRIES]: Registry forge:loot_modifier_serializers Sync: FROZEN -> ACTIVE
[11Dec2025 19:47:23.451] [modloading-worker-0/DEBUG] [net.minecraftforge.registries.ForgeRegistry/REGISTRIES]: Registry forge:world_types Sync: FROZEN -> ACTIVE
[11Dec2025 19:47:24.347] [modloading-worker-0/DEBUG] [net.minecraftforge.registries.GameData/REGISTRIES]: All registries frozen
[11Dec2025 19:47:24.408] [Render thread/DEBUG] [net.minecraftforge.fml.ForgeI18n/CORE]: Loading I18N data entries: 5260
[11Dec2025 19:47:25.602] [Render thread/INFO] [net.minecraft.client.audio.SoundSystem/]: OpenAL initialized.
[11Dec2025 19:47:25.603] [Render thread/INFO] [net.minecraft.client.audio.SoundEngine/SOUNDS]: Sound engine started
[11Dec2025 19:47:25.823] [Render thread/INFO] [net.minecraft.client.renderer.texture.AtlasTexture/]: Created: 1024x1024x4 minecraft:textures/atlas/blocks.png-atlas
[11Dec2025 19:47:25.907] [Render thread/INFO] [net.minecraft.client.renderer.texture.AtlasTexture/]: Created: 256x128x4 minecraft:textures/atlas/signs.png-atlas
[11Dec2025 19:47:25.908] [Render thread/INFO] [net.minecraft.client.renderer.texture.AtlasTexture/]: Created: 512x512x4 minecraft:textures/atlas/banner_patterns.png-atlas
[11Dec2025 19:47:25.912] [Render thread/INFO] [net.minecraft.client.renderer.texture.AtlasTexture/]: Created: 512x512x4 minecraft:textures/atlas/shield_patterns.png-atlas
[11Dec2025 19:47:25.915] [Render thread/INFO] [net.minecraft.client.renderer.texture.AtlasTexture/]: Created: 256x256x4 minecraft:textures/atlas/chest.png-atlas
[11Dec2025 19:47:25.915] [Render thread/INFO] [net.minecraft.client.renderer.texture.AtlasTexture/]: Created: 512x256x4 minecraft:textures/atlas/beds.png-atlas
[11Dec2025 19:47:25.917] [Render thread/INFO] [net.minecraft.client.renderer.texture.AtlasTexture/]: Created: 512x256x4 minecraft:textures/atlas/shulker_boxes.png-atlas
[11Dec2025 19:47:26.546] [Render thread/INFO] [net.minecraft.client.renderer.texture.AtlasTexture/]: Created: 256x256x0 minecraft:textures/atlas/particles.png-atlas
[11Dec2025 19:47:26.554] [Render thread/INFO] [net.minecraft.client.renderer.texture.AtlasTexture/]: Created: 256x256x0 minecraft:textures/atlas/paintings.png-atlas
[11Dec2025 19:47:26.561] [Render thread/INFO] [net.minecraft.client.renderer.texture.AtlasTexture/]: Created: 128x128x0 minecraft:textures/atlas/mob_effects.png-atlas
[11Dec2025 19:47:26.896] [Realms Notification Availability checker #1/INFO] [com.mojang.realmsclient.client.RealmsClient/]: Could not authorize you against Realms server: java.lang.RuntimeException: Failed to parse into SignedJWT: DONT_CRASH
[11Dec2025 19:47:36.918] [Render thread/DEBUG] [net.minecraftforge.common.ForgeTagHandler/]: Populated the TagCollectionManager with 3 extra types
[11Dec2025 19:47:37.102] [Render thread/DEBUG] [net.minecraftforge.fml.server.ServerLifecycleHooks/CORE]: Generating PackInfo named mod:forge for mod file /home/benja/.gradle/caches/forge_gradle/minecraft_user_repo/net/minecraftforge/forge/1.16.5-36.2.42_mapped_official_1.16.5/forge-1.16.5-36.2.42_mapped_official_1.16.5.jar
[11Dec2025 19:47:37.103] [Render thread/DEBUG] [net.minecraftforge.fml.server.ServerLifecycleHooks/CORE]: Generating PackInfo named mod:noitacraft for mod file /home/benja/Desktop/Mc_Modding/noitacraft/build/resources/main
[11Dec2025 19:47:37.108] [Render thread/DEBUG] [net.minecraftforge.common.ForgeTagHandler/]: Gathering custom tag collection reader from types.
[11Dec2025 19:47:37.282] [Render thread/WARN] [net.minecraft.command.Commands/]: Ambiguity between arguments [teleport, destination] and [teleport, targets] with inputs: [Player, 0123, @e, dd12be42-52a9-4a91-a8a1-11c01849e498]
[11Dec2025 19:47:37.283] [Render thread/WARN] [net.minecraft.command.Commands/]: Ambiguity between arguments [teleport, location] and [teleport, destination] with inputs: [0.1 -0.5 .9, 0 0 0]
[11Dec2025 19:47:37.284] [Render thread/WARN] [net.minecraft.command.Commands/]: Ambiguity between arguments [teleport, location] and [teleport, targets] with inputs: [0.1 -0.5 .9, 0 0 0]
[11Dec2025 19:47:37.285] [Render thread/WARN] [net.minecraft.command.Commands/]: Ambiguity between arguments [teleport, targets] and [teleport, destination] with inputs: [Player, 0123, dd12be42-52a9-4a91-a8a1-11c01849e498]
[11Dec2025 19:47:37.286] [Render thread/WARN] [net.minecraft.command.Commands/]: Ambiguity between arguments [teleport, targets, location] and [teleport, targets, destination] with inputs: [0.1 -0.5 .9, 0 0 0]
[11Dec2025 19:47:37.290] [Render thread/INFO] [net.minecraft.resources.SimpleReloadableResourceManager/]: Reloading ResourceManager: Default, forge-1.16.5-36.2.42_mapped_official_1.16.5.jar, main
[11Dec2025 19:47:37.579] [Render thread/INFO] [net.minecraft.item.crafting.RecipeManager/]: Loaded 7 recipes
[11Dec2025 19:47:37.876] [Render thread/INFO] [net.minecraft.advancements.AdvancementList/]: Loaded 927 advancements
[11Dec2025 19:47:37.979] [Render thread/INFO] [net.minecraftforge.registries.GameData/REGISTRIES]: Injecting existing registry data into this CLIENT instance
[11Dec2025 19:47:38.027] [Render thread/DEBUG] [net.minecraftforge.registries.ForgeRegistry/REGISTRIES]: Registry minecraft:block Sync: ACTIVE -> STAGING
[11Dec2025 19:47:38.033] [Render thread/DEBUG] [net.minecraftforge.registries.ForgeRegistry/REGISTRIES]: Registry minecraft:fluid Sync: ACTIVE -> STAGING
[11Dec2025 19:47:38.033] [Render thread/DEBUG] [net.minecraftforge.registries.ForgeRegistry/REGISTRIES]: Registry minecraft:item Sync: ACTIVE -> STAGING
[11Dec2025 19:47:38.039] [Render thread/DEBUG] [net.minecraftforge.registries.ForgeRegistry/REGISTRIES]: Registry minecraft:mob_effect Sync: ACTIVE -> STAGING
[11Dec2025 19:47:38.040] [Render thread/DEBUG] [net.minecraftforge.registries.ForgeRegistry/REGISTRIES]: Registry minecraft:sound_event Sync: ACTIVE -> STAGING
[11Dec2025 19:47:38.046] [Render thread/DEBUG] [net.minecraftforge.registries.ForgeRegistry/REGISTRIES]: Registry minecraft:potion Sync: ACTIVE -> STAGING
[11Dec2025 19:47:38.046] [Render thread/DEBUG] [net.minecraftforge.registries.ForgeRegistry/REGISTRIES]: Registry minecraft:enchantment Sync: ACTIVE -> STAGING
[11Dec2025 19:47:38.047] [Render thread/DEBUG] [net.minecraftforge.registries.ForgeRegistry/REGISTRIES]: Registry minecraft:entity_type Sync: ACTIVE -> STAGING
[11Dec2025 19:47:38.047] [Render thread/DEBUG] [net.minecraftforge.registries.ForgeRegistry/REGISTRIES]: Registry minecraft:block_entity_type Sync: ACTIVE -> STAGING
[11Dec2025 19:47:38.047] [Render thread/DEBUG] [net.minecraftforge.registries.ForgeRegistry/REGISTRIES]: Registry minecraft:particle_type Sync: ACTIVE -> STAGING
[11Dec2025 19:47:38.048] [Render thread/DEBUG] [net.minecraftforge.registries.ForgeRegistry/REGISTRIES]: Registry minecraft:menu Sync: ACTIVE -> STAGING
[11Dec2025 19:47:38.048] [Render thread/DEBUG] [net.minecraftforge.registries.ForgeRegistry/REGISTRIES]: Registry minecraft:motive Sync: ACTIVE -> STAGING
[11Dec2025 19:47:38.048] [Render thread/DEBUG] [net.minecraftforge.registries.ForgeRegistry/REGISTRIES]: Registry minecraft:recipe_serializer Sync: ACTIVE -> STAGING
[11Dec2025 19:47:38.049] [Render thread/DEBUG] [net.minecraftforge.registries.ForgeRegistry/REGISTRIES]: Registry minecraft:attribute Sync: ACTIVE -> STAGING
[11Dec2025 19:47:38.049] [Render thread/DEBUG] [net.minecraftforge.registries.ForgeRegistry/REGISTRIES]: Registry minecraft:stat_type Sync: ACTIVE -> STAGING
[11Dec2025 19:47:38.049] [Render thread/DEBUG] [net.minecraftforge.registries.ForgeRegistry/REGISTRIES]: Registry minecraft:villager_profession Sync: ACTIVE -> STAGING
[11Dec2025 19:47:38.049] [Render thread/DEBUG] [net.minecraftforge.registries.ForgeRegistry/REGISTRIES]: Registry minecraft:point_of_interest_type Sync: ACTIVE -> STAGING
[11Dec2025 19:47:38.049] [Render thread/DEBUG] [net.minecraftforge.registries.ForgeRegistry/REGISTRIES]: Registry minecraft:memory_module_type Sync: ACTIVE -> STAGING
[11Dec2025 19:47:38.050] [Render thread/DEBUG] [net.minecraftforge.registries.ForgeRegistry/REGISTRIES]: Registry minecraft:sensor_type Sync: ACTIVE -> STAGING
[11Dec2025 19:47:38.050] [Render thread/DEBUG] [net.minecraftforge.registries.ForgeRegistry/REGISTRIES]: Registry minecraft:schedule Sync: ACTIVE -> STAGING
[11Dec2025 19:47:38.050] [Render thread/DEBUG] [net.minecraftforge.registries.ForgeRegistry/REGISTRIES]: Registry minecraft:activity Sync: ACTIVE -> STAGING
[11Dec2025 19:47:38.050] [Render thread/DEBUG] [net.minecraftforge.registries.ForgeRegistry/REGISTRIES]: Registry minecraft:worldgen/carver Sync: ACTIVE -> STAGING
[11Dec2025 19:47:38.050] [Render thread/DEBUG] [net.minecraftforge.registries.ForgeRegistry/REGISTRIES]: Registry minecraft:worldgen/surface_builder Sync: ACTIVE -> STAGING
[11Dec2025 19:47:38.050] [Render thread/DEBUG] [net.minecraftforge.registries.ForgeRegistry/REGISTRIES]: Registry minecraft:worldgen/feature Sync: ACTIVE -> STAGING
[11Dec2025 19:47:38.051] [Render thread/DEBUG] [net.minecraftforge.registries.ForgeRegistry/REGISTRIES]: Registry minecraft:worldgen/decorator Sync: ACTIVE -> STAGING
[11Dec2025 19:47:38.051] [Render thread/DEBUG] [net.minecraftforge.registries.ForgeRegistry/REGISTRIES]: Registry minecraft:chunk_status Sync: ACTIVE -> STAGING
[11Dec2025 19:47:38.051] [Render thread/DEBUG] [net.minecraftforge.registries.ForgeRegistry/REGISTRIES]: Registry minecraft:worldgen/structure_feature Sync: ACTIVE -> STAGING
[11Dec2025 19:47:38.051] [Render thread/DEBUG] [net.minecraftforge.registries.ForgeRegistry/REGISTRIES]: Registry minecraft:worldgen/block_state_provider_type Sync: ACTIVE -> STAGING
[11Dec2025 19:47:38.051] [Render thread/DEBUG] [net.minecraftforge.registries.ForgeRegistry/REGISTRIES]: Registry minecraft:worldgen/block_placer_type Sync: ACTIVE -> STAGING
[11Dec2025 19:47:38.051] [Render thread/DEBUG] [net.minecraftforge.registries.ForgeRegistry/REGISTRIES]: Registry minecraft:worldgen/foliage_placer_type Sync: ACTIVE -> STAGING
[11Dec2025 19:47:38.051] [Render thread/DEBUG] [net.minecraftforge.registries.ForgeRegistry/REGISTRIES]: Registry minecraft:worldgen/tree_decorator_type Sync: ACTIVE -> STAGING
[11Dec2025 19:47:38.051] [Render thread/DEBUG] [net.minecraftforge.registries.ForgeRegistry/REGISTRIES]: Registry minecraft:worldgen/biome Sync: ACTIVE -> STAGING
[11Dec2025 19:47:38.052] [Render thread/DEBUG] [net.minecraftforge.registries.ForgeRegistry/REGISTRIES]: Registry minecraft:data_serializers Sync: ACTIVE -> STAGING
[11Dec2025 19:47:38.052] [Render thread/DEBUG] [net.minecraftforge.registries.ForgeRegistry/REGISTRIES]: Registry forge:loot_modifier_serializers Sync: ACTIVE -> STAGING
[11Dec2025 19:47:38.052] [Render thread/DEBUG] [net.minecraftforge.registries.ForgeRegistry/REGISTRIES]: Registry forge:world_types Sync: ACTIVE -> STAGING
[11Dec2025 19:47:38.504] [Render thread/DEBUG] [net.minecraftforge.registries.ObjectHolderRegistry/REGISTRIES]: Applying holder lookups
[11Dec2025 19:47:38.509] [Render thread/DEBUG] [net.minecraftforge.registries.ObjectHolderRegistry/REGISTRIES]: Holder lookups applied
[11Dec2025 19:47:38.628] [Render thread/DEBUG] [net.minecraftforge.fml.server.ServerLifecycleHooks/CORE]: Generating PackInfo named mod:forge for mod file /home/benja/.gradle/caches/forge_gradle/minecraft_user_repo/net/minecraftforge/forge/1.16.5-36.2.42_mapped_official_1.16.5/forge-1.16.5-36.2.42_mapped_official_1.16.5.jar
[11Dec2025 19:47:38.629] [Render thread/DEBUG] [net.minecraftforge.fml.server.ServerLifecycleHooks/CORE]: Generating PackInfo named mod:noitacraft for mod file /home/benja/Desktop/Mc_Modding/noitacraft/build/resources/main
[11Dec2025 19:47:38.629] [Render thread/DEBUG] [net.minecraftforge.common.ForgeTagHandler/]: Gathering custom tag collection reader from types.
[11Dec2025 19:47:38.638] [Render thread/WARN] [net.minecraft.command.Commands/]: Ambiguity between arguments [teleport, destination] and [teleport, targets] with inputs: [Player, 0123, @e, dd12be42-52a9-4a91-a8a1-11c01849e498]
[11Dec2025 19:47:38.639] [Render thread/WARN] [net.minecraft.command.Commands/]: Ambiguity between arguments [teleport, location] and [teleport, destination] with inputs: [0.1 -0.5 .9, 0 0 0]
[11Dec2025 19:47:38.640] [Render thread/WARN] [net.minecraft.command.Commands/]: Ambiguity between arguments [teleport, location] and [teleport, targets] with inputs: [0.1 -0.5 .9, 0 0 0]
[11Dec2025 19:47:38.641] [Render thread/WARN] [net.minecraft.command.Commands/]: Ambiguity between arguments [teleport, targets] and [teleport, destination] with inputs: [Player, 0123, dd12be42-52a9-4a91-a8a1-11c01849e498]
[11Dec2025 19:47:38.642] [Render thread/WARN] [net.minecraft.command.Commands/]: Ambiguity between arguments [teleport, targets, location] and [teleport, targets, destination] with inputs: [0.1 -0.5 .9, 0 0 0]
[11Dec2025 19:47:38.642] [Render thread/INFO] [net.minecraft.resources.SimpleReloadableResourceManager/]: Reloading ResourceManager: Default, forge-1.16.5-36.2.42_mapped_official_1.16.5.jar, main
[11Dec2025 19:47:38.806] [Render thread/INFO] [net.minecraft.item.crafting.RecipeManager/]: Loaded 7 recipes
[11Dec2025 19:47:38.939] [Render thread/INFO] [net.minecraft.advancements.AdvancementList/]: Loaded 927 advancements
[11Dec2025 19:47:38.961] [Render thread/INFO] [net.minecraftforge.registries.GameData/REGISTRIES]: Injecting existing registry data into this CLIENT instance
[11Dec2025 19:47:38.989] [Render thread/DEBUG] [net.minecraftforge.registries.ForgeRegistry/REGISTRIES]: Registry minecraft:block Sync: ACTIVE -> STAGING
[11Dec2025 19:47:38.993] [Render thread/DEBUG] [net.minecraftforge.registries.ForgeRegistry/REGISTRIES]: Registry minecraft:fluid Sync: ACTIVE -> STAGING
[11Dec2025 19:47:38.993] [Render thread/DEBUG] [net.minecraftforge.registries.ForgeRegistry/REGISTRIES]: Registry minecraft:item Sync: ACTIVE -> STAGING
[11Dec2025 19:47:38.998] [Render thread/DEBUG] [net.minecraftforge.registries.ForgeRegistry/REGISTRIES]: Registry minecraft:mob_effect Sync: ACTIVE -> STAGING
[11Dec2025 19:47:38.998] [Render thread/DEBUG] [net.minecraftforge.registries.ForgeRegistry/REGISTRIES]: Registry minecraft:sound_event Sync: ACTIVE -> STAGING
[11Dec2025 19:47:39.003] [Render thread/DEBUG] [net.minecraftforge.registries.ForgeRegistry/REGISTRIES]: Registry minecraft:potion Sync: ACTIVE -> STAGING
[11Dec2025 19:47:39.004] [Render thread/DEBUG] [net.minecraftforge.registries.ForgeRegistry/REGISTRIES]: Registry minecraft:enchantment Sync: ACTIVE -> STAGING
[11Dec2025 19:47:39.004] [Render thread/DEBUG] [net.minecraftforge.registries.ForgeRegistry/REGISTRIES]: Registry minecraft:entity_type Sync: ACTIVE -> STAGING
[11Dec2025 19:47:39.004] [Render thread/DEBUG] [net.minecraftforge.registries.ForgeRegistry/REGISTRIES]: Registry minecraft:block_entity_type Sync: ACTIVE -> STAGING
[11Dec2025 19:47:39.004] [Render thread/DEBUG] [net.minecraftforge.registries.ForgeRegistry/REGISTRIES]: Registry minecraft:particle_type Sync: ACTIVE -> STAGING
[11Dec2025 19:47:39.005] [Render thread/DEBUG] [net.minecraftforge.registries.ForgeRegistry/REGISTRIES]: Registry minecraft:menu Sync: ACTIVE -> STAGING
[11Dec2025 19:47:39.005] [Render thread/DEBUG] [net.minecraftforge.registries.ForgeRegistry/REGISTRIES]: Registry minecraft:motive Sync: ACTIVE -> STAGING
[11Dec2025 19:47:39.005] [Render thread/DEBUG] [net.minecraftforge.registries.ForgeRegistry/REGISTRIES]: Registry minecraft:recipe_serializer Sync: ACTIVE -> STAGING
[11Dec2025 19:47:39.005] [Render thread/DEBUG] [net.minecraftforge.registries.ForgeRegistry/REGISTRIES]: Registry minecraft:attribute Sync: ACTIVE -> STAGING
[11Dec2025 19:47:39.005] [Render thread/DEBUG] [net.minecraftforge.registries.ForgeRegistry/REGISTRIES]: Registry minecraft:stat_type Sync: ACTIVE -> STAGING
[11Dec2025 19:47:39.005] [Render thread/DEBUG] [net.minecraftforge.registries.ForgeRegistry/REGISTRIES]: Registry minecraft:villager_profession Sync: ACTIVE -> STAGING
[11Dec2025 19:47:39.005] [Render thread/DEBUG] [net.minecraftforge.registries.ForgeRegistry/REGISTRIES]: Registry minecraft:point_of_interest_type Sync: ACTIVE -> STAGING
[11Dec2025 19:47:39.006] [Render thread/DEBUG] [net.minecraftforge.registries.ForgeRegistry/REGISTRIES]: Registry minecraft:memory_module_type Sync: ACTIVE -> STAGING
[11Dec2025 19:47:39.006] [Render thread/DEBUG] [net.minecraftforge.registries.ForgeRegistry/REGISTRIES]: Registry minecraft:sensor_type Sync: ACTIVE -> STAGING
[11Dec2025 19:47:39.006] [Render thread/DEBUG] [net.minecraftforge.registries.ForgeRegistry/REGISTRIES]: Registry minecraft:schedule Sync: ACTIVE -> STAGING
[11Dec2025 19:47:39.006] [Render thread/DEBUG] [net.minecraftforge.registries.ForgeRegistry/REGISTRIES]: Registry minecraft:activity Sync: ACTIVE -> STAGING
[11Dec2025 19:47:39.006] [Render thread/DEBUG] [net.minecraftforge.registries.ForgeRegistry/REGISTRIES]: Registry minecraft:worldgen/carver Sync: ACTIVE -> STAGING
[11Dec2025 19:47:39.006] [Render thread/DEBUG] [net.minecraftforge.registries.ForgeRegistry/REGISTRIES]: Registry minecraft:worldgen/surface_builder Sync: ACTIVE -> STAGING
[11Dec2025 19:47:39.006] [Render thread/DEBUG] [net.minecraftforge.registries.ForgeRegistry/REGISTRIES]: Registry minecraft:worldgen/feature Sync: ACTIVE -> STAGING
[11Dec2025 19:47:39.007] [Render thread/DEBUG] [net.minecraftforge.registries.ForgeRegistry/REGISTRIES]: Registry minecraft:worldgen/decorator Sync: ACTIVE -> STAGING
[11Dec2025 19:47:39.007] [Render thread/DEBUG] [net.minecraftforge.registries.ForgeRegistry/REGISTRIES]: Registry minecraft:chunk_status Sync: ACTIVE -> STAGING
[11Dec2025 19:47:39.007] [Render thread/DEBUG] [net.minecraftforge.registries.ForgeRegistry/REGISTRIES]: Registry minecraft:worldgen/structure_feature Sync: ACTIVE -> STAGING
[11Dec2025 19:47:39.007] [Render thread/DEBUG] [net.minecraftforge.registries.ForgeRegistry/REGISTRIES]: Registry minecraft:worldgen/block_state_provider_type Sync: ACTIVE -> STAGING
[11Dec2025 19:47:39.007] [Render thread/DEBUG] [net.minecraftforge.registries.ForgeRegistry/REGISTRIES]: Registry minecraft:worldgen/block_placer_type Sync: ACTIVE -> STAGING
[11Dec2025 19:47:39.007] [Render thread/DEBUG] [net.minecraftforge.registries.ForgeRegistry/REGISTRIES]: Registry minecraft:worldgen/foliage_placer_type Sync: ACTIVE -> STAGING
[11Dec2025 19:47:39.007] [Render thread/DEBUG] [net.minecraftforge.registries.ForgeRegistry/REGISTRIES]: Registry minecraft:worldgen/tree_decorator_type Sync: ACTIVE -> STAGING
[11Dec2025 19:47:39.007] [Render thread/DEBUG] [net.minecraftforge.registries.ForgeRegistry/REGISTRIES]: Registry minecraft:worldgen/biome Sync: ACTIVE -> STAGING
[11Dec2025 19:47:39.007] [Render thread/DEBUG] [net.minecraftforge.registries.ForgeRegistry/REGISTRIES]: Registry minecraft:data_serializers Sync: ACTIVE -> STAGING
[11Dec2025 19:47:39.007] [Render thread/DEBUG] [net.minecraftforge.registries.ForgeRegistry/REGISTRIES]: Registry forge:loot_modifier_serializers Sync: ACTIVE -> STAGING
[11Dec2025 19:47:39.007] [Render thread/DEBUG] [net.minecraftforge.registries.ForgeRegistry/REGISTRIES]: Registry forge:world_types Sync: ACTIVE -> STAGING
[11Dec2025 19:47:39.340] [Render thread/DEBUG] [net.minecraftforge.registries.ObjectHolderRegistry/REGISTRIES]: Applying holder lookups
[11Dec2025 19:47:39.342] [Render thread/DEBUG] [net.minecraftforge.registries.ObjectHolderRegistry/REGISTRIES]: Holder lookups applied
[11Dec2025 19:47:39.383] [Render thread/DEBUG] [net.minecraftforge.fml.FMLWorldPersistenceHook/WP]: Gathering id map for writing to world save testeo
[11Dec2025 19:47:39.390] [Render thread/DEBUG] [net.minecraftforge.fml.FMLWorldPersistenceHook/WP]: ID Map collection complete testeo
[11Dec2025 19:47:39.716] [Render thread/INFO] [com.mojang.authlib.yggdrasil.YggdrasilAuthenticationService/]: Environment: authHost='https://authserver.mojang.com', accountsHost='https://api.mojang.com', sessionHost='https://sessionserver.mojang.com', servicesHost='https://api.minecraftservices.com', name='PROD'
[11Dec2025 19:47:39.755] [Server thread/INFO] [net.minecraft.server.integrated.IntegratedServer/]: Starting integrated minecraft server version 1.16.5
[11Dec2025 19:47:39.756] [Server thread/INFO] [net.minecraft.server.MinecraftServer/]: Generating keypair
[11Dec2025 19:47:39.915] [Server thread/DEBUG] [net.minecraftforge.fml.loading.FileUtils/CORE]: Found existing serverconfig directory : ./saves/testeo/serverconfig
[11Dec2025 19:47:39.915] [Server thread/DEBUG] [net.minecraftforge.fml.config.ConfigTracker/CONFIG]: Loading configs type SERVER
[11Dec2025 19:47:39.915] [Server thread/DEBUG] [net.minecraftforge.fml.config.ConfigFileTypeHandler/CONFIG]: Built TOML config for ./saves/testeo/serverconfig/forge-server.toml
[11Dec2025 19:47:39.917] [Server thread/DEBUG] [net.minecraftforge.fml.config.ConfigFileTypeHandler/CONFIG]: Loaded TOML config file ./saves/testeo/serverconfig/forge-server.toml
[11Dec2025 19:47:39.918] [Server thread/DEBUG] [net.minecraftforge.fml.config.ConfigFileTypeHandler/CONFIG]: Watching TOML config file ./saves/testeo/serverconfig/forge-server.toml for changes
[11Dec2025 19:47:39.919] [Server thread/DEBUG] [net.minecraftforge.common.ForgeConfig/FORGEMOD]: Loaded forge config file forge-server.toml
[11Dec2025 19:47:39.919] [Thread-0/DEBUG] [net.minecraftforge.fml.config.ConfigFileTypeHandler/CONFIG]: Config file forge-server.toml changed, sending notifies
[11Dec2025 19:47:39.920] [Thread-0/DEBUG] [net.minecraftforge.common.ForgeConfig/FORGEMOD]: Forge config just got changed on the file system!
[11Dec2025 19:47:39.921] [Thread-0/DEBUG] [net.minecraftforge.fml.config.ConfigFileTypeHandler/CONFIG]: Config file forge-server.toml changed, sending notifies
[11Dec2025 19:47:39.921] [Thread-0/DEBUG] [net.minecraftforge.common.ForgeConfig/FORGEMOD]: Forge config just got changed on the file system!
[11Dec2025 19:47:40.070] [Server thread/INFO] [net.minecraft.server.MinecraftServer/]: Preparing start region for dimension minecraft:overworld
[11Dec2025 19:47:40.792] [Render thread/INFO] [net.minecraft.world.chunk.listener.LoggingChunkStatusListener/]: Preparing spawn area: 0%
[11Dec2025 19:47:40.792] [Render thread/INFO] [net.minecraft.world.chunk.listener.LoggingChunkStatusListener/]: Preparing spawn area: 0%
[11Dec2025 19:47:41.155] [Render thread/INFO] [net.minecraft.world.chunk.listener.LoggingChunkStatusListener/]: Preparing spawn area: 42%
[11Dec2025 19:47:41.368] [Render thread/INFO] [net.minecraft.world.chunk.listener.LoggingChunkStatusListener/]: Time elapsed: 1276 ms
[11Dec2025 19:47:41.392] [Server thread/DEBUG] [io.netty.buffer.AbstractByteBuf/]: -Dio.netty.buffer.bytebuf.checkAccessible: true
[11Dec2025 19:47:41.394] [Server thread/DEBUG] [io.netty.util.ResourceLeakDetectorFactory/]: Loaded default ResourceLeakDetector: io.netty.util.ResourceLeakDetector@5f763da
[11Dec2025 19:47:41.563] [Server thread/INFO] [net.minecraft.server.integrated.IntegratedServer/]: Changing view distance to 11, from 10
[11Dec2025 19:47:41.586] [Render thread/DEBUG] [io.netty.channel.MultithreadEventLoopGroup/]: -Dio.netty.eventLoopThreads: 24
[11Dec2025 19:47:41.610] [Render thread/DEBUG] [io.netty.channel.nio.NioEventLoop/]: -Dio.netty.noKeySetOptimization: false
[11Dec2025 19:47:41.611] [Render thread/DEBUG] [io.netty.channel.nio.NioEventLoop/]: -Dio.netty.selectorAutoRebuildThreshold: 512
[11Dec2025 19:47:41.619] [Render thread/DEBUG] [io.netty.util.internal.PlatformDependent/]: org.jctools-core.MpscChunkedArrayQueue: available
[11Dec2025 19:47:41.641] [Render thread/DEBUG] [io.netty.channel.DefaultChannelId/]: -Dio.netty.processId: 25444 (auto-detected)
[11Dec2025 19:47:41.644] [Render thread/DEBUG] [io.netty.util.NetUtil/]: -Djava.net.preferIPv4Stack: false
[11Dec2025 19:47:41.645] [Render thread/DEBUG] [io.netty.util.NetUtil/]: -Djava.net.preferIPv6Addresses: false
[11Dec2025 19:47:41.646] [Render thread/DEBUG] [io.netty.util.NetUtil/]: Loopback interface: lo (lo, 0:0:0:0:0:0:0:1%lo)
[11Dec2025 19:47:41.647] [Render thread/DEBUG] [io.netty.util.NetUtil/]: /proc/sys/net/core/somaxconn: 4096
[11Dec2025 19:47:41.648] [Render thread/DEBUG] [io.netty.channel.DefaultChannelId/]: -Dio.netty.machineId: 04:ec:d8:ff:fe:c3:98:d5 (auto-detected)
[11Dec2025 19:47:41.671] [Render thread/DEBUG] [io.netty.buffer.PooledByteBufAllocator/]: -Dio.netty.allocator.numHeapArenas: 19
[11Dec2025 19:47:41.671] [Render thread/DEBUG] [io.netty.buffer.PooledByteBufAllocator/]: -Dio.netty.allocator.numDirectArenas: 19
[11Dec2025 19:47:41.672] [Render thread/DEBUG] [io.netty.buffer.PooledByteBufAllocator/]: -Dio.netty.allocator.pageSize: 8192
[11Dec2025 19:47:41.672] [Render thread/DEBUG] [io.netty.buffer.PooledByteBufAllocator/]: -Dio.netty.allocator.maxOrder: 11
[11Dec2025 19:47:41.672] [Render thread/DEBUG] [io.netty.buffer.PooledByteBufAllocator/]: -Dio.netty.allocator.chunkSize: 16777216
[11Dec2025 19:47:41.672] [Render thread/DEBUG] [io.netty.buffer.PooledByteBufAllocator/]: -Dio.netty.allocator.tinyCacheSize: 512
[11Dec2025 19:47:41.672] [Render thread/DEBUG] [io.netty.buffer.PooledByteBufAllocator/]: -Dio.netty.allocator.smallCacheSize: 256
[11Dec2025 19:47:41.672] [Render thread/DEBUG] [io.netty.buffer.PooledByteBufAllocator/]: -Dio.netty.allocator.normalCacheSize: 64
[11Dec2025 19:47:41.672] [Render thread/DEBUG] [io.netty.buffer.PooledByteBufAllocator/]: -Dio.netty.allocator.maxCachedBufferCapacity: 32768
[11Dec2025 19:47:41.672] [Render thread/DEBUG] [io.netty.buffer.PooledByteBufAllocator/]: -Dio.netty.allocator.cacheTrimInterval: 8192
[11Dec2025 19:47:41.672] [Render thread/DEBUG] [io.netty.buffer.PooledByteBufAllocator/]: -Dio.netty.allocator.useCacheForAllThreads: true
[11Dec2025 19:47:41.678] [Render thread/DEBUG] [io.netty.buffer.ByteBufUtil/]: -Dio.netty.allocator.type: pooled
[11Dec2025 19:47:41.679] [Render thread/DEBUG] [io.netty.buffer.ByteBufUtil/]: -Dio.netty.threadLocalDirectBufferSize: 0
[11Dec2025 19:47:41.679] [Render thread/DEBUG] [io.netty.buffer.ByteBufUtil/]: -Dio.netty.maxThreadLocalCharBufferSize: 16384
[11Dec2025 19:47:41.722] [Netty Local Client IO #0/DEBUG] [net.minecraftforge.fml.network.FMLHandshakeHandler/FMLHANDSHAKE]: Starting local connection.
[11Dec2025 19:47:41.792] [Netty Server IO #1/DEBUG] [net.minecraftforge.coremod.transformer.CoreModBaseTransformer/COREMOD]: Transforming net/minecraft/network/play/client/CClientSettingsPacket
[11Dec2025 19:47:41.830] [Netty Local Client IO #0/DEBUG] [io.netty.util.Recycler/]: -Dio.netty.recycler.maxCapacityPerThread: 4096
[11Dec2025 19:47:41.830] [Netty Local Client IO #0/DEBUG] [io.netty.util.Recycler/]: -Dio.netty.recycler.maxSharedCapacityFactor: 2
[11Dec2025 19:47:41.830] [Netty Local Client IO #0/DEBUG] [io.netty.util.Recycler/]: -Dio.netty.recycler.linkCapacity: 16
[11Dec2025 19:47:41.830] [Netty Local Client IO #0/DEBUG] [io.netty.util.Recycler/]: -Dio.netty.recycler.ratio: 8
[11Dec2025 19:47:41.839] [Netty Server IO #1/DEBUG] [net.minecraftforge.fml.network.FMLHandshakeHandler/FMLHANDSHAKE]: Starting local connection.
[11Dec2025 19:47:42.163] [Server thread/DEBUG] [net.minecraftforge.fml.network.FMLHandshakeHandler/FMLHANDSHAKE]: Sending ticking packet info 'net.minecraftforge.fml.network.FMLHandshakeMessages$S2CModList' to 'fml:handshake' sequence 0
[11Dec2025 19:47:42.174] [Netty Local Client IO #0/DEBUG] [net.minecraftforge.fml.network.FMLLoginWrapper/FMLHANDSHAKE]: Recieved login wrapper packet event for channel fml:handshake with index 0
[11Dec2025 19:47:42.176] [Netty Local Client IO #0/DEBUG] [net.minecraftforge.fml.network.FMLHandshakeHandler/FMLHANDSHAKE]: Logging into server with mod list [minecraft, forge, noitacraft]
[11Dec2025 19:47:42.177] [Netty Local Client IO #0/DEBUG] [net.minecraftforge.fml.network.NetworkRegistry/NETREGISTRY]: Channel 'fml:loginwrapper' : Version test of 'FML2' from server : ACCEPTED
[11Dec2025 19:47:42.177] [Netty Local Client IO #0/DEBUG] [net.minecraftforge.fml.network.NetworkRegistry/NETREGISTRY]: Channel 'fml:handshake' : Version test of 'FML2' from server : ACCEPTED
[11Dec2025 19:47:42.177] [Netty Local Client IO #0/DEBUG] [net.minecraftforge.fml.network.NetworkRegistry/NETREGISTRY]: Channel 'forge:split_11' : Version test of '1.1' from server : ACCEPTED
[11Dec2025 19:47:42.177] [Netty Local Client IO #0/DEBUG] [net.minecraftforge.fml.network.NetworkRegistry/NETREGISTRY]: Channel 'minecraft:unregister' : Version test of 'FML2' from server : ACCEPTED
[11Dec2025 19:47:42.177] [Netty Local Client IO #0/DEBUG] [net.minecraftforge.fml.network.NetworkRegistry/NETREGISTRY]: Channel 'fml:play' : Version test of 'FML2' from server : ACCEPTED
[11Dec2025 19:47:42.177] [Netty Local Client IO #0/DEBUG] [net.minecraftforge.fml.network.NetworkRegistry/NETREGISTRY]: Channel 'minecraft:register' : Version test of 'FML2' from server : ACCEPTED
[11Dec2025 19:47:42.177] [Netty Local Client IO #0/DEBUG] [net.minecraftforge.fml.network.NetworkRegistry/NETREGISTRY]: Channel 'forge:split' : Version test of '1.0' from server : ACCEPTED
[11Dec2025 19:47:42.177] [Netty Local Client IO #0/DEBUG] [net.minecraftforge.fml.network.NetworkRegistry/NETREGISTRY]: Accepting channel list from server
[11Dec2025 19:47:42.178] [Netty Local Client IO #0/DEBUG] [net.minecraftforge.fml.network.FMLLoginWrapper/FMLHANDSHAKE]: Dispatching wrapped packet reply for channel fml:handshake with index 0
[11Dec2025 19:47:42.179] [Netty Local Client IO #0/DEBUG] [net.minecraftforge.fml.network.FMLHandshakeHandler/FMLHANDSHAKE]: Accepted server connection
[11Dec2025 19:47:42.179] [Netty Server IO #1/DEBUG] [net.minecraftforge.fml.network.FMLLoginWrapper/FMLHANDSHAKE]: Recieved login wrapper packet event for channel fml:handshake with index 0
[11Dec2025 19:47:42.180] [Netty Local Client IO #0/DEBUG] [net.minecraftforge.fml.network.FMLHandshakeHandler/REGISTRIES]: Expecting 16 registries: [minecraft:recipe_serializer, minecraft:sound_event, minecraft:particle_type, minecraft:villager_profession, minecraft:item, minecraft:potion, minecraft:block_entity_type, minecraft:block, minecraft:data_serializers, minecraft:mob_effect, minecraft:stat_type, minecraft:menu, minecraft:enchantment, minecraft:motive, minecraft:fluid, minecraft:entity_type]
[11Dec2025 19:47:42.180] [Netty Server IO #1/DEBUG] [net.minecraftforge.fml.network.FMLHandshakeHandler/FMLHANDSHAKE]: Received client indexed reply 0 of type net.minecraftforge.fml.network.FMLHandshakeMessages$C2SModListReply
[11Dec2025 19:47:42.180] [Netty Server IO #1/DEBUG] [net.minecraftforge.fml.network.FMLHandshakeHandler/FMLHANDSHAKE]: Received client connection with modlist [minecraft, forge, noitacraft]
[11Dec2025 19:47:42.181] [Netty Server IO #1/DEBUG] [net.minecraftforge.fml.network.NetworkRegistry/NETREGISTRY]: Channel 'fml:loginwrapper' : Version test of 'FML2' from client : ACCEPTED
[11Dec2025 19:47:42.181] [Netty Server IO #1/DEBUG] [net.minecraftforge.fml.network.NetworkRegistry/NETREGISTRY]: Channel 'fml:handshake' : Version test of 'FML2' from client : ACCEPTED
[11Dec2025 19:47:42.181] [Netty Server IO #1/DEBUG] [net.minecraftforge.fml.network.NetworkRegistry/NETREGISTRY]: Channel 'forge:split_11' : Version test of '1.1' from client : ACCEPTED
[11Dec2025 19:47:42.181] [Netty Server IO #1/DEBUG] [net.minecraftforge.fml.network.NetworkRegistry/NETREGISTRY]: Channel 'minecraft:unregister' : Version test of 'FML2' from client : ACCEPTED
[11Dec2025 19:47:42.181] [Netty Server IO #1/DEBUG] [net.minecraftforge.fml.network.NetworkRegistry/NETREGISTRY]: Channel 'fml:play' : Version test of 'FML2' from client : ACCEPTED
[11Dec2025 19:47:42.181] [Netty Server IO #1/DEBUG] [net.minecraftforge.fml.network.NetworkRegistry/NETREGISTRY]: Channel 'minecraft:register' : Version test of 'FML2' from client : ACCEPTED
[11Dec2025 19:47:42.181] [Netty Server IO #1/DEBUG] [net.minecraftforge.fml.network.NetworkRegistry/NETREGISTRY]: Channel 'forge:split' : Version test of '1.0' from client : ACCEPTED
[11Dec2025 19:47:42.181] [Netty Server IO #1/DEBUG] [net.minecraftforge.fml.network.NetworkRegistry/NETREGISTRY]: Accepting channel list from client
[11Dec2025 19:47:42.181] [Netty Server IO #1/DEBUG] [net.minecraftforge.fml.network.FMLHandshakeHandler/FMLHANDSHAKE]: Accepted client connection mod list
[11Dec2025 19:47:42.216] [Server thread/DEBUG] [net.minecraftforge.fml.network.FMLHandshakeHandler/FMLHANDSHAKE]: Sending ticking packet info 'Config forge-server.toml' to 'fml:handshake' sequence 1
[11Dec2025 19:47:42.217] [Netty Local Client IO #0/DEBUG] [net.minecraftforge.fml.network.FMLLoginWrapper/FMLHANDSHAKE]: Recieved login wrapper packet event for channel fml:handshake with index 1
[11Dec2025 19:47:42.217] [Netty Local Client IO #0/DEBUG] [net.minecraftforge.fml.network.FMLHandshakeHandler/FMLHANDSHAKE]: Received config sync from server
[11Dec2025 19:47:42.218] [Netty Local Client IO #0/DEBUG] [net.minecraftforge.fml.network.FMLLoginWrapper/FMLHANDSHAKE]: Dispatching wrapped packet reply for channel fml:handshake with index 1
[11Dec2025 19:47:42.218] [Netty Server IO #1/DEBUG] [net.minecraftforge.fml.network.FMLLoginWrapper/FMLHANDSHAKE]: Recieved login wrapper packet event for channel fml:handshake with index 1
[11Dec2025 19:47:42.218] [Netty Server IO #1/DEBUG] [net.minecraftforge.fml.network.FMLHandshakeHandler/FMLHANDSHAKE]: Received client indexed reply 1 of type net.minecraftforge.fml.network.FMLHandshakeMessages$C2SAcknowledge
[11Dec2025 19:47:42.218] [Netty Server IO #1/DEBUG] [net.minecraftforge.fml.network.FMLHandshakeHandler/FMLHANDSHAKE]: Received acknowledgement from client
[11Dec2025 19:47:42.265] [Server thread/DEBUG] [net.minecraftforge.fml.network.FMLHandshakeHandler/FMLHANDSHAKE]: Handshake complete!
[11Dec2025 19:47:42.316] [Netty Local Client IO #0/INFO] [net.minecraftforge.fml.network.NetworkHooks/]: Connected to a modded server.
[11Dec2025 19:47:42.356] [Server thread/INFO] [net.minecraftforge.common.AdvancementLoadFix/]: Using new advancement loading for net.minecraft.advancements.PlayerAdvancements@724a5ea0
[11Dec2025 19:47:42.374] [Server thread/INFO] [net.minecraft.server.management.PlayerList/]: Dev[local:E:55672b84] logged in with entity id 84 at (247.61837596682844, 80.0, -429.9215195022946)
[11Dec2025 19:47:42.410] [Server thread/INFO] [net.minecraft.server.MinecraftServer/]: Dev joined the game
[11Dec2025 19:47:42.728] [Server thread/INFO] [net.minecraft.server.integrated.IntegratedServer/]: Saving and pausing game...
[11Dec2025 19:47:42.739] [Server thread/INFO] [net.minecraft.server.MinecraftServer/]: Saving chunks for level 'ServerLevel[testeo]'/minecraft:overworld
[11Dec2025 19:47:42.953] [Render thread/INFO] [net.minecraft.advancements.AdvancementList/]: Loaded 2 advancements
[11Dec2025 19:47:43.375] [Server thread/INFO] [net.minecraft.server.MinecraftServer/]: Saving chunks for level 'ServerLevel[testeo]'/minecraft:the_nether
[11Dec2025 19:47:43.375] [Server thread/INFO] [net.minecraft.server.MinecraftServer/]: Saving chunks for level 'ServerLevel[testeo]'/minecraft:the_end
[11Dec2025 19:47:43.376] [Server thread/DEBUG] [net.minecraftforge.fml.FMLWorldPersistenceHook/WP]: Gathering id map for writing to world save testeo
[11Dec2025 19:47:43.380] [Server thread/DEBUG] [net.minecraftforge.fml.FMLWorldPersistenceHook/WP]: ID Map collection complete testeo
[11Dec2025 19:47:44.726] [Server thread/INFO] [STDOUT/]: [org.bnjax3.noitacraft.wand.WandItem:use:107]: LA GRAN CUESTION .....................
[11Dec2025 19:47:44.726] [Server thread/INFO] [STDOUT/]: [org.bnjax3.noitacraft.wand.WandItem:use:108]: []
[11Dec2025 19:47:44.727] [Server thread/INFO] [STDOUT/]: [org.bnjax3.noitacraft.wand.WandItem:use:109]: []
[11Dec2025 19:47:44.727] [Server thread/INFO] [STDOUT/]: [org.bnjax3.noitacraft.wand.Wand:GroupSpellsInWand:45]: function called
[11Dec2025 19:47:44.727] [Server thread/INFO] [STDOUT/]: [org.bnjax3.noitacraft.wand.Wand:GroupSpellsInWand:46]: Spells in wand : 
[]
[11Dec2025 19:47:44.727] [Server thread/INFO] [STDOUT/]: [org.bnjax3.noitacraft.wand.Wand:GroupSpellsInWand:60]: trying to wrap
[11Dec2025 19:47:44.727] [Server thread/INFO] [STDOUT/]: [org.bnjax3.noitacraft.wand.Wand:GroupSpellsInWand:64]: cant wrap
[11Dec2025 19:47:44.730] [Server thread/INFO] [STDOUT/]: [org.bnjax3.noitacraft.wand.Wand:Cast:37]: --- made it to the cast function!!
[11Dec2025 19:47:44.730] [Server thread/INFO] [STDOUT/]: [org.bnjax3.noitacraft.wand.Wand:Cast:38]: []
[11Dec2025 19:47:44.730] [Server thread/FATAL] [net.minecraft.util.concurrent.ThreadTaskExecutor/]: Error executing task on Server
java.lang.ArrayIndexOutOfBoundsException: Index 0 out of bounds for length 0
	at org.bnjax3.noitacraft.wand.Wand.Cast(Wand.java:39) ~[?:?]
	at org.bnjax3.noitacraft.wand.WandItem.use(WandItem.java:116) ~[?:?]
	at net.minecraft.item.ItemStack.use(ItemStack.java:216) ~[forge:?]
	at net.minecraft.server.management.PlayerInteractionManager.useItem(PlayerInteractionManager.java:287) ~[forge:?]
	at net.minecraft.network.play.ServerPlayNetHandler.handleUseItem(ServerPlayNetHandler.java:982) ~[forge:?]
	at net.minecraft.network.play.client.CPlayerTryUseItemPacket.handle(CPlayerTryUseItemPacket.java:31) ~[forge:?]
	at net.minecraft.network.play.client.CPlayerTryUseItemPacket.handle(CPlayerTryUseItemPacket.java:9) ~[forge:?]
	at net.minecraft.network.PacketThreadUtil.lambda$ensureRunningOnSameThread$0(PacketThreadUtil.java:21) ~[forge:?]
	at net.minecraft.util.concurrent.TickDelayedTask.run(TickDelayedTask.java:18) ~[forge:?]
	at net.minecraft.util.concurrent.ThreadTaskExecutor.doRunTask(ThreadTaskExecutor.java:144) ~[forge:?]
	at net.minecraft.util.concurrent.RecursiveEventLoop.doRunTask(RecursiveEventLoop.java:23) ~[forge:?]
	at net.minecraft.server.MinecraftServer.doRunTask(MinecraftServer.java:734) ~[forge:?]
	at net.minecraft.server.MinecraftServer.doRunTask(MinecraftServer.java:159) ~[forge:?]
	at net.minecraft.util.concurrent.ThreadTaskExecutor.pollTask(ThreadTaskExecutor.java:118) ~[forge:?]
	at net.minecraft.server.MinecraftServer.pollTaskInternal(MinecraftServer.java:717) ~[forge:?]
	at net.minecraft.server.MinecraftServer.pollTask(MinecraftServer.java:711) ~[forge:?]
	at net.minecraft.util.concurrent.ThreadTaskExecutor.runAllTasks(ThreadTaskExecutor.java:103) ~[forge:?]
	at net.minecraft.server.MinecraftServer.waitUntilNextTick(MinecraftServer.java:696) ~[forge:?]
	at net.minecraft.server.MinecraftServer.runServer(MinecraftServer.java:646) ~[forge:?]
	at net.minecraft.server.MinecraftServer.lambda$spin$0(MinecraftServer.java:232) ~[forge:?]
	at java.lang.Thread.run(Thread.java:1570) [?:?]
[11Dec2025 19:47:46.907] [Server thread/INFO] [net.minecraft.server.integrated.IntegratedServer/]: Saving and pausing game...
[11Dec2025 19:47:46.911] [Server thread/INFO] [net.minecraft.server.MinecraftServer/]: Saving chunks for level 'ServerLevel[testeo]'/minecraft:overworld
[11Dec2025 19:47:47.018] [Server thread/INFO] [net.minecraft.server.MinecraftServer/]: Saving chunks for level 'ServerLevel[testeo]'/minecraft:the_nether
[11Dec2025 19:47:47.019] [Server thread/INFO] [net.minecraft.server.MinecraftServer/]: Saving chunks for level 'ServerLevel[testeo]'/minecraft:the_end
[11Dec2025 19:47:47.021] [Server thread/DEBUG] [net.minecraftforge.fml.FMLWorldPersistenceHook/WP]: Gathering id map for writing to world save testeo
[11Dec2025 19:47:47.025] [Server thread/DEBUG] [net.minecraftforge.fml.FMLWorldPersistenceHook/WP]: ID Map collection complete testeo
[11Dec2025 19:47:58.457] [Server thread/INFO] [net.minecraft.server.integrated.IntegratedServer/]: Saving and pausing game...
[11Dec2025 19:47:58.460] [Server thread/INFO] [net.minecraft.server.MinecraftServer/]: Saving chunks for level 'ServerLevel[testeo]'/minecraft:overworld
[11Dec2025 19:47:58.509] [Server thread/INFO] [net.minecraft.server.MinecraftServer/]: Saving chunks for level 'ServerLevel[testeo]'/minecraft:the_nether
[11Dec2025 19:47:58.509] [Server thread/INFO] [net.minecraft.server.MinecraftServer/]: Saving chunks for level 'ServerLevel[testeo]'/minecraft:the_end
[11Dec2025 19:47:58.510] [Server thread/DEBUG] [net.minecraftforge.fml.FMLWorldPersistenceHook/WP]: Gathering id map for writing to world save testeo
[11Dec2025 19:47:58.513] [Server thread/DEBUG] [net.minecraftforge.fml.FMLWorldPersistenceHook/WP]: ID Map collection complete testeo
[11Dec2025 19:48:20.016] [Server thread/INFO] [STDOUT/]: [org.bnjax3.noitacraft.wand.WandItem:use:107]: LA GRAN CUESTION .....................
[11Dec2025 19:48:20.017] [Server thread/INFO] [STDOUT/]: [org.bnjax3.noitacraft.wand.WandItem:use:108]: [PayloadSpell{payload= null, count=1}, PayloadSpell{payload= null, count=1}, PayloadSpell{payload= null, count=1}]
[11Dec2025 19:48:20.017] [Server thread/INFO] [STDOUT/]: [org.bnjax3.noitacraft.wand.WandItem:use:109]: [PayloadSpell{payload= null, count=1}, PayloadSpell{payload= null, count=1}, PayloadSpell{payload= null, count=1}]
[11Dec2025 19:48:20.017] [Server thread/INFO] [STDOUT/]: [org.bnjax3.noitacraft.wand.Wand:GroupSpellsInWand:45]: function called
[11Dec2025 19:48:20.018] [Server thread/INFO] [STDOUT/]: [org.bnjax3.noitacraft.wand.Wand:GroupSpellsInWand:46]: Spells in wand : 
[PayloadSpell{payload= null, count=1}, PayloadSpell{payload= null, count=1}, PayloadSpell{payload= null, count=1}]
[11Dec2025 19:48:20.018] [Server thread/INFO] [STDOUT/]: [org.bnjax3.noitacraft.wand.Wand:GroupSpellsInWand:78]: spells to draw : 1
[11Dec2025 19:48:20.018] [Server thread/INFO] [STDOUT/]: [org.bnjax3.noitacraft.wand.Wand:getTriggerPayload:134]: ------ trying to get trigger 1 payload ------
[11Dec2025 19:48:20.018] [Server thread/INFO] [STDOUT/]: [org.bnjax3.noitacraft.wand.Wand:getTriggerPayload:141]:  ---* We're inside a trigger, index 1
[11Dec2025 19:48:20.018] [Server thread/INFO] [STDOUT/]: [org.bnjax3.noitacraft.wand.Wand:getTriggerPayload:142]:  ---* We're inside a trigger, og index 0
[11Dec2025 19:48:20.019] [Server thread/INFO] [STDOUT/]: [org.bnjax3.noitacraft.wand.Wand:getTriggerPayload:163]: spells to draw : 1
[11Dec2025 19:48:20.019] [Server thread/INFO] [STDOUT/]: [org.bnjax3.noitacraft.wand.Wand:getTriggerPayload:134]: ------ trying to get trigger 2 payload ------
[11Dec2025 19:48:20.019] [Server thread/INFO] [STDOUT/]: [org.bnjax3.noitacraft.wand.Wand:getTriggerPayload:141]:  ---* We're inside a trigger, index 2
[11Dec2025 19:48:20.019] [Server thread/INFO] [STDOUT/]: [org.bnjax3.noitacraft.wand.Wand:getTriggerPayload:142]:  ---* We're inside a trigger, og index 0
[11Dec2025 19:48:20.019] [Server thread/INFO] [STDOUT/]: [org.bnjax3.noitacraft.wand.Wand:getTriggerPayload:163]: spells to draw : 1
[11Dec2025 19:48:20.019] [Server thread/INFO] [STDOUT/]: [org.bnjax3.noitacraft.wand.Wand:getTriggerPayload:134]: ------ trying to get trigger 3 payload ------
[11Dec2025 19:48:20.020] [Server thread/INFO] [STDOUT/]: [org.bnjax3.noitacraft.wand.Wand:getTriggerPayload:141]:  ---* We're inside a trigger, index 3
[11Dec2025 19:48:20.020] [Server thread/INFO] [STDOUT/]: [org.bnjax3.noitacraft.wand.Wand:getTriggerPayload:142]:  ---* We're inside a trigger, og index 0
[11Dec2025 19:48:20.020] [Server thread/INFO] [STDOUT/]: [org.bnjax3.noitacraft.wand.Wand:getTriggerPayload:147]: trying to wrap inside trigger
[11Dec2025 19:48:20.020] [Server thread/INFO] [STDOUT/]: [org.bnjax3.noitacraft.wand.Wand:getTriggerPayload:150]: cant wrap inside trigger, payload is null for spell index 3
[11Dec2025 19:48:20.021] [Server thread/INFO] [STDOUT/]: [org.bnjax3.noitacraft.wand.Wand:GroupSpellsInWand:87]: ---------- We're outside the trigger --------------
[11Dec2025 19:48:20.021] [Server thread/INFO] [STDOUT/]: [org.bnjax3.noitacraft.wand.Wand:GroupSpellsInWand:90]: [PayloadSpell{payload=not null, count=1}]
[11Dec2025 19:48:20.021] [Server thread/INFO] [STDOUT/]: [org.bnjax3.noitacraft.wand.SpellGroup:AmountOfSpells:36]: Recursion Step : 1
[11Dec2025 19:48:20.021] [Server thread/INFO] [STDOUT/]: [org.bnjax3.noitacraft.wand.SpellGroup:AmountOfSpells:44]: PayloadSpell{payload=not null, count=1}
[11Dec2025 19:48:20.022] [Server thread/INFO] [STDOUT/]: [org.bnjax3.noitacraft.wand.SpellGroup:AmountOfSpells:45]: true
[11Dec2025 19:48:20.022] [Server thread/INFO] [STDOUT/]: [org.bnjax3.noitacraft.wand.SpellGroup:AmountOfSpells:36]: Recursion Step : 2
[11Dec2025 19:48:20.022] [Server thread/INFO] [STDOUT/]: [org.bnjax3.noitacraft.wand.SpellGroup:AmountOfSpells:44]: PayloadSpell{payload=not null, count=1}
[11Dec2025 19:48:20.022] [Server thread/INFO] [STDOUT/]: [org.bnjax3.noitacraft.wand.SpellGroup:AmountOfSpells:45]: true
[11Dec2025 19:48:20.022] [Server thread/INFO] [STDOUT/]: [org.bnjax3.noitacraft.wand.SpellGroup:AmountOfSpells:36]: Recursion Step : 3
[11Dec2025 19:48:20.022] [Server thread/INFO] [STDOUT/]: [org.bnjax3.noitacraft.wand.SpellGroup:AmountOfSpells:44]: PayloadSpell{payload=not null, count=1}
[11Dec2025 19:48:20.023] [Server thread/INFO] [STDOUT/]: [org.bnjax3.noitacraft.wand.SpellGroup:AmountOfSpells:45]: true
[11Dec2025 19:48:20.023] [Server thread/INFO] [STDOUT/]: [org.bnjax3.noitacraft.wand.SpellGroup:AmountOfSpells:36]: Recursion Step : 4
[11Dec2025 19:48:20.023] [Server thread/INFO] [STDOUT/]: [org.bnjax3.noitacraft.wand.SpellGroup:AmountOfSpells:44]: PayloadSpell{payload=not null, count=1}
[11Dec2025 19:48:20.023] [Server thread/INFO] [STDOUT/]: [org.bnjax3.noitacraft.wand.SpellGroup:AmountOfSpells:45]: true
[11Dec2025 19:48:20.023] [Server thread/INFO] [STDOUT/]: [org.bnjax3.noitacraft.wand.SpellGroup:AmountOfSpells:36]: Recursion Step : 5
[11Dec2025 19:48:20.024] [Server thread/INFO] [STDOUT/]: [org.bnjax3.noitacraft.wand.SpellGroup:AmountOfSpells:44]: PayloadSpell{payload=not null, count=1}
[11Dec2025 19:48:20.024] [Server thread/INFO] [STDOUT/]: [org.bnjax3.noitacraft.wand.SpellGroup:AmountOfSpells:45]: true
[11Dec2025 19:48:20.024] [Server thread/INFO] [STDOUT/]: [org.bnjax3.noitacraft.wand.SpellGroup:AmountOfSpells:36]: Recursion Step : 6
[11Dec2025 19:48:20.024] [Server thread/INFO] [STDOUT/]: [org.bnjax3.noitacraft.wand.SpellGroup:AmountOfSpells:44]: PayloadSpell{payload=not null, count=1}
[11Dec2025 19:48:20.024] [Server thread/INFO] [STDOUT/]: [org.bnjax3.noitacraft.wand.SpellGroup:AmountOfSpells:45]: true
[11Dec2025 19:48:20.025] [Server thread/INFO] [STDOUT/]: [org.bnjax3.noitacraft.wand.SpellGroup:AmountOfSpells:36]: Recursion Step : 7
[11Dec2025 19:48:20.025] [Server thread/INFO] [STDOUT/]: [org.bnjax3.noitacraft.wand.SpellGroup:AmountOfSpells:44]: PayloadSpell{payload=not null, count=1}
[11Dec2025 19:48:20.025] [Server thread/INFO] [STDOUT/]: [org.bnjax3.noitacraft.wand.SpellGroup:AmountOfSpells:45]: true
[11Dec2025 19:48:20.025] [Server thread/INFO] [STDOUT/]: [org.bnjax3.noitacraft.wand.SpellGroup:AmountOfSpells:36]: Recursion Step : 8
[11Dec2025 19:48:20.025] [Server thread/INFO] [STDOUT/]: [org.bnjax3.noitacraft.wand.SpellGroup:AmountOfSpells:44]: PayloadSpell{payload=not null, count=1}
[11Dec2025 19:48:20.025] [Server thread/INFO] [STDOUT/]: [org.bnjax3.noitacraft.wand.SpellGroup:AmountOfSpells:45]: true
[11Dec2025 19:48:20.025] [Server thread/INFO] [STDOUT/]: [org.bnjax3.noitacraft.wand.SpellGroup:AmountOfSpells:36]: Recursion Step : 9
[11Dec2025 19:48:20.026] [Server thread/INFO] [STDOUT/]: [org.bnjax3.noitacraft.wand.SpellGroup:AmountOfSpells:44]: PayloadSpell{payload=not null, count=1}
[11Dec2025 19:48:20.026] [Server thread/INFO] [STDOUT/]: [org.bnjax3.noitacraft.wand.SpellGroup:AmountOfSpells:45]: true
[11Dec2025 19:48:20.026] [Server thread/INFO] [STDOUT/]: [org.bnjax3.noitacraft.wand.SpellGroup:AmountOfSpells:36]: Recursion Step : 10
[11Dec2025 19:48:20.026] [Server thread/INFO] [STDOUT/]: [org.bnjax3.noitacraft.wand.SpellGroup:AmountOfSpells:44]: PayloadSpell{payload=not null, count=1}
[11Dec2025 19:48:20.026] [Server thread/INFO] [STDOUT/]: [org.bnjax3.noitacraft.wand.SpellGroup:AmountOfSpells:45]: true
[11Dec2025 19:48:20.026] [Server thread/INFO] [STDOUT/]: [org.bnjax3.noitacraft.wand.SpellGroup:AmountOfSpells:36]: Recursion Step : 11
[11Dec2025 19:48:20.026] [Server thread/INFO] [STDOUT/]: [org.bnjax3.noitacraft.wand.SpellGroup:AmountOfSpells:49]: Counted : 1
[11Dec2025 19:48:20.027] [Server thread/INFO] [STDOUT/]: [org.bnjax3.noitacraft.wand.SpellGroup:AmountOfSpells:49]: Counted : 2
[11Dec2025 19:48:20.027] [Server thread/INFO] [STDOUT/]: [org.bnjax3.noitacraft.wand.SpellGroup:AmountOfSpells:49]: Counted : 3
[11Dec2025 19:48:20.027] [Server thread/INFO] [STDOUT/]: [org.bnjax3.noitacraft.wand.SpellGroup:AmountOfSpells:49]: Counted : 4
[11Dec2025 19:48:20.027] [Server thread/INFO] [STDOUT/]: [org.bnjax3.noitacraft.wand.SpellGroup:AmountOfSpells:49]: Counted : 5
[11Dec2025 19:48:20.027] [Server thread/INFO] [STDOUT/]: [org.bnjax3.noitacraft.wand.SpellGroup:AmountOfSpells:49]: Counted : 6
[11Dec2025 19:48:20.027] [Server thread/INFO] [STDOUT/]: [org.bnjax3.noitacraft.wand.SpellGroup:AmountOfSpells:49]: Counted : 7
[11Dec2025 19:48:20.027] [Server thread/INFO] [STDOUT/]: [org.bnjax3.noitacraft.wand.SpellGroup:AmountOfSpells:49]: Counted : 8
[11Dec2025 19:48:20.027] [Server thread/INFO] [STDOUT/]: [org.bnjax3.noitacraft.wand.SpellGroup:AmountOfSpells:49]: Counted : 9
[11Dec2025 19:48:20.028] [Server thread/INFO] [STDOUT/]: [org.bnjax3.noitacraft.wand.SpellGroup:AmountOfSpells:49]: Counted : 10
[11Dec2025 19:48:20.028] [Server thread/INFO] [STDOUT/]: [org.bnjax3.noitacraft.wand.Wand:GroupSpellsInWand:100]:  ---* index :10
[11Dec2025 19:48:20.028] [Server thread/INFO] [STDOUT/]: [org.bnjax3.noitacraft.wand.Wand:GroupSpellsInWand:101]:  ---* spells to grab :0
[11Dec2025 19:48:20.028] [Server thread/INFO] [STDOUT/]: [org.bnjax3.noitacraft.wand.Wand:GroupSpellsInWand:102]:  ---* reached end of wand: false
[11Dec2025 19:48:20.028] [Server thread/INFO] [STDOUT/]: [org.bnjax3.noitacraft.wand.Wand:GroupSpellsInWand:60]: trying to wrap
[11Dec2025 19:48:20.028] [Server thread/INFO] [STDOUT/]: [org.bnjax3.noitacraft.wand.Wand:GroupSpellsInWand:64]: cant wrap
[11Dec2025 19:48:20.028] [Server thread/INFO] [STDOUT/]: [org.bnjax3.noitacraft.wand.Wand:Cast:37]: --- made it to the cast function!!
[11Dec2025 19:48:20.029] [Server thread/INFO] [STDOUT/]: [org.bnjax3.noitacraft.wand.Wand:Cast:38]: [SpellGroup{ Spells =[PayloadSpell{payload=not null, count=1}] }]
[11Dec2025 19:48:23.907] [Server thread/INFO] [net.minecraft.server.integrated.IntegratedServer/]: Saving and pausing game...
[11Dec2025 19:48:23.914] [Server thread/INFO] [net.minecraft.server.MinecraftServer/]: Saving chunks for level 'ServerLevel[testeo]'/minecraft:overworld
[11Dec2025 19:48:24.044] [Server thread/INFO] [net.minecraft.server.MinecraftServer/]: Saving chunks for level 'ServerLevel[testeo]'/minecraft:the_nether
[11Dec2025 19:48:24.045] [Server thread/INFO] [net.minecraft.server.MinecraftServer/]: Saving chunks for level 'ServerLevel[testeo]'/minecraft:the_end
[11Dec2025 19:48:24.046] [Server thread/DEBUG] [net.minecraftforge.fml.FMLWorldPersistenceHook/WP]: Gathering id map for writing to world save testeo
[11Dec2025 19:48:24.050] [Server thread/DEBUG] [net.minecraftforge.fml.FMLWorldPersistenceHook/WP]: ID Map collection complete testeo
[11Dec2025 19:48:27.007] [Server thread/INFO] [net.minecraft.server.integrated.IntegratedServer/]: Saving and pausing game...
[11Dec2025 19:48:27.012] [Server thread/INFO] [net.minecraft.server.MinecraftServer/]: Saving chunks for level 'ServerLevel[testeo]'/minecraft:overworld
[11Dec2025 19:48:27.061] [Server thread/INFO] [net.minecraft.server.MinecraftServer/]: Saving chunks for level 'ServerLevel[testeo]'/minecraft:the_nether
[11Dec2025 19:48:27.062] [Server thread/INFO] [net.minecraft.server.MinecraftServer/]: Saving chunks for level 'ServerLevel[testeo]'/minecraft:the_end
[11Dec2025 19:48:27.063] [Server thread/DEBUG] [net.minecraftforge.fml.FMLWorldPersistenceHook/WP]: Gathering id map for writing to world save testeo
[11Dec2025 19:48:27.066] [Server thread/DEBUG] [net.minecraftforge.fml.FMLWorldPersistenceHook/WP]: ID Map collection complete testeo
[11Dec2025 19:48:27.457] [Server thread/INFO] [net.minecraft.server.integrated.IntegratedServer/]: Saving and pausing game...
[11Dec2025 19:48:27.460] [Server thread/INFO] [net.minecraft.server.MinecraftServer/]: Saving chunks for level 'ServerLevel[testeo]'/minecraft:overworld
[11Dec2025 19:48:27.497] [Server thread/INFO] [net.minecraft.server.MinecraftServer/]: Saving chunks for level 'ServerLevel[testeo]'/minecraft:the_nether
[11Dec2025 19:48:27.497] [Server thread/INFO] [net.minecraft.server.MinecraftServer/]: Saving chunks for level 'ServerLevel[testeo]'/minecraft:the_end
[11Dec2025 19:48:27.498] [Server thread/DEBUG] [net.minecraftforge.fml.FMLWorldPersistenceHook/WP]: Gathering id map for writing to world save testeo
[11Dec2025 19:48:27.501] [Server thread/DEBUG] [net.minecraftforge.fml.FMLWorldPersistenceHook/WP]: ID Map collection complete testeo
[11Dec2025 19:48:28.590] [Server thread/INFO] [STDOUT/]: [org.bnjax3.noitacraft.wand.WandItem:use:107]: LA GRAN CUESTION .....................
[11Dec2025 19:48:28.591] [Server thread/INFO] [STDOUT/]: [org.bnjax3.noitacraft.wand.WandItem:use:108]: [PayloadSpell{payload=not null, count=1}, PayloadSpell{payload=not null, count=1}, PayloadSpell{payload=not null, count=1}]
[11Dec2025 19:48:28.591] [Server thread/INFO] [STDOUT/]: [org.bnjax3.noitacraft.wand.WandItem:use:109]: [PayloadSpell{payload=not null, count=1}, PayloadSpell{payload=not null, count=1}, PayloadSpell{payload=not null, count=1}]
[11Dec2025 19:48:28.591] [Server thread/INFO] [STDOUT/]: [org.bnjax3.noitacraft.wand.Wand:GroupSpellsInWand:45]: function called
[11Dec2025 19:48:28.591] [Server thread/INFO] [STDOUT/]: [org.bnjax3.noitacraft.wand.Wand:GroupSpellsInWand:46]: Spells in wand : 
[PayloadSpell{payload=not null, count=1}, PayloadSpell{payload=not null, count=1}, PayloadSpell{payload=not null, count=1}]
[11Dec2025 19:48:28.591] [Server thread/INFO] [STDOUT/]: [org.bnjax3.noitacraft.wand.Wand:GroupSpellsInWand:78]: spells to draw : 1
[11Dec2025 19:48:28.592] [Server thread/INFO] [STDOUT/]: [org.bnjax3.noitacraft.wand.Wand:getTriggerPayload:134]: ------ trying to get trigger 1 payload ------
[11Dec2025 19:48:28.592] [Server thread/INFO] [STDOUT/]: [org.bnjax3.noitacraft.wand.Wand:getTriggerPayload:141]:  ---* We're inside a trigger, index 1
[11Dec2025 19:48:28.592] [Server thread/INFO] [STDOUT/]: [org.bnjax3.noitacraft.wand.Wand:getTriggerPayload:142]:  ---* We're inside a trigger, og index 0
[11Dec2025 19:48:28.592] [Server thread/INFO] [STDOUT/]: [org.bnjax3.noitacraft.wand.Wand:getTriggerPayload:163]: spells to draw : 1
[11Dec2025 19:48:28.592] [Server thread/INFO] [STDOUT/]: [org.bnjax3.noitacraft.wand.Wand:getTriggerPayload:134]: ------ trying to get trigger 2 payload ------
[11Dec2025 19:48:28.592] [Server thread/INFO] [STDOUT/]: [org.bnjax3.noitacraft.wand.Wand:getTriggerPayload:141]:  ---* We're inside a trigger, index 2
[11Dec2025 19:48:28.593] [Server thread/INFO] [STDOUT/]: [org.bnjax3.noitacraft.wand.Wand:getTriggerPayload:142]:  ---* We're inside a trigger, og index 0
[11Dec2025 19:48:28.593] [Server thread/INFO] [STDOUT/]: [org.bnjax3.noitacraft.wand.Wand:getTriggerPayload:163]: spells to draw : 1
[11Dec2025 19:48:28.593] [Server thread/INFO] [STDOUT/]: [org.bnjax3.noitacraft.wand.Wand:getTriggerPayload:134]: ------ trying to get trigger 3 payload ------
[11Dec2025 19:48:28.593] [Server thread/INFO] [STDOUT/]: [org.bnjax3.noitacraft.wand.Wand:getTriggerPayload:141]:  ---* We're inside a trigger, index 3
[11Dec2025 19:48:28.593] [Server thread/INFO] [STDOUT/]: [org.bnjax3.noitacraft.wand.Wand:getTriggerPayload:142]:  ---* We're inside a trigger, og index 0
[11Dec2025 19:48:28.594] [Server thread/INFO] [STDOUT/]: [org.bnjax3.noitacraft.wand.Wand:getTriggerPayload:147]: trying to wrap inside trigger
[11Dec2025 19:48:28.594] [Server thread/INFO] [STDOUT/]: [org.bnjax3.noitacraft.wand.Wand:getTriggerPayload:150]: cant wrap inside trigger, payload is null for spell index 3
[11Dec2025 19:48:28.594] [Server thread/INFO] [STDOUT/]: [org.bnjax3.noitacraft.wand.Wand:GroupSpellsInWand:87]: ---------- We're outside the trigger --------------
[11Dec2025 19:48:28.594] [Server thread/INFO] [STDOUT/]: [org.bnjax3.noitacraft.wand.Wand:GroupSpellsInWand:90]: [PayloadSpell{payload=not null, count=1}]
[11Dec2025 19:48:28.594] [Server thread/INFO] [STDOUT/]: [org.bnjax3.noitacraft.wand.SpellGroup:AmountOfSpells:36]: Recursion Step : 1
[11Dec2025 19:48:28.595] [Server thread/INFO] [STDOUT/]: [org.bnjax3.noitacraft.wand.SpellGroup:AmountOfSpells:44]: PayloadSpell{payload=not null, count=1}
[11Dec2025 19:48:28.595] [Server thread/INFO] [STDOUT/]: [org.bnjax3.noitacraft.wand.SpellGroup:AmountOfSpells:45]: true
[11Dec2025 19:48:28.595] [Server thread/INFO] [STDOUT/]: [org.bnjax3.noitacraft.wand.SpellGroup:AmountOfSpells:36]: Recursion Step : 2
[11Dec2025 19:48:28.595] [Server thread/INFO] [STDOUT/]: [org.bnjax3.noitacraft.wand.SpellGroup:AmountOfSpells:44]: PayloadSpell{payload=not null, count=1}
[11Dec2025 19:48:28.595] [Server thread/INFO] [STDOUT/]: [org.bnjax3.noitacraft.wand.SpellGroup:AmountOfSpells:45]: true
[11Dec2025 19:48:28.595] [Server thread/INFO] [STDOUT/]: [org.bnjax3.noitacraft.wand.SpellGroup:AmountOfSpells:36]: Recursion Step : 3
[11Dec2025 19:48:28.595] [Server thread/INFO] [STDOUT/]: [org.bnjax3.noitacraft.wand.SpellGroup:AmountOfSpells:44]: PayloadSpell{payload=not null, count=1}
[11Dec2025 19:48:28.596] [Server thread/INFO] [STDOUT/]: [org.bnjax3.noitacraft.wand.SpellGroup:AmountOfSpells:45]: true
[11Dec2025 19:48:28.596] [Server thread/INFO] [STDOUT/]: [org.bnjax3.noitacraft.wand.SpellGroup:AmountOfSpells:36]: Recursion Step : 4
[11Dec2025 19:48:28.596] [Server thread/INFO] [STDOUT/]: [org.bnjax3.noitacraft.wand.SpellGroup:AmountOfSpells:44]: PayloadSpell{payload=not null, count=1}
[11Dec2025 19:48:28.596] [Server thread/INFO] [STDOUT/]: [org.bnjax3.noitacraft.wand.SpellGroup:AmountOfSpells:45]: true
[11Dec2025 19:48:28.596] [Server thread/INFO] [STDOUT/]: [org.bnjax3.noitacraft.wand.SpellGroup:AmountOfSpells:36]: Recursion Step : 5
[11Dec2025 19:48:28.596] [Server thread/INFO] [STDOUT/]: [org.bnjax3.noitacraft.wand.SpellGroup:AmountOfSpells:44]: PayloadSpell{payload=not null, count=1}
[11Dec2025 19:48:28.596] [Server thread/INFO] [STDOUT/]: [org.bnjax3.noitacraft.wand.SpellGroup:AmountOfSpells:45]: true
[11Dec2025 19:48:28.597] [Server thread/INFO] [STDOUT/]: [org.bnjax3.noitacraft.wand.SpellGroup:AmountOfSpells:36]: Recursion Step : 6
[11Dec2025 19:48:28.597] [Server thread/INFO] [STDOUT/]: [org.bnjax3.noitacraft.wand.SpellGroup:AmountOfSpells:44]: PayloadSpell{payload=not null, count=1}
[11Dec2025 19:48:28.597] [Server thread/INFO] [STDOUT/]: [org.bnjax3.noitacraft.wand.SpellGroup:AmountOfSpells:45]: true
[11Dec2025 19:48:28.597] [Server thread/INFO] [STDOUT/]: [org.bnjax3.noitacraft.wand.SpellGroup:AmountOfSpells:36]: Recursion Step : 7
[11Dec2025 19:48:28.597] [Server thread/INFO] [STDOUT/]: [org.bnjax3.noitacraft.wand.SpellGroup:AmountOfSpells:44]: PayloadSpell{payload=not null, count=1}
[11Dec2025 19:48:28.598] [Server thread/INFO] [STDOUT/]: [org.bnjax3.noitacraft.wand.SpellGroup:AmountOfSpells:45]: true
[11Dec2025 19:48:28.598] [Server thread/INFO] [STDOUT/]: [org.bnjax3.noitacraft.wand.SpellGroup:AmountOfSpells:36]: Recursion Step : 8
[11Dec2025 19:48:28.598] [Server thread/INFO] [STDOUT/]: [org.bnjax3.noitacraft.wand.SpellGroup:AmountOfSpells:44]: PayloadSpell{payload=not null, count=1}
[11Dec2025 19:48:28.598] [Server thread/INFO] [STDOUT/]: [org.bnjax3.noitacraft.wand.SpellGroup:AmountOfSpells:45]: true
[11Dec2025 19:48:28.598] [Server thread/INFO] [STDOUT/]: [org.bnjax3.noitacraft.wand.SpellGroup:AmountOfSpells:36]: Recursion Step : 9
[11Dec2025 19:48:28.598] [Server thread/INFO] [STDOUT/]: [org.bnjax3.noitacraft.wand.SpellGroup:AmountOfSpells:44]: PayloadSpell{payload=not null, count=1}
[11Dec2025 19:48:28.599] [Server thread/INFO] [STDOUT/]: [org.bnjax3.noitacraft.wand.SpellGroup:AmountOfSpells:45]: true
[11Dec2025 19:48:28.599] [Server thread/INFO] [STDOUT/]: [org.bnjax3.noitacraft.wand.SpellGroup:AmountOfSpells:36]: Recursion Step : 10
[11Dec2025 19:48:28.599] [Server thread/INFO] [STDOUT/]: [org.bnjax3.noitacraft.wand.SpellGroup:AmountOfSpells:44]: PayloadSpell{payload=not null, count=1}
[11Dec2025 19:48:28.599] [Server thread/INFO] [STDOUT/]: [org.bnjax3.noitacraft.wand.SpellGroup:AmountOfSpells:45]: true
[11Dec2025 19:48:28.599] [Server thread/INFO] [STDOUT/]: [org.bnjax3.noitacraft.wand.SpellGroup:AmountOfSpells:36]: Recursion Step : 11
[11Dec2025 19:48:28.600] [Server thread/INFO] [STDOUT/]: [org.bnjax3.noitacraft.wand.SpellGroup:AmountOfSpells:49]: Counted : 1
[11Dec2025 19:48:28.600] [Server thread/INFO] [STDOUT/]: [org.bnjax3.noitacraft.wand.SpellGroup:AmountOfSpells:49]: Counted : 2
[11Dec2025 19:48:28.600] [Server thread/INFO] [STDOUT/]: [org.bnjax3.noitacraft.wand.SpellGroup:AmountOfSpells:49]: Counted : 3
[11Dec2025 19:48:28.600] [Server thread/INFO] [STDOUT/]: [org.bnjax3.noitacraft.wand.SpellGroup:AmountOfSpells:49]: Counted : 4
[11Dec2025 19:48:28.600] [Server thread/INFO] [STDOUT/]: [org.bnjax3.noitacraft.wand.SpellGroup:AmountOfSpells:49]: Counted : 5
[11Dec2025 19:48:28.600] [Server thread/INFO] [STDOUT/]: [org.bnjax3.noitacraft.wand.SpellGroup:AmountOfSpells:49]: Counted : 6
[11Dec2025 19:48:28.600] [Server thread/INFO] [STDOUT/]: [org.bnjax3.noitacraft.wand.SpellGroup:AmountOfSpells:49]: Counted : 7
[11Dec2025 19:48:28.601] [Server thread/INFO] [STDOUT/]: [org.bnjax3.noitacraft.wand.SpellGroup:AmountOfSpells:49]: Counted : 8
[11Dec2025 19:48:28.601] [Server thread/INFO] [STDOUT/]: [org.bnjax3.noitacraft.wand.SpellGroup:AmountOfSpells:49]: Counted : 9
[11Dec2025 19:48:28.601] [Server thread/INFO] [STDOUT/]: [org.bnjax3.noitacraft.wand.SpellGroup:AmountOfSpells:49]: Counted : 10
[11Dec2025 19:48:28.601] [Server thread/INFO] [STDOUT/]: [org.bnjax3.noitacraft.wand.Wand:GroupSpellsInWand:100]:  ---* index :10
[11Dec2025 19:48:28.601] [Server thread/INFO] [STDOUT/]: [org.bnjax3.noitacraft.wand.Wand:GroupSpellsInWand:101]:  ---* spells to grab :0
[11Dec2025 19:48:28.601] [Server thread/INFO] [STDOUT/]: [org.bnjax3.noitacraft.wand.Wand:GroupSpellsInWand:102]:  ---* reached end of wand: false
[11Dec2025 19:48:28.601] [Server thread/INFO] [STDOUT/]: [org.bnjax3.noitacraft.wand.Wand:GroupSpellsInWand:60]: trying to wrap
[11Dec2025 19:48:28.602] [Server thread/INFO] [STDOUT/]: [org.bnjax3.noitacraft.wand.Wand:GroupSpellsInWand:64]: cant wrap
[11Dec2025 19:48:28.607] [Server thread/ERROR] [net.minecraft.server.MinecraftServer/]: Encountered an unexpected exception
java.lang.StackOverflowError: null
	at org.bnjax3.noitacraft.wand.SpellGroup.GetRechargeTimeModifier(SpellGroup.java:58) ~[?:?]
	at org.bnjax3.noitacraft.wand.SpellGroup.GetRechargeTimeModifier(SpellGroup.java:62) ~[?:?]
	at org.bnjax3.noitacraft.wand.SpellGroup.GetRechargeTimeModifier(SpellGroup.java:62) ~[?:?]
	at org.bnjax3.noitacraft.wand.SpellGroup.GetRechargeTimeModifier(SpellGroup.java:62) ~[?:?]
	at org.bnjax3.noitacraft.wand.SpellGroup.GetRechargeTimeModifier(SpellGroup.java:62) ~[?:?]
	at org.bnjax3.noitacraft.wand.SpellGroup.GetRechargeTimeModifier(SpellGroup.java:62) ~[?:?]
	at org.bnjax3.noitacraft.wand.SpellGroup.GetRechargeTimeModifier(SpellGroup.java:62) ~[?:?]
	at org.bnjax3.noitacraft.wand.SpellGroup.GetRechargeTimeModifier(SpellGroup.java:62) ~[?:?]
	at org.bnjax3.noitacraft.wand.SpellGroup.GetRechargeTimeModifier(SpellGroup.java:62) ~[?:?]
	at org.bnjax3.noitacraft.wand.SpellGroup.GetRechargeTimeModifier(SpellGroup.java:62) ~[?:?]
	at org.bnjax3.noitacraft.wand.SpellGroup.GetRechargeTimeModifier(SpellGroup.java:62) ~[?:?]
	at org.bnjax3.noitacraft.wand.SpellGroup.GetRechargeTimeModifier(SpellGroup.java:62) ~[?:?]
	at org.bnjax3.noitacraft.wand.SpellGroup.GetRechargeTimeModifier(SpellGroup.java:62) ~[?:?]
	at org.bnjax3.noitacraft.wand.SpellGroup.GetRechargeTimeModifier(SpellGroup.java:62) ~[?:?]
	at org.bnjax3.noitacraft.wand.SpellGroup.GetRechargeTimeModifier(SpellGroup.java:62) ~[?:?]
	at org.bnjax3.noitacraft.wand.SpellGroup.GetRechargeTimeModifier(SpellGroup.java:62) ~[?:?]
	at org.bnjax3.noitacraft.wand.SpellGroup.GetRechargeTimeModifier(SpellGroup.java:62) ~[?:?]
	at org.bnjax3.noitacraft.wand.SpellGroup.GetRechargeTimeModifier(SpellGroup.java:62) ~[?:?]
	at org.bnjax3.noitacraft.wand.SpellGroup.GetRechargeTimeModifier(SpellGroup.java:62) ~[?:?]
	at org.bnjax3.noitacraft.wand.SpellGroup.GetRechargeTimeModifier(SpellGroup.java:62) ~[?:?]
	at org.bnjax3.noitacraft.wand.SpellGroup.GetRechargeTimeModifier(SpellGroup.java:62) ~[?:?]
	at org.bnjax3.noitacraft.wand.SpellGroup.GetRechargeTimeModifier(SpellGroup.java:62) ~[?:?]
	at org.bnjax3.noitacraft.wand.SpellGroup.GetRechargeTimeModifier(SpellGroup.java:62) ~[?:?]
	at org.bnjax3.noitacraft.wand.SpellGroup.GetRechargeTimeModifier(SpellGroup.java:62) ~[?:?]
	at org.bnjax3.noitacraft.wand.SpellGroup.GetRechargeTimeModifier(SpellGroup.java:62) ~[?:?]
	at org.bnjax3.noitacraft.wand.SpellGroup.GetRechargeTimeModifier(SpellGroup.java:62) ~[?:?]
	at org.bnjax3.noitacraft.wand.SpellGroup.GetRechargeTimeModifier(SpellGroup.java:62) ~[?:?]
	at org.bnjax3.noitacraft.wand.SpellGroup.GetRechargeTimeModifier(SpellGroup.java:62) ~[?:?]
	at org.bnjax3.noitacraft.wand.SpellGroup.GetRechargeTimeModifier(SpellGroup.java:62) ~[?:?]
	at org.bnjax3.noitacraft.wand.SpellGroup.GetRechargeTimeModifier(SpellGroup.java:62) ~[?:?]
	at org.bnjax3.noitacraft.wand.SpellGroup.GetRechargeTimeModifier(SpellGroup.java:62) ~[?:?]
	at org.bnjax3.noitacraft.wand.SpellGroup.GetRechargeTimeModifier(SpellGroup.java:62) ~[?:?]
	at org.bnjax3.noitacraft.wand.SpellGroup.GetRechargeTimeModifier(SpellGroup.java:62) ~[?:?]
	at org.bnjax3.noitacraft.wand.SpellGroup.GetRechargeTimeModifier(SpellGroup.java:62) ~[?:?]
	at org.bnjax3.noitacraft.wand.SpellGroup.GetRechargeTimeModifier(SpellGroup.java:62) ~[?:?]
	at org.bnjax3.noitacraft.wand.SpellGroup.GetRechargeTimeModifier(SpellGroup.java:62) ~[?:?]
	at org.bnjax3.noitacraft.wand.SpellGroup.GetRechargeTimeModifier(SpellGroup.java:62) ~[?:?]
	at org.bnjax3.noitacraft.wand.SpellGroup.GetRechargeTimeModifier(SpellGroup.java:62) ~[?:?]
	at org.bnjax3.noitacraft.wand.SpellGroup.GetRechargeTimeModifier(SpellGroup.java:62) ~[?:?]
	at org.bnjax3.noitacraft.wand.SpellGroup.GetRechargeTimeModifier(SpellGroup.java:62) ~[?:?]
	at org.bnjax3.noitacraft.wand.SpellGroup.GetRechargeTimeModifier(SpellGroup.java:62) ~[?:?]
	at org.bnjax3.noitacraft.wand.SpellGroup.GetRechargeTimeModifier(SpellGroup.java:62) ~[?:?]
	at org.bnjax3.noitacraft.wand.SpellGroup.GetRechargeTimeModifier(SpellGroup.java:62) ~[?:?]
	at org.bnjax3.noitacraft.wand.SpellGroup.GetRechargeTimeModifier(SpellGroup.java:62) ~[?:?]
	at org.bnjax3.noitacraft.wand.SpellGroup.GetRechargeTimeModifier(SpellGroup.java:62) ~[?:?]
	at org.bnjax3.noitacraft.wand.SpellGroup.GetRechargeTimeModifier(SpellGroup.java:62) ~[?:?]
	at org.bnjax3.noitacraft.wand.SpellGroup.GetRechargeTimeModifier(SpellGroup.java:62) ~[?:?]
	at org.bnjax3.noitacraft.wand.SpellGroup.GetRechargeTimeModifier(SpellGroup.java:62) ~[?:?]
	at org.bnjax3.noitacraft.wand.SpellGroup.GetRechargeTimeModifier(SpellGroup.java:62) ~[?:?]
	at org.bnjax3.noitacraft.wand.SpellGroup.GetRechargeTimeModifier(SpellGroup.java:62) ~[?:?]
	at org.bnjax3.noitacraft.wand.SpellGroup.GetRechargeTimeModifier(SpellGroup.java:62) ~[?:?]
	at org.bnjax3.noitacraft.wand.SpellGroup.GetRechargeTimeModifier(SpellGroup.java:62) ~[?:?]
	at org.bnjax3.noitacraft.wand.SpellGroup.GetRechargeTimeModifier(SpellGroup.java:62) ~[?:?]
	at org.bnjax3.noitacraft.wand.SpellGroup.GetRechargeTimeModifier(SpellGroup.java:62) ~[?:?]
	at org.bnjax3.noitacraft.wand.SpellGroup.GetRechargeTimeModifier(SpellGroup.java:62) ~[?:?]
	at org.bnjax3.noitacraft.wand.SpellGroup.GetRechargeTimeModifier(SpellGroup.java:62) ~[?:?]
	at org.bnjax3.noitacraft.wand.SpellGroup.GetRechargeTimeModifier(SpellGroup.java:62) ~[?:?]
	at org.bnjax3.noitacraft.wand.SpellGroup.GetRechargeTimeModifier(SpellGroup.java:62) ~[?:?]
	at org.bnjax3.noitacraft.wand.SpellGroup.GetRechargeTimeModifier(SpellGroup.java:62) ~[?:?]
	at org.bnjax3.noitacraft.wand.SpellGroup.GetRechargeTimeModifier(SpellGroup.java:62) ~[?:?]
	at org.bnjax3.noitacraft.wand.SpellGroup.GetRechargeTimeModifier(SpellGroup.java:62) ~[?:?]
	at org.bnjax3.noitacraft.wand.SpellGroup.GetRechargeTimeModifier(SpellGroup.java:62) ~[?:?]
	at org.bnjax3.noitacraft.wand.SpellGroup.GetRechargeTimeModifier(SpellGroup.java:62) ~[?:?]
	at org.bnjax3.noitacraft.wand.SpellGroup.GetRechargeTimeModifier(SpellGroup.java:62) ~[?:?]
	at org.bnjax3.noitacraft.wand.SpellGroup.GetRechargeTimeModifier(SpellGroup.java:62) ~[?:?]
	at org.bnjax3.noitacraft.wand.SpellGroup.GetRechargeTimeModifier(SpellGroup.java:62) ~[?:?]
	at org.bnjax3.noitacraft.wand.SpellGroup.GetRechargeTimeModifier(SpellGroup.java:62) ~[?:?]
	at org.bnjax3.noitacraft.wand.SpellGroup.GetRechargeTimeModifier(SpellGroup.java:62) ~[?:?]
	at org.bnjax3.noitacraft.wand.SpellGroup.GetRechargeTimeModifier(SpellGroup.java:62) ~[?:?]
	at org.bnjax3.noitacraft.wand.SpellGroup.GetRechargeTimeModifier(SpellGroup.java:62) ~[?:?]
	at org.bnjax3.noitacraft.wand.SpellGroup.GetRechargeTimeModifier(SpellGroup.java:62) ~[?:?]
	at org.bnjax3.noitacraft.wand.SpellGroup.GetRechargeTimeModifier(SpellGroup.java:62) ~[?:?]
	at org.bnjax3.noitacraft.wand.SpellGroup.GetRechargeTimeModifier(SpellGroup.java:62) ~[?:?]
	at org.bnjax3.noitacraft.wand.SpellGroup.GetRechargeTimeModifier(SpellGroup.java:62) ~[?:?]
	at org.bnjax3.noitacraft.wand.SpellGroup.GetRechargeTimeModifier(SpellGroup.java:62) ~[?:?]
	at org.bnjax3.noitacraft.wand.SpellGroup.GetRechargeTimeModifier(SpellGroup.java:62) ~[?:?]
	at org.bnjax3.noitacraft.wand.SpellGroup.GetRechargeTimeModifier(SpellGroup.java:62) ~[?:?]
	at org.bnjax3.noitacraft.wand.SpellGroup.GetRechargeTimeModifier(SpellGroup.java:62) ~[?:?]
	at org.bnjax3.noitacraft.wand.SpellGroup.GetRechargeTimeModifier(SpellGroup.java:62) ~[?:?]
	at org.bnjax3.noitacraft.wand.SpellGroup.GetRechargeTimeModifier(SpellGroup.java:62) ~[?:?]
	at org.bnjax3.noitacraft.wand.SpellGroup.GetRechargeTimeModifier(SpellGroup.java:62) ~[?:?]
	at org.bnjax3.noitacraft.wand.SpellGroup.GetRechargeTimeModifier(SpellGroup.java:62) ~[?:?]
	at org.bnjax3.noitacraft.wand.SpellGroup.GetRechargeTimeModifier(SpellGroup.java:62) ~[?:?]
	at org.bnjax3.noitacraft.wand.SpellGroup.GetRechargeTimeModifier(SpellGroup.java:62) ~[?:?]
	at org.bnjax3.noitacraft.wand.SpellGroup.GetRechargeTimeModifier(SpellGroup.java:62) ~[?:?]
	at org.bnjax3.noitacraft.wand.SpellGroup.GetRechargeTimeModifier(SpellGroup.java:62) ~[?:?]
	at org.bnjax3.noitacraft.wand.SpellGroup.GetRechargeTimeModifier(SpellGroup.java:62) ~[?:?]
	at org.bnjax3.noitacraft.wand.SpellGroup.GetRechargeTimeModifier(SpellGroup.java:62) ~[?:?]
	at org.bnjax3.noitacraft.wand.SpellGroup.GetRechargeTimeModifier(SpellGroup.java:62) ~[?:?]
	at org.bnjax3.noitacraft.wand.SpellGroup.GetRechargeTimeModifier(SpellGroup.java:62) ~[?:?]
	at org.bnjax3.noitacraft.wand.SpellGroup.GetRechargeTimeModifier(SpellGroup.java:62) ~[?:?]
	at org.bnjax3.noitacraft.wand.SpellGroup.GetRechargeTimeModifier(SpellGroup.java:62) ~[?:?]
	at org.bnjax3.noitacraft.wand.SpellGroup.GetRechargeTimeModifier(SpellGroup.java:62) ~[?:?]
	at org.bnjax3.noitacraft.wand.SpellGroup.GetRechargeTimeModifier(SpellGroup.java:62) ~[?:?]
	at org.bnjax3.noitacraft.wand.SpellGroup.GetRechargeTimeModifier(SpellGroup.java:62) ~[?:?]
	at org.bnjax3.noitacraft.wand.SpellGroup.GetRechargeTimeModifier(SpellGroup.java:62) ~[?:?]
	at org.bnjax3.noitacraft.wand.SpellGroup.GetRechargeTimeModifier(SpellGroup.java:62) ~[?:?]
	at org.bnjax3.noitacraft.wand.SpellGroup.GetRechargeTimeModifier(SpellGroup.java:62) ~[?:?]
	at org.bnjax3.noitacraft.wand.SpellGroup.GetRechargeTimeModifier(SpellGroup.java:62) ~[?:?]
	at org.bnjax3.noitacraft.wand.SpellGroup.GetRechargeTimeModifier(SpellGroup.java:62) ~[?:?]
	at org.bnjax3.noitacraft.wand.SpellGroup.GetRechargeTimeModifier(SpellGroup.java:62) ~[?:?]
	at org.bnjax3.noitacraft.wand.SpellGroup.GetRechargeTimeModifier(SpellGroup.java:62) ~[?:?]
	at org.bnjax3.noitacraft.wand.SpellGroup.GetRechargeTimeModifier(SpellGroup.java:62) ~[?:?]
	at org.bnjax3.noitacraft.wand.SpellGroup.GetRechargeTimeModifier(SpellGroup.java:62) ~[?:?]
	at org.bnjax3.noitacraft.wand.SpellGroup.GetRechargeTimeModifier(SpellGroup.java:62) ~[?:?]
	at org.bnjax3.noitacraft.wand.SpellGroup.GetRechargeTimeModifier(SpellGroup.java:62) ~[?:?]
	at org.bnjax3.noitacraft.wand.SpellGroup.GetRechargeTimeModifier(SpellGroup.java:62) ~[?:?]
	at org.bnjax3.noitacraft.wand.SpellGroup.GetRechargeTimeModifier(SpellGroup.java:62) ~[?:?]
	at org.bnjax3.noitacraft.wand.SpellGroup.GetRechargeTimeModifier(SpellGroup.java:62) ~[?:?]
	at org.bnjax3.noitacraft.wand.SpellGroup.GetRechargeTimeModifier(SpellGroup.java:62) ~[?:?]
	at org.bnjax3.noitacraft.wand.SpellGroup.GetRechargeTimeModifier(SpellGroup.java:62) ~[?:?]
	at org.bnjax3.noitacraft.wand.SpellGroup.GetRechargeTimeModifier(SpellGroup.java:62) ~[?:?]
	at org.bnjax3.noitacraft.wand.SpellGroup.GetRechargeTimeModifier(SpellGroup.java:62) ~[?:?]
	at org.bnjax3.noitacraft.wand.SpellGroup.GetRechargeTimeModifier(SpellGroup.java:62) ~[?:?]
	at org.bnjax3.noitacraft.wand.SpellGroup.GetRechargeTimeModifier(SpellGroup.java:62) ~[?:?]
	at org.bnjax3.noitacraft.wand.SpellGroup.GetRechargeTimeModifier(SpellGroup.java:62) ~[?:?]
	at org.bnjax3.noitacraft.wand.SpellGroup.GetRechargeTimeModifier(SpellGroup.java:62) ~[?:?]
	at org.bnjax3.noitacraft.wand.SpellGroup.GetRechargeTimeModifier(SpellGroup.java:62) ~[?:?]
	at org.bnjax3.noitacraft.wand.SpellGroup.GetRechargeTimeModifier(SpellGroup.java:62) ~[?:?]
	at org.bnjax3.noitacraft.wand.SpellGroup.GetRechargeTimeModifier(SpellGroup.java:62) ~[?:?]
	at org.bnjax3.noitacraft.wand.SpellGroup.GetRechargeTimeModifier(SpellGroup.java:62) ~[?:?]
	at org.bnjax3.noitacraft.wand.SpellGroup.GetRechargeTimeModifier(SpellGroup.java:62) ~[?:?]
	at org.bnjax3.noitacraft.wand.SpellGroup.GetRechargeTimeModifier(SpellGroup.java:62) ~[?:?]
	at org.bnjax3.noitacraft.wand.SpellGroup.GetRechargeTimeModifier(SpellGroup.java:62) ~[?:?]
	at org.bnjax3.noitacraft.wand.SpellGroup.GetRechargeTimeModifier(SpellGroup.java:62) ~[?:?]
	at org.bnjax3.noitacraft.wand.SpellGroup.GetRechargeTimeModifier(SpellGroup.java:62) ~[?:?]
	at org.bnjax3.noitacraft.wand.SpellGroup.GetRechargeTimeModifier(SpellGroup.java:62) ~[?:?]
	at org.bnjax3.noitacraft.wand.SpellGroup.GetRechargeTimeModifier(SpellGroup.java:62) ~[?:?]
	at org.bnjax3.noitacraft.wand.SpellGroup.GetRechargeTimeModifier(SpellGroup.java:62) ~[?:?]
	at org.bnjax3.noitacraft.wand.SpellGroup.GetRechargeTimeModifier(SpellGroup.java:62) ~[?:?]
	at org.bnjax3.noitacraft.wand.SpellGroup.GetRechargeTimeModifier(SpellGroup.java:62) ~[?:?]
	at org.bnjax3.noitacraft.wand.SpellGroup.GetRechargeTimeModifier(SpellGroup.java:62) ~[?:?]
	at org.bnjax3.noitacraft.wand.SpellGroup.GetRechargeTimeModifier(SpellGroup.java:62) ~[?:?]
	at org.bnjax3.noitacraft.wand.SpellGroup.GetRechargeTimeModifier(SpellGroup.java:62) ~[?:?]
	at org.bnjax3.noitacraft.wand.SpellGroup.GetRechargeTimeModifier(SpellGroup.java:62) ~[?:?]
	at org.bnjax3.noitacraft.wand.SpellGroup.GetRechargeTimeModifier(SpellGroup.java:62) ~[?:?]
	at org.bnjax3.noitacraft.wand.SpellGroup.GetRechargeTimeModifier(SpellGroup.java:62) ~[?:?]
	at org.bnjax3.noitacraft.wand.SpellGroup.GetRechargeTimeModifier(SpellGroup.java:62) ~[?:?]
	at org.bnjax3.noitacraft.wand.SpellGroup.GetRechargeTimeModifier(SpellGroup.java:62) ~[?:?]
	at org.bnjax3.noitacraft.wand.SpellGroup.GetRechargeTimeModifier(SpellGroup.java:62) ~[?:?]
	at org.bnjax3.noitacraft.wand.SpellGroup.GetRechargeTimeModifier(SpellGroup.java:62) ~[?:?]
	at org.bnjax3.noitacraft.wand.SpellGroup.GetRechargeTimeModifier(SpellGroup.java:62) ~[?:?]
	at org.bnjax3.noitacraft.wand.SpellGroup.GetRechargeTimeModifier(SpellGroup.java:62) ~[?:?]
	at org.bnjax3.noitacraft.wand.SpellGroup.GetRechargeTimeModifier(SpellGroup.java:62) ~[?:?]
	at org.bnjax3.noitacraft.wand.SpellGroup.GetRechargeTimeModifier(SpellGroup.java:62) ~[?:?]
	at org.bnjax3.noitacraft.wand.SpellGroup.GetRechargeTimeModifier(SpellGroup.java:62) ~[?:?]
	at org.bnjax3.noitacraft.wand.SpellGroup.GetRechargeTimeModifier(SpellGroup.java:62) ~[?:?]
	at org.bnjax3.noitacraft.wand.SpellGroup.GetRechargeTimeModifier(SpellGroup.java:62) ~[?:?]
	at org.bnjax3.noitacraft.wand.SpellGroup.GetRechargeTimeModifier(SpellGroup.java:62) ~[?:?]
	at org.bnjax3.noitacraft.wand.SpellGroup.GetRechargeTimeModifier(SpellGroup.java:62) ~[?:?]
	at org.bnjax3.noitacraft.wand.SpellGroup.GetRechargeTimeModifier(SpellGroup.java:62) ~[?:?]
	at org.bnjax3.noitacraft.wand.SpellGroup.GetRechargeTimeModifier(SpellGroup.java:62) ~[?:?]
	at org.bnjax3.noitacraft.wand.SpellGroup.GetRechargeTimeModifier(SpellGroup.java:62) ~[?:?]
	at org.bnjax3.noitacraft.wand.SpellGroup.GetRechargeTimeModifier(SpellGroup.java:62) ~[?:?]
	at org.bnjax3.noitacraft.wand.SpellGroup.GetRechargeTimeModifier(SpellGroup.java:62) ~[?:?]
	at org.bnjax3.noitacraft.wand.SpellGroup.GetRechargeTimeModifier(SpellGroup.java:62) ~[?:?]
	at org.bnjax3.noitacraft.wand.SpellGroup.GetRechargeTimeModifier(SpellGroup.java:62) ~[?:?]
	at org.bnjax3.noitacraft.wand.SpellGroup.GetRechargeTimeModifier(SpellGroup.java:62) ~[?:?]
	at org.bnjax3.noitacraft.wand.SpellGroup.GetRechargeTimeModifier(SpellGroup.java:62) ~[?:?]
	at org.bnjax3.noitacraft.wand.SpellGroup.GetRechargeTimeModifier(SpellGroup.java:62) ~[?:?]
	at org.bnjax3.noitacraft.wand.SpellGroup.GetRechargeTimeModifier(SpellGroup.java:62) ~[?:?]
	at org.bnjax3.noitacraft.wand.SpellGroup.GetRechargeTimeModifier(SpellGroup.java:62) ~[?:?]
	at org.bnjax3.noitacraft.wand.SpellGroup.GetRechargeTimeModifier(SpellGroup.java:62) ~[?:?]
	at org.bnjax3.noitacraft.wand.SpellGroup.GetRechargeTimeModifier(SpellGroup.java:62) ~[?:?]
	at org.bnjax3.noitacraft.wand.SpellGroup.GetRechargeTimeModifier(SpellGroup.java:62) ~[?:?]
	at org.bnjax3.noitacraft.wand.SpellGroup.GetRechargeTimeModifier(SpellGroup.java:62) ~[?:?]
	at org.bnjax3.noitacraft.wand.SpellGroup.GetRechargeTimeModifier(SpellGroup.java:62) ~[?:?]
	at org.bnjax3.noitacraft.wand.SpellGroup.GetRechargeTimeModifier(SpellGroup.java:62) ~[?:?]
	at org.bnjax3.noitacraft.wand.SpellGroup.GetRechargeTimeModifier(SpellGroup.java:62) ~[?:?]
	at org.bnjax3.noitacraft.wand.SpellGroup.GetRechargeTimeModifier(SpellGroup.java:62) ~[?:?]
	at org.bnjax3.noitacraft.wand.SpellGroup.GetRechargeTimeModifier(SpellGroup.java:62) ~[?:?]
	at org.bnjax3.noitacraft.wand.SpellGroup.GetRechargeTimeModifier(SpellGroup.java:62) ~[?:?]
	at org.bnjax3.noitacraft.wand.SpellGroup.GetRechargeTimeModifier(SpellGroup.java:62) ~[?:?]
	at org.bnjax3.noitacraft.wand.SpellGroup.GetRechargeTimeModifier(SpellGroup.java:62) ~[?:?]
	at org.bnjax3.noitacraft.wand.SpellGroup.GetRechargeTimeModifier(SpellGroup.java:62) ~[?:?]
	at org.bnjax3.noitacraft.wand.SpellGroup.GetRechargeTimeModifier(SpellGroup.java:62) ~[?:?]
	at org.bnjax3.noitacraft.wand.SpellGroup.GetRechargeTimeModifier(SpellGroup.java:62) ~[?:?]
	at org.bnjax3.noitacraft.wand.SpellGroup.GetRechargeTimeModifier(SpellGroup.java:62) ~[?:?]
	at org.bnjax3.noitacraft.wand.SpellGroup.GetRechargeTimeModifier(SpellGroup.java:62) ~[?:?]
	at org.bnjax3.noitacraft.wand.SpellGroup.GetRechargeTimeModifier(SpellGroup.java:62) ~[?:?]
	at org.bnjax3.noitacraft.wand.SpellGroup.GetRechargeTimeModifier(SpellGroup.java:62) ~[?:?]
	at org.bnjax3.noitacraft.wand.SpellGroup.GetRechargeTimeModifier(SpellGroup.java:62) ~[?:?]
	at org.bnjax3.noitacraft.wand.SpellGroup.GetRechargeTimeModifier(SpellGroup.java:62) ~[?:?]
	at org.bnjax3.noitacraft.wand.SpellGroup.GetRechargeTimeModifier(SpellGroup.java:62) ~[?:?]
	at org.bnjax3.noitacraft.wand.SpellGroup.GetRechargeTimeModifier(SpellGroup.java:62) ~[?:?]
	at org.bnjax3.noitacraft.wand.SpellGroup.GetRechargeTimeModifier(SpellGroup.java:62) ~[?:?]
	at org.bnjax3.noitacraft.wand.SpellGroup.GetRechargeTimeModifier(SpellGroup.java:62) ~[?:?]
	at org.bnjax3.noitacraft.wand.SpellGroup.GetRechargeTimeModifier(SpellGroup.java:62) ~[?:?]
	at org.bnjax3.noitacraft.wand.SpellGroup.GetRechargeTimeModifier(SpellGroup.java:62) ~[?:?]
	at org.bnjax3.noitacraft.wand.SpellGroup.GetRechargeTimeModifier(SpellGroup.java:62) ~[?:?]
	at org.bnjax3.noitacraft.wand.SpellGroup.GetRechargeTimeModifier(SpellGroup.java:62) ~[?:?]
	at org.bnjax3.noitacraft.wand.SpellGroup.GetRechargeTimeModifier(SpellGroup.java:62) ~[?:?]
	at org.bnjax3.noitacraft.wand.SpellGroup.GetRechargeTimeModifier(SpellGroup.java:62) ~[?:?]
	at org.bnjax3.noitacraft.wand.SpellGroup.GetRechargeTimeModifier(SpellGroup.java:62) ~[?:?]
	at org.bnjax3.noitacraft.wand.SpellGroup.GetRechargeTimeModifier(SpellGroup.java:62) ~[?:?]
	at org.bnjax3.noitacraft.wand.SpellGroup.GetRechargeTimeModifier(SpellGroup.java:62) ~[?:?]
	at org.bnjax3.noitacraft.wand.SpellGroup.GetRechargeTimeModifier(SpellGroup.java:62) ~[?:?]
	at org.bnjax3.noitacraft.wand.SpellGroup.GetRechargeTimeModifier(SpellGroup.java:62) ~[?:?]
	at org.bnjax3.noitacraft.wand.SpellGroup.GetRechargeTimeModifier(SpellGroup.java:62) ~[?:?]
	at org.bnjax3.noitacraft.wand.SpellGroup.GetRechargeTimeModifier(SpellGroup.java:62) ~[?:?]
	at org.bnjax3.noitacraft.wand.SpellGroup.GetRechargeTimeModifier(SpellGroup.java:62) ~[?:?]
	at org.bnjax3.noitacraft.wand.SpellGroup.GetRechargeTimeModifier(SpellGroup.java:62) ~[?:?]
	at org.bnjax3.noitacraft.wand.SpellGroup.GetRechargeTimeModifier(SpellGroup.java:62) ~[?:?]
	at org.bnjax3.noitacraft.wand.SpellGroup.GetRechargeTimeModifier(SpellGroup.java:62) ~[?:?]
	at org.bnjax3.noitacraft.wand.SpellGroup.GetRechargeTimeModifier(SpellGroup.java:62) ~[?:?]
	at org.bnjax3.noitacraft.wand.SpellGroup.GetRechargeTimeModifier(SpellGroup.java:62) ~[?:?]
	at org.bnjax3.noitacraft.wand.SpellGroup.GetRechargeTimeModifier(SpellGroup.java:62) ~[?:?]
	at org.bnjax3.noitacraft.wand.SpellGroup.GetRechargeTimeModifier(SpellGroup.java:62) ~[?:?]
	at org.bnjax3.noitacraft.wand.SpellGroup.GetRechargeTimeModifier(SpellGroup.java:62) ~[?:?]
	at org.bnjax3.noitacraft.wand.SpellGroup.GetRechargeTimeModifier(SpellGroup.java:62) ~[?:?]
	at org.bnjax3.noitacraft.wand.SpellGroup.GetRechargeTimeModifier(SpellGroup.java:62) ~[?:?]
	at org.bnjax3.noitacraft.wand.SpellGroup.GetRechargeTimeModifier(SpellGroup.java:62) ~[?:?]
	at org.bnjax3.noitacraft.wand.SpellGroup.GetRechargeTimeModifier(SpellGroup.java:62) ~[?:?]
	at org.bnjax3.noitacraft.wand.SpellGroup.GetRechargeTimeModifier(SpellGroup.java:62) ~[?:?]
	at org.bnjax3.noitacraft.wand.SpellGroup.GetRechargeTimeModifier(SpellGroup.java:62) ~[?:?]
	at org.bnjax3.noitacraft.wand.SpellGroup.GetRechargeTimeModifier(SpellGroup.java:62) ~[?:?]
	at org.bnjax3.noitacraft.wand.SpellGroup.GetRechargeTimeModifier(SpellGroup.java:62) ~[?:?]
	at org.bnjax3.noitacraft.wand.SpellGroup.GetRechargeTimeModifier(SpellGroup.java:62) ~[?:?]
	at org.bnjax3.noitacraft.wand.SpellGroup.GetRechargeTimeModifier(SpellGroup.java:62) ~[?:?]
	at org.bnjax3.noitacraft.wand.SpellGroup.GetRechargeTimeModifier(SpellGroup.java:62) ~[?:?]
	at org.bnjax3.noitacraft.wand.SpellGroup.GetRechargeTimeModifier(SpellGroup.java:62) ~[?:?]
	at org.bnjax3.noitacraft.wand.SpellGroup.GetRechargeTimeModifier(SpellGroup.java:62) ~[?:?]
	at org.bnjax3.noitacraft.wand.SpellGroup.GetRechargeTimeModifier(SpellGroup.java:62) ~[?:?]
	at org.bnjax3.noitacraft.wand.SpellGroup.GetRechargeTimeModifier(SpellGroup.java:62) ~[?:?]
	at org.bnjax3.noitacraft.wand.SpellGroup.GetRechargeTimeModifier(SpellGroup.java:62) ~[?:?]
	at org.bnjax3.noitacraft.wand.SpellGroup.GetRechargeTimeModifier(SpellGroup.java:62) ~[?:?]
	at org.bnjax3.noitacraft.wand.SpellGroup.GetRechargeTimeModifier(SpellGroup.java:62) ~[?:?]
	at org.bnjax3.noitacraft.wand.SpellGroup.GetRechargeTimeModifier(SpellGroup.java:62) ~[?:?]
	at org.bnjax3.noitacraft.wand.SpellGroup.GetRechargeTimeModifier(SpellGroup.java:62) ~[?:?]
	at org.bnjax3.noitacraft.wand.SpellGroup.GetRechargeTimeModifier(SpellGroup.java:62) ~[?:?]
	at org.bnjax3.noitacraft.wand.SpellGroup.GetRechargeTimeModifier(SpellGroup.java:62) ~[?:?]
	at org.bnjax3.noitacraft.wand.SpellGroup.GetRechargeTimeModifier(SpellGroup.java:62) ~[?:?]
	at org.bnjax3.noitacraft.wand.SpellGroup.GetRechargeTimeModifier(SpellGroup.java:62) ~[?:?]
	at org.bnjax3.noitacraft.wand.SpellGroup.GetRechargeTimeModifier(SpellGroup.java:62) ~[?:?]
	at org.bnjax3.noitacraft.wand.SpellGroup.GetRechargeTimeModifier(SpellGroup.java:62) ~[?:?]
	at org.bnjax3.noitacraft.wand.SpellGroup.GetRechargeTimeModifier(SpellGroup.java:62) ~[?:?]
	at org.bnjax3.noitacraft.wand.SpellGroup.GetRechargeTimeModifier(SpellGroup.java:62) ~[?:?]
	at org.bnjax3.noitacraft.wand.SpellGroup.GetRechargeTimeModifier(SpellGroup.java:62) ~[?:?]
	at org.bnjax3.noitacraft.wand.SpellGroup.GetRechargeTimeModifier(SpellGroup.java:62) ~[?:?]
	at org.bnjax3.noitacraft.wand.SpellGroup.GetRechargeTimeModifier(SpellGroup.java:62) ~[?:?]
	at org.bnjax3.noitacraft.wand.SpellGroup.GetRechargeTimeModifier(SpellGroup.java:62) ~[?:?]
	at org.bnjax3.noitacraft.wand.SpellGroup.GetRechargeTimeModifier(SpellGroup.java:62) ~[?:?]
	at org.bnjax3.noitacraft.wand.SpellGroup.GetRechargeTimeModifier(SpellGroup.java:62) ~[?:?]
	at org.bnjax3.noitacraft.wand.SpellGroup.GetRechargeTimeModifier(SpellGroup.java:62) ~[?:?]
	at org.bnjax3.noitacraft.wand.SpellGroup.GetRechargeTimeModifier(SpellGroup.java:62) ~[?:?]
	at org.bnjax3.noitacraft.wand.SpellGroup.GetRechargeTimeModifier(SpellGroup.java:62) ~[?:?]
	at org.bnjax3.noitacraft.wand.SpellGroup.GetRechargeTimeModifier(SpellGroup.java:62) ~[?:?]
	at org.bnjax3.noitacraft.wand.SpellGroup.GetRechargeTimeModifier(SpellGroup.java:62) ~[?:?]
	at org.bnjax3.noitacraft.wand.SpellGroup.GetRechargeTimeModifier(SpellGroup.java:62) ~[?:?]
	at org.bnjax3.noitacraft.wand.SpellGroup.GetRechargeTimeModifier(SpellGroup.java:62) ~[?:?]
	at org.bnjax3.noitacraft.wand.SpellGroup.GetRechargeTimeModifier(SpellGroup.java:62) ~[?:?]
	at org.bnjax3.noitacraft.wand.SpellGroup.GetRechargeTimeModifier(SpellGroup.java:62) ~[?:?]
	at org.bnjax3.noitacraft.wand.SpellGroup.GetRechargeTimeModifier(SpellGroup.java:62) ~[?:?]
	at org.bnjax3.noitacraft.wand.SpellGroup.GetRechargeTimeModifier(SpellGroup.java:62) ~[?:?]
	at org.bnjax3.noitacraft.wand.SpellGroup.GetRechargeTimeModifier(SpellGroup.java:62) ~[?:?]
	at org.bnjax3.noitacraft.wand.SpellGroup.GetRechargeTimeModifier(SpellGroup.java:62) ~[?:?]
	at org.bnjax3.noitacraft.wand.SpellGroup.GetRechargeTimeModifier(SpellGroup.java:62) ~[?:?]
	at org.bnjax3.noitacraft.wand.SpellGroup.GetRechargeTimeModifier(SpellGroup.java:62) ~[?:?]
	at org.bnjax3.noitacraft.wand.SpellGroup.GetRechargeTimeModifier(SpellGroup.java:62) ~[?:?]
	at org.bnjax3.noitacraft.wand.SpellGroup.GetRechargeTimeModifier(SpellGroup.java:62) ~[?:?]
	at org.bnjax3.noitacraft.wand.SpellGroup.GetRechargeTimeModifier(SpellGroup.java:62) ~[?:?]
	at org.bnjax3.noitacraft.wand.SpellGroup.GetRechargeTimeModifier(SpellGroup.java:62) ~[?:?]
	at org.bnjax3.noitacraft.wand.SpellGroup.GetRechargeTimeModifier(SpellGroup.java:62) ~[?:?]
	at org.bnjax3.noitacraft.wand.SpellGroup.GetRechargeTimeModifier(SpellGroup.java:62) ~[?:?]
	at org.bnjax3.noitacraft.wand.SpellGroup.GetRechargeTimeModifier(SpellGroup.java:62) ~[?:?]
	at org.bnjax3.noitacraft.wand.SpellGroup.GetRechargeTimeModifier(SpellGroup.java:62) ~[?:?]
	at org.bnjax3.noitacraft.wand.SpellGroup.GetRechargeTimeModifier(SpellGroup.java:62) ~[?:?]
	at org.bnjax3.noitacraft.wand.SpellGroup.GetRechargeTimeModifier(SpellGroup.java:62) ~[?:?]
	at org.bnjax3.noitacraft.wand.SpellGroup.GetRechargeTimeModifier(SpellGroup.java:62) ~[?:?]
	at org.bnjax3.noitacraft.wand.SpellGroup.GetRechargeTimeModifier(SpellGroup.java:62) ~[?:?]
	at org.bnjax3.noitacraft.wand.SpellGroup.GetRechargeTimeModifier(SpellGroup.java:62) ~[?:?]
	at org.bnjax3.noitacraft.wand.SpellGroup.GetRechargeTimeModifier(SpellGroup.java:62) ~[?:?]
	at org.bnjax3.noitacraft.wand.SpellGroup.GetRechargeTimeModifier(SpellGroup.java:62) ~[?:?]
	at org.bnjax3.noitacraft.wand.SpellGroup.GetRechargeTimeModifier(SpellGroup.java:62) ~[?:?]
	at org.bnjax3.noitacraft.wand.SpellGroup.GetRechargeTimeModifier(SpellGroup.java:62) ~[?:?]
	at org.bnjax3.noitacraft.wand.SpellGroup.GetRechargeTimeModifier(SpellGroup.java:62) ~[?:?]
	at org.bnjax3.noitacraft.wand.SpellGroup.GetRechargeTimeModifier(SpellGroup.java:62) ~[?:?]
	at org.bnjax3.noitacraft.wand.SpellGroup.GetRechargeTimeModifier(SpellGroup.java:62) ~[?:?]
	at org.bnjax3.noitacraft.wand.SpellGroup.GetRechargeTimeModifier(SpellGroup.java:62) ~[?:?]
	at org.bnjax3.noitacraft.wand.SpellGroup.GetRechargeTimeModifier(SpellGroup.java:62) ~[?:?]
	at org.bnjax3.noitacraft.wand.SpellGroup.GetRechargeTimeModifier(SpellGroup.java:62) ~[?:?]
	at org.bnjax3.noitacraft.wand.SpellGroup.GetRechargeTimeModifier(SpellGroup.java:62) ~[?:?]
	at org.bnjax3.noitacraft.wand.SpellGroup.GetRechargeTimeModifier(SpellGroup.java:62) ~[?:?]
	at org.bnjax3.noitacraft.wand.SpellGroup.GetRechargeTimeModifier(SpellGroup.java:62) ~[?:?]
	at org.bnjax3.noitacraft.wand.SpellGroup.GetRechargeTimeModifier(SpellGroup.java:62) ~[?:?]
	at org.bnjax3.noitacraft.wand.SpellGroup.GetRechargeTimeModifier(SpellGroup.java:62) ~[?:?]
	at org.bnjax3.noitacraft.wand.SpellGroup.GetRechargeTimeModifier(SpellGroup.java:62) ~[?:?]
	at org.bnjax3.noitacraft.wand.SpellGroup.GetRechargeTimeModifier(SpellGroup.java:62) ~[?:?]
	at org.bnjax3.noitacraft.wand.SpellGroup.GetRechargeTimeModifier(SpellGroup.java:62) ~[?:?]
	at org.bnjax3.noitacraft.wand.SpellGroup.GetRechargeTimeModifier(SpellGroup.java:62) ~[?:?]
	at org.bnjax3.noitacraft.wand.SpellGroup.GetRechargeTimeModifier(SpellGroup.java:62) ~[?:?]
	at org.bnjax3.noitacraft.wand.SpellGroup.GetRechargeTimeModifier(SpellGroup.java:62) ~[?:?]
	at org.bnjax3.noitacraft.wand.SpellGroup.GetRechargeTimeModifier(SpellGroup.java:62) ~[?:?]
	at org.bnjax3.noitacraft.wand.SpellGroup.GetRechargeTimeModifier(SpellGroup.java:62) ~[?:?]
	at org.bnjax3.noitacraft.wand.SpellGroup.GetRechargeTimeModifier(SpellGroup.java:62) ~[?:?]
	at org.bnjax3.noitacraft.wand.SpellGroup.GetRechargeTimeModifier(SpellGroup.java:62) ~[?:?]
	at org.bnjax3.noitacraft.wand.SpellGroup.GetRechargeTimeModifier(SpellGroup.java:62) ~[?:?]
	at org.bnjax3.noitacraft.wand.SpellGroup.GetRechargeTimeModifier(SpellGroup.java:62) ~[?:?]
	at org.bnjax3.noitacraft.wand.SpellGroup.GetRechargeTimeModifier(SpellGroup.java:62) ~[?:?]
	at org.bnjax3.noitacraft.wand.SpellGroup.GetRechargeTimeModifier(SpellGroup.java:62) ~[?:?]
	at org.bnjax3.noitacraft.wand.SpellGroup.GetRechargeTimeModifier(SpellGroup.java:62) ~[?:?]
	at org.bnjax3.noitacraft.wand.SpellGroup.GetRechargeTimeModifier(SpellGroup.java:62) ~[?:?]
	at org.bnjax3.noitacraft.wand.SpellGroup.GetRechargeTimeModifier(SpellGroup.java:62) ~[?:?]
	at org.bnjax3.noitacraft.wand.SpellGroup.GetRechargeTimeModifier(SpellGroup.java:62) ~[?:?]
	at org.bnjax3.noitacraft.wand.SpellGroup.GetRechargeTimeModifier(SpellGroup.java:62) ~[?:?]
	at org.bnjax3.noitacraft.wand.SpellGroup.GetRechargeTimeModifier(SpellGroup.java:62) ~[?:?]
	at org.bnjax3.noitacraft.wand.SpellGroup.GetRechargeTimeModifier(SpellGroup.java:62) ~[?:?]
	at org.bnjax3.noitacraft.wand.SpellGroup.GetRechargeTimeModifier(SpellGroup.java:62) ~[?:?]
	at org.bnjax3.noitacraft.wand.SpellGroup.GetRechargeTimeModifier(SpellGroup.java:62) ~[?:?]
	at org.bnjax3.noitacraft.wand.SpellGroup.GetRechargeTimeModifier(SpellGroup.java:62) ~[?:?]
	at org.bnjax3.noitacraft.wand.SpellGroup.GetRechargeTimeModifier(SpellGroup.java:62) ~[?:?]
	at org.bnjax3.noitacraft.wand.SpellGroup.GetRechargeTimeModifier(SpellGroup.java:62) ~[?:?]
	at org.bnjax3.noitacraft.wand.SpellGroup.GetRechargeTimeModifier(SpellGroup.java:62) ~[?:?]
	at org.bnjax3.noitacraft.wand.SpellGroup.GetRechargeTimeModifier(SpellGroup.java:62) ~[?:?]
	at org.bnjax3.noitacraft.wand.SpellGroup.GetRechargeTimeModifier(SpellGroup.java:62) ~[?:?]
	at org.bnjax3.noitacraft.wand.SpellGroup.GetRechargeTimeModifier(SpellGroup.java:62) ~[?:?]
	at org.bnjax3.noitacraft.wand.SpellGroup.GetRechargeTimeModifier(SpellGroup.java:62) ~[?:?]
	at org.bnjax3.noitacraft.wand.SpellGroup.GetRechargeTimeModifier(SpellGroup.java:62) ~[?:?]
	at org.bnjax3.noitacraft.wand.SpellGroup.GetRechargeTimeModifier(SpellGroup.java:62) ~[?:?]
	at org.bnjax3.noitacraft.wand.SpellGroup.GetRechargeTimeModifier(SpellGroup.java:62) ~[?:?]
	at org.bnjax3.noitacraft.wand.SpellGroup.GetRechargeTimeModifier(SpellGroup.java:62) ~[?:?]
	at org.bnjax3.noitacraft.wand.SpellGroup.GetRechargeTimeModifier(SpellGroup.java:62) ~[?:?]
	at org.bnjax3.noitacraft.wand.SpellGroup.GetRechargeTimeModifier(SpellGroup.java:62) ~[?:?]
	at org.bnjax3.noitacraft.wand.SpellGroup.GetRechargeTimeModifier(SpellGroup.java:62) ~[?:?]
	at org.bnjax3.noitacraft.wand.SpellGroup.GetRechargeTimeModifier(SpellGroup.java:62) ~[?:?]
	at org.bnjax3.noitacraft.wand.SpellGroup.GetRechargeTimeModifier(SpellGroup.java:62) ~[?:?]
	at org.bnjax3.noitacraft.wand.SpellGroup.GetRechargeTimeModifier(SpellGroup.java:62) ~[?:?]
	at org.bnjax3.noitacraft.wand.SpellGroup.GetRechargeTimeModifier(SpellGroup.java:62) ~[?:?]
	at org.bnjax3.noitacraft.wand.SpellGroup.GetRechargeTimeModifier(SpellGroup.java:62) ~[?:?]
	at org.bnjax3.noitacraft.wand.SpellGroup.GetRechargeTimeModifier(SpellGroup.java:62) ~[?:?]
	at org.bnjax3.noitacraft.wand.SpellGroup.GetRechargeTimeModifier(SpellGroup.java:62) ~[?:?]
	at org.bnjax3.noitacraft.wand.SpellGroup.GetRechargeTimeModifier(SpellGroup.java:62) ~[?:?]
	at org.bnjax3.noitacraft.wand.SpellGroup.GetRechargeTimeModifier(SpellGroup.java:62) ~[?:?]
	at org.bnjax3.noitacraft.wand.SpellGroup.GetRechargeTimeModifier(SpellGroup.java:62) ~[?:?]
	at org.bnjax3.noitacraft.wand.SpellGroup.GetRechargeTimeModifier(SpellGroup.java:62) ~[?:?]
	at org.bnjax3.noitacraft.wand.SpellGroup.GetRechargeTimeModifier(SpellGroup.java:62) ~[?:?]
	at org.bnjax3.noitacraft.wand.SpellGroup.GetRechargeTimeModifier(SpellGroup.java:62) ~[?:?]
	at org.bnjax3.noitacraft.wand.SpellGroup.GetRechargeTimeModifier(SpellGroup.java:62) ~[?:?]
	at org.bnjax3.noitacraft.wand.SpellGroup.GetRechargeTimeModifier(SpellGroup.java:62) ~[?:?]
	at org.bnjax3.noitacraft.wand.SpellGroup.GetRechargeTimeModifier(SpellGroup.java:62) ~[?:?]
	at org.bnjax3.noitacraft.wand.SpellGroup.GetRechargeTimeModifier(SpellGroup.java:62) ~[?:?]
	at org.bnjax3.noitacraft.wand.SpellGroup.GetRechargeTimeModifier(SpellGroup.java:62) ~[?:?]
	at org.bnjax3.noitacraft.wand.SpellGroup.GetRechargeTimeModifier(SpellGroup.java:62) ~[?:?]
	at org.bnjax3.noitacraft.wand.SpellGroup.GetRechargeTimeModifier(SpellGroup.java:62) ~[?:?]
	at org.bnjax3.noitacraft.wand.SpellGroup.GetRechargeTimeModifier(SpellGroup.java:62) ~[?:?]
	at org.bnjax3.noitacraft.wand.SpellGroup.GetRechargeTimeModifier(SpellGroup.java:62) ~[?:?]
	at org.bnjax3.noitacraft.wand.SpellGroup.GetRechargeTimeModifier(SpellGroup.java:62) ~[?:?]
	at org.bnjax3.noitacraft.wand.SpellGroup.GetRechargeTimeModifier(SpellGroup.java:62) ~[?:?]
	at org.bnjax3.noitacraft.wand.SpellGroup.GetRechargeTimeModifier(SpellGroup.java:62) ~[?:?]
	at org.bnjax3.noitacraft.wand.SpellGroup.GetRechargeTimeModifier(SpellGroup.java:62) ~[?:?]
	at org.bnjax3.noitacraft.wand.SpellGroup.GetRechargeTimeModifier(SpellGroup.java:62) ~[?:?]
	at org.bnjax3.noitacraft.wand.SpellGroup.GetRechargeTimeModifier(SpellGroup.java:62) ~[?:?]
	at org.bnjax3.noitacraft.wand.SpellGroup.GetRechargeTimeModifier(SpellGroup.java:62) ~[?:?]
	at org.bnjax3.noitacraft.wand.SpellGroup.GetRechargeTimeModifier(SpellGroup.java:62) ~[?:?]
	at org.bnjax3.noitacraft.wand.SpellGroup.GetRechargeTimeModifier(SpellGroup.java:62) ~[?:?]
	at org.bnjax3.noitacraft.wand.SpellGroup.GetRechargeTimeModifier(SpellGroup.java:62) ~[?:?]
	at org.bnjax3.noitacraft.wand.SpellGroup.GetRechargeTimeModifier(SpellGroup.java:62) ~[?:?]
	at org.bnjax3.noitacraft.wand.SpellGroup.GetRechargeTimeModifier(SpellGroup.java:62) ~[?:?]
	at org.bnjax3.noitacraft.wand.SpellGroup.GetRechargeTimeModifier(SpellGroup.java:62) ~[?:?]
	at org.bnjax3.noitacraft.wand.SpellGroup.GetRechargeTimeModifier(SpellGroup.java:62) ~[?:?]
	at org.bnjax3.noitacraft.wand.SpellGroup.GetRechargeTimeModifier(SpellGroup.java:62) ~[?:?]
	at org.bnjax3.noitacraft.wand.SpellGroup.GetRechargeTimeModifier(SpellGroup.java:62) ~[?:?]
	at org.bnjax3.noitacraft.wand.SpellGroup.GetRechargeTimeModifier(SpellGroup.java:62) ~[?:?]
	at org.bnjax3.noitacraft.wand.SpellGroup.GetRechargeTimeModifier(SpellGroup.java:62) ~[?:?]
	at org.bnjax3.noitacraft.wand.SpellGroup.GetRechargeTimeModifier(SpellGroup.java:62) ~[?:?]
	at org.bnjax3.noitacraft.wand.SpellGroup.GetRechargeTimeModifier(SpellGroup.java:62) ~[?:?]
	at org.bnjax3.noitacraft.wand.SpellGroup.GetRechargeTimeModifier(SpellGroup.java:62) ~[?:?]
	at org.bnjax3.noitacraft.wand.SpellGroup.GetRechargeTimeModifier(SpellGroup.java:62) ~[?:?]
	at org.bnjax3.noitacraft.wand.SpellGroup.GetRechargeTimeModifier(SpellGroup.java:62) ~[?:?]
	at org.bnjax3.noitacraft.wand.SpellGroup.GetRechargeTimeModifier(SpellGroup.java:62) ~[?:?]
	at org.bnjax3.noitacraft.wand.SpellGroup.GetRechargeTimeModifier(SpellGroup.java:62) ~[?:?]
	at org.bnjax3.noitacraft.wand.SpellGroup.GetRechargeTimeModifier(SpellGroup.java:62) ~[?:?]
	at org.bnjax3.noitacraft.wand.SpellGroup.GetRechargeTimeModifier(SpellGroup.java:62) ~[?:?]
	at org.bnjax3.noitacraft.wand.SpellGroup.GetRechargeTimeModifier(SpellGroup.java:62) ~[?:?]
	at org.bnjax3.noitacraft.wand.SpellGroup.GetRechargeTimeModifier(SpellGroup.java:62) ~[?:?]
	at org.bnjax3.noitacraft.wand.SpellGroup.GetRechargeTimeModifier(SpellGroup.java:62) ~[?:?]
	at org.bnjax3.noitacraft.wand.SpellGroup.GetRechargeTimeModifier(SpellGroup.java:62) ~[?:?]
	at org.bnjax3.noitacraft.wand.SpellGroup.GetRechargeTimeModifier(SpellGroup.java:62) ~[?:?]
	at org.bnjax3.noitacraft.wand.SpellGroup.GetRechargeTimeModifier(SpellGroup.java:62) ~[?:?]
	at org.bnjax3.noitacraft.wand.SpellGroup.GetRechargeTimeModifier(SpellGroup.java:62) ~[?:?]
	at org.bnjax3.noitacraft.wand.SpellGroup.GetRechargeTimeModifier(SpellGroup.java:62) ~[?:?]
	at org.bnjax3.noitacraft.wand.SpellGroup.GetRechargeTimeModifier(SpellGroup.java:62) ~[?:?]
	at org.bnjax3.noitacraft.wand.SpellGroup.GetRechargeTimeModifier(SpellGroup.java:62) ~[?:?]
	at org.bnjax3.noitacraft.wand.SpellGroup.GetRechargeTimeModifier(SpellGroup.java:62) ~[?:?]
	at org.bnjax3.noitacraft.wand.SpellGroup.GetRechargeTimeModifier(SpellGroup.java:62) ~[?:?]
	at org.bnjax3.noitacraft.wand.SpellGroup.GetRechargeTimeModifier(SpellGroup.java:62) ~[?:?]
	at org.bnjax3.noitacraft.wand.SpellGroup.GetRechargeTimeModifier(SpellGroup.java:62) ~[?:?]
	at org.bnjax3.noitacraft.wand.SpellGroup.GetRechargeTimeModifier(SpellGroup.java:62) ~[?:?]
	at org.bnjax3.noitacraft.wand.SpellGroup.GetRechargeTimeModifier(SpellGroup.java:62) ~[?:?]
	at org.bnjax3.noitacraft.wand.SpellGroup.GetRechargeTimeModifier(SpellGroup.java:62) ~[?:?]
	at org.bnjax3.noitacraft.wand.SpellGroup.GetRechargeTimeModifier(SpellGroup.java:62) ~[?:?]
	at org.bnjax3.noitacraft.wand.SpellGroup.GetRechargeTimeModifier(SpellGroup.java:62) ~[?:?]
	at org.bnjax3.noitacraft.wand.SpellGroup.GetRechargeTimeModifier(SpellGroup.java:62) ~[?:?]
	at org.bnjax3.noitacraft.wand.SpellGroup.GetRechargeTimeModifier(SpellGroup.java:62) ~[?:?]
	at org.bnjax3.noitacraft.wand.SpellGroup.GetRechargeTimeModifier(SpellGroup.java:62) ~[?:?]
	at org.bnjax3.noitacraft.wand.SpellGroup.GetRechargeTimeModifier(SpellGroup.java:62) ~[?:?]
	at org.bnjax3.noitacraft.wand.SpellGroup.GetRechargeTimeModifier(SpellGroup.java:62) ~[?:?]
	at org.bnjax3.noitacraft.wand.SpellGroup.GetRechargeTimeModifier(SpellGroup.java:62) ~[?:?]
	at org.bnjax3.noitacraft.wand.SpellGroup.GetRechargeTimeModifier(SpellGroup.java:62) ~[?:?]
	at org.bnjax3.noitacraft.wand.SpellGroup.GetRechargeTimeModifier(SpellGroup.java:62) ~[?:?]
	at org.bnjax3.noitacraft.wand.SpellGroup.GetRechargeTimeModifier(SpellGroup.java:62) ~[?:?]
	at org.bnjax3.noitacraft.wand.SpellGroup.GetRechargeTimeModifier(SpellGroup.java:62) ~[?:?]
	at org.bnjax3.noitacraft.wand.SpellGroup.GetRechargeTimeModifier(SpellGroup.java:62) ~[?:?]
	at org.bnjax3.noitacraft.wand.SpellGroup.GetRechargeTimeModifier(SpellGroup.java:62) ~[?:?]
	at org.bnjax3.noitacraft.wand.SpellGroup.GetRechargeTimeModifier(SpellGroup.java:62) ~[?:?]
	at org.bnjax3.noitacraft.wand.SpellGroup.GetRechargeTimeModifier(SpellGroup.java:62) ~[?:?]
	at org.bnjax3.noitacraft.wand.SpellGroup.GetRechargeTimeModifier(SpellGroup.java:62) ~[?:?]
	at org.bnjax3.noitacraft.wand.SpellGroup.GetRechargeTimeModifier(SpellGroup.java:62) ~[?:?]
	at org.bnjax3.noitacraft.wand.SpellGroup.GetRechargeTimeModifier(SpellGroup.java:62) ~[?:?]
	at org.bnjax3.noitacraft.wand.SpellGroup.GetRechargeTimeModifier(SpellGroup.java:62) ~[?:?]
	at org.bnjax3.noitacraft.wand.SpellGroup.GetRechargeTimeModifier(SpellGroup.java:62) ~[?:?]
	at org.bnjax3.noitacraft.wand.SpellGroup.GetRechargeTimeModifier(SpellGroup.java:62) ~[?:?]
	at org.bnjax3.noitacraft.wand.SpellGroup.GetRechargeTimeModifier(SpellGroup.java:62) ~[?:?]
	at org.bnjax3.noitacraft.wand.SpellGroup.GetRechargeTimeModifier(SpellGroup.java:62) ~[?:?]
	at org.bnjax3.noitacraft.wand.SpellGroup.GetRechargeTimeModifier(SpellGroup.java:62) ~[?:?]
	at org.bnjax3.noitacraft.wand.SpellGroup.GetRechargeTimeModifier(SpellGroup.java:62) ~[?:?]
	at org.bnjax3.noitacraft.wand.SpellGroup.GetRechargeTimeModifier(SpellGroup.java:62) ~[?:?]
	at org.bnjax3.noitacraft.wand.SpellGroup.GetRechargeTimeModifier(SpellGroup.java:62) ~[?:?]
	at org.bnjax3.noitacraft.wand.SpellGroup.GetRechargeTimeModifier(SpellGroup.java:62) ~[?:?]
	at org.bnjax3.noitacraft.wand.SpellGroup.GetRechargeTimeModifier(SpellGroup.java:62) ~[?:?]
	at org.bnjax3.noitacraft.wand.SpellGroup.GetRechargeTimeModifier(SpellGroup.java:62) ~[?:?]
	at org.bnjax3.noitacraft.wand.SpellGroup.GetRechargeTimeModifier(SpellGroup.java:62) ~[?:?]
	at org.bnjax3.noitacraft.wand.SpellGroup.GetRechargeTimeModifier(SpellGroup.java:62) ~[?:?]
	at org.bnjax3.noitacraft.wand.SpellGroup.GetRechargeTimeModifier(SpellGroup.java:62) ~[?:?]
	at org.bnjax3.noitacraft.wand.SpellGroup.GetRechargeTimeModifier(SpellGroup.java:62) ~[?:?]
	at org.bnjax3.noitacraft.wand.SpellGroup.GetRechargeTimeModifier(SpellGroup.java:62) ~[?:?]
	at org.bnjax3.noitacraft.wand.SpellGroup.GetRechargeTimeModifier(SpellGroup.java:62) ~[?:?]
	at org.bnjax3.noitacraft.wand.SpellGroup.GetRechargeTimeModifier(SpellGroup.java:62) ~[?:?]
	at org.bnjax3.noitacraft.wand.SpellGroup.GetRechargeTimeModifier(SpellGroup.java:62) ~[?:?]
	at org.bnjax3.noitacraft.wand.SpellGroup.GetRechargeTimeModifier(SpellGroup.java:62) ~[?:?]
	at org.bnjax3.noitacraft.wand.SpellGroup.GetRechargeTimeModifier(SpellGroup.java:62) ~[?:?]
	at org.bnjax3.noitacraft.wand.SpellGroup.GetRechargeTimeModifier(SpellGroup.java:62) ~[?:?]
	at org.bnjax3.noitacraft.wand.SpellGroup.GetRechargeTimeModifier(SpellGroup.java:62) ~[?:?]
	at org.bnjax3.noitacraft.wand.SpellGroup.GetRechargeTimeModifier(SpellGroup.java:62) ~[?:?]
	at org.bnjax3.noitacraft.wand.SpellGroup.GetRechargeTimeModifier(SpellGroup.java:62) ~[?:?]
	at org.bnjax3.noitacraft.wand.SpellGroup.GetRechargeTimeModifier(SpellGroup.java:62) ~[?:?]
	at org.bnjax3.noitacraft.wand.SpellGroup.GetRechargeTimeModifier(SpellGroup.java:62) ~[?:?]
	at org.bnjax3.noitacraft.wand.SpellGroup.GetRechargeTimeModifier(SpellGroup.java:62) ~[?:?]
	at org.bnjax3.noitacraft.wand.SpellGroup.GetRechargeTimeModifier(SpellGroup.java:62) ~[?:?]
	at org.bnjax3.noitacraft.wand.SpellGroup.GetRechargeTimeModifier(SpellGroup.java:62) ~[?:?]
	at org.bnjax3.noitacraft.wand.SpellGroup.GetRechargeTimeModifier(SpellGroup.java:62) ~[?:?]
	at org.bnjax3.noitacraft.wand.SpellGroup.GetRechargeTimeModifier(SpellGroup.java:62) ~[?:?]
	at org.bnjax3.noitacraft.wand.SpellGroup.GetRechargeTimeModifier(SpellGroup.java:62) ~[?:?]
	at org.bnjax3.noitacraft.wand.SpellGroup.GetRechargeTimeModifier(SpellGroup.java:62) ~[?:?]
	at org.bnjax3.noitacraft.wand.SpellGroup.GetRechargeTimeModifier(SpellGroup.java:62) ~[?:?]
	at org.bnjax3.noitacraft.wand.SpellGroup.GetRechargeTimeModifier(SpellGroup.java:62) ~[?:?]
	at org.bnjax3.noitacraft.wand.SpellGroup.GetRechargeTimeModifier(SpellGroup.java:62) ~[?:?]
	at org.bnjax3.noitacraft.wand.SpellGroup.GetRechargeTimeModifier(SpellGroup.java:62) ~[?:?]
	at org.bnjax3.noitacraft.wand.SpellGroup.GetRechargeTimeModifier(SpellGroup.java:62) ~[?:?]
	at org.bnjax3.noitacraft.wand.SpellGroup.GetRechargeTimeModifier(SpellGroup.java:62) ~[?:?]
	at org.bnjax3.noitacraft.wand.SpellGroup.GetRechargeTimeModifier(SpellGroup.java:62) ~[?:?]
	at org.bnjax3.noitacraft.wand.SpellGroup.GetRechargeTimeModifier(SpellGroup.java:62) ~[?:?]
	at org.bnjax3.noitacraft.wand.SpellGroup.GetRechargeTimeModifier(SpellGroup.java:62) ~[?:?]
	at org.bnjax3.noitacraft.wand.SpellGroup.GetRechargeTimeModifier(SpellGroup.java:62) ~[?:?]
	at org.bnjax3.noitacraft.wand.SpellGroup.GetRechargeTimeModifier(SpellGroup.java:62) ~[?:?]
	at org.bnjax3.noitacraft.wand.SpellGroup.GetRechargeTimeModifier(SpellGroup.java:62) ~[?:?]
	at org.bnjax3.noitacraft.wand.SpellGroup.GetRechargeTimeModifier(SpellGroup.java:62) ~[?:?]
	at org.bnjax3.noitacraft.wand.SpellGroup.GetRechargeTimeModifier(SpellGroup.java:62) ~[?:?]
	at org.bnjax3.noitacraft.wand.SpellGroup.GetRechargeTimeModifier(SpellGroup.java:62) ~[?:?]
	at org.bnjax3.noitacraft.wand.SpellGroup.GetRechargeTimeModifier(SpellGroup.java:62) ~[?:?]
	at org.bnjax3.noitacraft.wand.SpellGroup.GetRechargeTimeModifier(SpellGroup.java:62) ~[?:?]
	at org.bnjax3.noitacraft.wand.SpellGroup.GetRechargeTimeModifier(SpellGroup.java:62) ~[?:?]
	at org.bnjax3.noitacraft.wand.SpellGroup.GetRechargeTimeModifier(SpellGroup.java:62) ~[?:?]
	at org.bnjax3.noitacraft.wand.SpellGroup.GetRechargeTimeModifier(SpellGroup.java:62) ~[?:?]
	at org.bnjax3.noitacraft.wand.SpellGroup.GetRechargeTimeModifier(SpellGroup.java:62) ~[?:?]
	at org.bnjax3.noitacraft.wand.SpellGroup.GetRechargeTimeModifier(SpellGroup.java:62) ~[?:?]
	at org.bnjax3.noitacraft.wand.SpellGroup.GetRechargeTimeModifier(SpellGroup.java:62) ~[?:?]
	at org.bnjax3.noitacraft.wand.SpellGroup.GetRechargeTimeModifier(SpellGroup.java:62) ~[?:?]
	at org.bnjax3.noitacraft.wand.SpellGroup.GetRechargeTimeModifier(SpellGroup.java:62) ~[?:?]
	at org.bnjax3.noitacraft.wand.SpellGroup.GetRechargeTimeModifier(SpellGroup.java:62) ~[?:?]
	at org.bnjax3.noitacraft.wand.SpellGroup.GetRechargeTimeModifier(SpellGroup.java:62) ~[?:?]
	at org.bnjax3.noitacraft.wand.SpellGroup.GetRechargeTimeModifier(SpellGroup.java:62) ~[?:?]
	at org.bnjax3.noitacraft.wand.SpellGroup.GetRechargeTimeModifier(SpellGroup.java:62) ~[?:?]
	at org.bnjax3.noitacraft.wand.SpellGroup.GetRechargeTimeModifier(SpellGroup.java:62) ~[?:?]
	at org.bnjax3.noitacraft.wand.SpellGroup.GetRechargeTimeModifier(SpellGroup.java:62) ~[?:?]
	at org.bnjax3.noitacraft.wand.SpellGroup.GetRechargeTimeModifier(SpellGroup.java:62) ~[?:?]
	at org.bnjax3.noitacraft.wand.SpellGroup.GetRechargeTimeModifier(SpellGroup.java:62) ~[?:?]
	at org.bnjax3.noitacraft.wand.SpellGroup.GetRechargeTimeModifier(SpellGroup.java:62) ~[?:?]
	at org.bnjax3.noitacraft.wand.SpellGroup.GetRechargeTimeModifier(SpellGroup.java:62) ~[?:?]
	at org.bnjax3.noitacraft.wand.SpellGroup.GetRechargeTimeModifier(SpellGroup.java:62) ~[?:?]
	at org.bnjax3.noitacraft.wand.SpellGroup.GetRechargeTimeModifier(SpellGroup.java:62) ~[?:?]
	at org.bnjax3.noitacraft.wand.SpellGroup.GetRechargeTimeModifier(SpellGroup.java:62) ~[?:?]
	at org.bnjax3.noitacraft.wand.SpellGroup.GetRechargeTimeModifier(SpellGroup.java:62) ~[?:?]
	at org.bnjax3.noitacraft.wand.SpellGroup.GetRechargeTimeModifier(SpellGroup.java:62) ~[?:?]
	at org.bnjax3.noitacraft.wand.SpellGroup.GetRechargeTimeModifier(SpellGroup.java:62) ~[?:?]
	at org.bnjax3.noitacraft.wand.SpellGroup.GetRechargeTimeModifier(SpellGroup.java:62) ~[?:?]
	at org.bnjax3.noitacraft.wand.SpellGroup.GetRechargeTimeModifier(SpellGroup.java:62) ~[?:?]
	at org.bnjax3.noitacraft.wand.SpellGroup.GetRechargeTimeModifier(SpellGroup.java:62) ~[?:?]
	at org.bnjax3.noitacraft.wand.SpellGroup.GetRechargeTimeModifier(SpellGroup.java:62) ~[?:?]
	at org.bnjax3.noitacraft.wand.SpellGroup.GetRechargeTimeModifier(SpellGroup.java:62) ~[?:?]
	at org.bnjax3.noitacraft.wand.SpellGroup.GetRechargeTimeModifier(SpellGroup.java:62) ~[?:?]
	at org.bnjax3.noitacraft.wand.SpellGroup.GetRechargeTimeModifier(SpellGroup.java:62) ~[?:?]
	at org.bnjax3.noitacraft.wand.SpellGroup.GetRechargeTimeModifier(SpellGroup.java:62) ~[?:?]
	at org.bnjax3.noitacraft.wand.SpellGroup.GetRechargeTimeModifier(SpellGroup.java:62) ~[?:?]
	at org.bnjax3.noitacraft.wand.SpellGroup.GetRechargeTimeModifier(SpellGroup.java:62) ~[?:?]
	at org.bnjax3.noitacraft.wand.SpellGroup.GetRechargeTimeModifier(SpellGroup.java:62) ~[?:?]
	at org.bnjax3.noitacraft.wand.SpellGroup.GetRechargeTimeModifier(SpellGroup.java:62) ~[?:?]
	at org.bnjax3.noitacraft.wand.SpellGroup.GetRechargeTimeModifier(SpellGroup.java:62) ~[?:?]
	at org.bnjax3.noitacraft.wand.SpellGroup.GetRechargeTimeModifier(SpellGroup.java:62) ~[?:?]
	at org.bnjax3.noitacraft.wand.SpellGroup.GetRechargeTimeModifier(SpellGroup.java:62) ~[?:?]
	at org.bnjax3.noitacraft.wand.SpellGroup.GetRechargeTimeModifier(SpellGroup.java:62) ~[?:?]
	at org.bnjax3.noitacraft.wand.SpellGroup.GetRechargeTimeModifier(SpellGroup.java:62) ~[?:?]
	at org.bnjax3.noitacraft.wand.SpellGroup.GetRechargeTimeModifier(SpellGroup.java:62) ~[?:?]
	at org.bnjax3.noitacraft.wand.SpellGroup.GetRechargeTimeModifier(SpellGroup.java:62) ~[?:?]
	at org.bnjax3.noitacraft.wand.SpellGroup.GetRechargeTimeModifier(SpellGroup.java:62) ~[?:?]
	at org.bnjax3.noitacraft.wand.SpellGroup.GetRechargeTimeModifier(SpellGroup.java:62) ~[?:?]
	at org.bnjax3.noitacraft.wand.SpellGroup.GetRechargeTimeModifier(SpellGroup.java:62) ~[?:?]
	at org.bnjax3.noitacraft.wand.SpellGroup.GetRechargeTimeModifier(SpellGroup.java:62) ~[?:?]
	at org.bnjax3.noitacraft.wand.SpellGroup.GetRechargeTimeModifier(SpellGroup.java:62) ~[?:?]
	at org.bnjax3.noitacraft.wand.SpellGroup.GetRechargeTimeModifier(SpellGroup.java:62) ~[?:?]
	at org.bnjax3.noitacraft.wand.SpellGroup.GetRechargeTimeModifier(SpellGroup.java:62) ~[?:?]
	at org.bnjax3.noitacraft.wand.SpellGroup.GetRechargeTimeModifier(SpellGroup.java:62) ~[?:?]
	at org.bnjax3.noitacraft.wand.SpellGroup.GetRechargeTimeModifier(SpellGroup.java:62) ~[?:?]
	at org.bnjax3.noitacraft.wand.SpellGroup.GetRechargeTimeModifier(SpellGroup.java:62) ~[?:?]
	at org.bnjax3.noitacraft.wand.SpellGroup.GetRechargeTimeModifier(SpellGroup.java:62) ~[?:?]
	at org.bnjax3.noitacraft.wand.SpellGroup.GetRechargeTimeModifier(SpellGroup.java:62) ~[?:?]
	at org.bnjax3.noitacraft.wand.SpellGroup.GetRechargeTimeModifier(SpellGroup.java:62) ~[?:?]
	at org.bnjax3.noitacraft.wand.SpellGroup.GetRechargeTimeModifier(SpellGroup.java:62) ~[?:?]
	at org.bnjax3.noitacraft.wand.SpellGroup.GetRechargeTimeModifier(SpellGroup.java:62) ~[?:?]
	at org.bnjax3.noitacraft.wand.SpellGroup.GetRechargeTimeModifier(SpellGroup.java:62) ~[?:?]
	at org.bnjax3.noitacraft.wand.SpellGroup.GetRechargeTimeModifier(SpellGroup.java:62) ~[?:?]
	at org.bnjax3.noitacraft.wand.SpellGroup.GetRechargeTimeModifier(SpellGroup.java:62) ~[?:?]
	at org.bnjax3.noitacraft.wand.SpellGroup.GetRechargeTimeModifier(SpellGroup.java:62) ~[?:?]
	at org.bnjax3.noitacraft.wand.SpellGroup.GetRechargeTimeModifier(SpellGroup.java:62) ~[?:?]
	at org.bnjax3.noitacraft.wand.SpellGroup.GetRechargeTimeModifier(SpellGroup.java:62) ~[?:?]
	at org.bnjax3.noitacraft.wand.SpellGroup.GetRechargeTimeModifier(SpellGroup.java:62) ~[?:?]
	at org.bnjax3.noitacraft.wand.SpellGroup.GetRechargeTimeModifier(SpellGroup.java:62) ~[?:?]
	at org.bnjax3.noitacraft.wand.SpellGroup.GetRechargeTimeModifier(SpellGroup.java:62) ~[?:?]
	at org.bnjax3.noitacraft.wand.SpellGroup.GetRechargeTimeModifier(SpellGroup.java:62) ~[?:?]
	at org.bnjax3.noitacraft.wand.SpellGroup.GetRechargeTimeModifier(SpellGroup.java:62) ~[?:?]
	at org.bnjax3.noitacraft.wand.SpellGroup.GetRechargeTimeModifier(SpellGroup.java:62) ~[?:?]
	at org.bnjax3.noitacraft.wand.SpellGroup.GetRechargeTimeModifier(SpellGroup.java:62) ~[?:?]
	at org.bnjax3.noitacraft.wand.SpellGroup.GetRechargeTimeModifier(SpellGroup.java:62) ~[?:?]
	at org.bnjax3.noitacraft.wand.SpellGroup.GetRechargeTimeModifier(SpellGroup.java:62) ~[?:?]
	at org.bnjax3.noitacraft.wand.SpellGroup.GetRechargeTimeModifier(SpellGroup.java:62) ~[?:?]
	at org.bnjax3.noitacraft.wand.SpellGroup.GetRechargeTimeModifier(SpellGroup.java:62) ~[?:?]
	at org.bnjax3.noitacraft.wand.SpellGroup.GetRechargeTimeModifier(SpellGroup.java:62) ~[?:?]
	at org.bnjax3.noitacraft.wand.SpellGroup.GetRechargeTimeModifier(SpellGroup.java:62) ~[?:?]
	at org.bnjax3.noitacraft.wand.SpellGroup.GetRechargeTimeModifier(SpellGroup.java:62) ~[?:?]
	at org.bnjax3.noitacraft.wand.SpellGroup.GetRechargeTimeModifier(SpellGroup.java:62) ~[?:?]
	at org.bnjax3.noitacraft.wand.SpellGroup.GetRechargeTimeModifier(SpellGroup.java:62) ~[?:?]
	at org.bnjax3.noitacraft.wand.SpellGroup.GetRechargeTimeModifier(SpellGroup.java:62) ~[?:?]
	at org.bnjax3.noitacraft.wand.SpellGroup.GetRechargeTimeModifier(SpellGroup.java:62) ~[?:?]
	at org.bnjax3.noitacraft.wand.SpellGroup.GetRechargeTimeModifier(SpellGroup.java:62) ~[?:?]
	at org.bnjax3.noitacraft.wand.SpellGroup.GetRechargeTimeModifier(SpellGroup.java:62) ~[?:?]
	at org.bnjax3.noitacraft.wand.SpellGroup.GetRechargeTimeModifier(SpellGroup.java:62) ~[?:?]
	at org.bnjax3.noitacraft.wand.SpellGroup.GetRechargeTimeModifier(SpellGroup.java:62) ~[?:?]
	at org.bnjax3.noitacraft.wand.SpellGroup.GetRechargeTimeModifier(SpellGroup.java:62) ~[?:?]
	at org.bnjax3.noitacraft.wand.SpellGroup.GetRechargeTimeModifier(SpellGroup.java:62) ~[?:?]
	at org.bnjax3.noitacraft.wand.SpellGroup.GetRechargeTimeModifier(SpellGroup.java:62) ~[?:?]
	at org.bnjax3.noitacraft.wand.SpellGroup.GetRechargeTimeModifier(SpellGroup.java:62) ~[?:?]
	at org.bnjax3.noitacraft.wand.SpellGroup.GetRechargeTimeModifier(SpellGroup.java:62) ~[?:?]
	at org.bnjax3.noitacraft.wand.SpellGroup.GetRechargeTimeModifier(SpellGroup.java:62) ~[?:?]
	at org.bnjax3.noitacraft.wand.SpellGroup.GetRechargeTimeModifier(SpellGroup.java:62) ~[?:?]
	at org.bnjax3.noitacraft.wand.SpellGroup.GetRechargeTimeModifier(SpellGroup.java:62) ~[?:?]
	at org.bnjax3.noitacraft.wand.SpellGroup.GetRechargeTimeModifier(SpellGroup.java:62) ~[?:?]
	at org.bnjax3.noitacraft.wand.SpellGroup.GetRechargeTimeModifier(SpellGroup.java:62) ~[?:?]
	at org.bnjax3.noitacraft.wand.SpellGroup.GetRechargeTimeModifier(SpellGroup.java:62) ~[?:?]
	at org.bnjax3.noitacraft.wand.SpellGroup.GetRechargeTimeModifier(SpellGroup.java:62) ~[?:?]
	at org.bnjax3.noitacraft.wand.SpellGroup.GetRechargeTimeModifier(SpellGroup.java:62) ~[?:?]
	at org.bnjax3.noitacraft.wand.SpellGroup.GetRechargeTimeModifier(SpellGroup.java:62) ~[?:?]
	at org.bnjax3.noitacraft.wand.SpellGroup.GetRechargeTimeModifier(SpellGroup.java:62) ~[?:?]
	at org.bnjax3.noitacraft.wand.SpellGroup.GetRechargeTimeModifier(SpellGroup.java:62) ~[?:?]
	at org.bnjax3.noitacraft.wand.SpellGroup.GetRechargeTimeModifier(SpellGroup.java:62) ~[?:?]
	at org.bnjax3.noitacraft.wand.SpellGroup.GetRechargeTimeModifier(SpellGroup.java:62) ~[?:?]
	at org.bnjax3.noitacraft.wand.SpellGroup.GetRechargeTimeModifier(SpellGroup.java:62) ~[?:?]
	at org.bnjax3.noitacraft.wand.SpellGroup.GetRechargeTimeModifier(SpellGroup.java:62) ~[?:?]
	at org.bnjax3.noitacraft.wand.SpellGroup.GetRechargeTimeModifier(SpellGroup.java:62) ~[?:?]
	at org.bnjax3.noitacraft.wand.SpellGroup.GetRechargeTimeModifier(SpellGroup.java:62) ~[?:?]
	at org.bnjax3.noitacraft.wand.SpellGroup.GetRechargeTimeModifier(SpellGroup.java:62) ~[?:?]
	at org.bnjax3.noitacraft.wand.SpellGroup.GetRechargeTimeModifier(SpellGroup.java:62) ~[?:?]
	at org.bnjax3.noitacraft.wand.SpellGroup.GetRechargeTimeModifier(SpellGroup.java:62) ~[?:?]
	at org.bnjax3.noitacraft.wand.SpellGroup.GetRechargeTimeModifier(SpellGroup.java:62) ~[?:?]
	at org.bnjax3.noitacraft.wand.SpellGroup.GetRechargeTimeModifier(SpellGroup.java:62) ~[?:?]
	at org.bnjax3.noitacraft.wand.SpellGroup.GetRechargeTimeModifier(SpellGroup.java:62) ~[?:?]
	at org.bnjax3.noitacraft.wand.SpellGroup.GetRechargeTimeModifier(SpellGroup.java:62) ~[?:?]
	at org.bnjax3.noitacraft.wand.SpellGroup.GetRechargeTimeModifier(SpellGroup.java:62) ~[?:?]
	at org.bnjax3.noitacraft.wand.SpellGroup.GetRechargeTimeModifier(SpellGroup.java:62) ~[?:?]
	at org.bnjax3.noitacraft.wand.SpellGroup.GetRechargeTimeModifier(SpellGroup.java:62) ~[?:?]
	at org.bnjax3.noitacraft.wand.SpellGroup.GetRechargeTimeModifier(SpellGroup.java:62) ~[?:?]
	at org.bnjax3.noitacraft.wand.SpellGroup.GetRechargeTimeModifier(SpellGroup.java:62) ~[?:?]
	at org.bnjax3.noitacraft.wand.SpellGroup.GetRechargeTimeModifier(SpellGroup.java:62) ~[?:?]
	at org.bnjax3.noitacraft.wand.SpellGroup.GetRechargeTimeModifier(SpellGroup.java:62) ~[?:?]
	at org.bnjax3.noitacraft.wand.SpellGroup.GetRechargeTimeModifier(SpellGroup.java:62) ~[?:?]
	at org.bnjax3.noitacraft.wand.SpellGroup.GetRechargeTimeModifier(SpellGroup.java:62) ~[?:?]
	at org.bnjax3.noitacraft.wand.SpellGroup.GetRechargeTimeModifier(SpellGroup.java:62) ~[?:?]
	at org.bnjax3.noitacraft.wand.SpellGroup.GetRechargeTimeModifier(SpellGroup.java:62) ~[?:?]
	at org.bnjax3.noitacraft.wand.SpellGroup.GetRechargeTimeModifier(SpellGroup.java:62) ~[?:?]
	at org.bnjax3.noitacraft.wand.SpellGroup.GetRechargeTimeModifier(SpellGroup.java:62) ~[?:?]
	at org.bnjax3.noitacraft.wand.SpellGroup.GetRechargeTimeModifier(SpellGroup.java:62) ~[?:?]
	at org.bnjax3.noitacraft.wand.SpellGroup.GetRechargeTimeModifier(SpellGroup.java:62) ~[?:?]
	at org.bnjax3.noitacraft.wand.SpellGroup.GetRechargeTimeModifier(SpellGroup.java:62) ~[?:?]
	at org.bnjax3.noitacraft.wand.SpellGroup.GetRechargeTimeModifier(SpellGroup.java:62) ~[?:?]
	at org.bnjax3.noitacraft.wand.SpellGroup.GetRechargeTimeModifier(SpellGroup.java:62) ~[?:?]
	at org.bnjax3.noitacraft.wand.SpellGroup.GetRechargeTimeModifier(SpellGroup.java:62) ~[?:?]
	at org.bnjax3.noitacraft.wand.SpellGroup.GetRechargeTimeModifier(SpellGroup.java:62) ~[?:?]
	at org.bnjax3.noitacraft.wand.SpellGroup.GetRechargeTimeModifier(SpellGroup.java:62) ~[?:?]
	at org.bnjax3.noitacraft.wand.SpellGroup.GetRechargeTimeModifier(SpellGroup.java:62) ~[?:?]
	at org.bnjax3.noitacraft.wand.SpellGroup.GetRechargeTimeModifier(SpellGroup.java:62) ~[?:?]
	at org.bnjax3.noitacraft.wand.SpellGroup.GetRechargeTimeModifier(SpellGroup.java:62) ~[?:?]
	at org.bnjax3.noitacraft.wand.SpellGroup.GetRechargeTimeModifier(SpellGroup.java:62) ~[?:?]
	at org.bnjax3.noitacraft.wand.SpellGroup.GetRechargeTimeModifier(SpellGroup.java:62) ~[?:?]
	at org.bnjax3.noitacraft.wand.SpellGroup.GetRechargeTimeModifier(SpellGroup.java:62) ~[?:?]
	at org.bnjax3.noitacraft.wand.SpellGroup.GetRechargeTimeModifier(SpellGroup.java:62) ~[?:?]
	at org.bnjax3.noitacraft.wand.SpellGroup.GetRechargeTimeModifier(SpellGroup.java:62) ~[?:?]
	at org.bnjax3.noitacraft.wand.SpellGroup.GetRechargeTimeModifier(SpellGroup.java:62) ~[?:?]
	at org.bnjax3.noitacraft.wand.SpellGroup.GetRechargeTimeModifier(SpellGroup.java:62) ~[?:?]
	at org.bnjax3.noitacraft.wand.SpellGroup.GetRechargeTimeModifier(SpellGroup.java:62) ~[?:?]
	at org.bnjax3.noitacraft.wand.SpellGroup.GetRechargeTimeModifier(SpellGroup.java:62) ~[?:?]
	at org.bnjax3.noitacraft.wand.SpellGroup.GetRechargeTimeModifier(SpellGroup.java:62) ~[?:?]
	at org.bnjax3.noitacraft.wand.SpellGroup.GetRechargeTimeModifier(SpellGroup.java:62) ~[?:?]
	at org.bnjax3.noitacraft.wand.SpellGroup.GetRechargeTimeModifier(SpellGroup.java:62) ~[?:?]
	at org.bnjax3.noitacraft.wand.SpellGroup.GetRechargeTimeModifier(SpellGroup.java:62) ~[?:?]
	at org.bnjax3.noitacraft.wand.SpellGroup.GetRechargeTimeModifier(SpellGroup.java:62) ~[?:?]
	at org.bnjax3.noitacraft.wand.SpellGroup.GetRechargeTimeModifier(SpellGroup.java:62) ~[?:?]
	at org.bnjax3.noitacraft.wand.SpellGroup.GetRechargeTimeModifier(SpellGroup.java:62) ~[?:?]
	at org.bnjax3.noitacraft.wand.SpellGroup.GetRechargeTimeModifier(SpellGroup.java:62) ~[?:?]
	at org.bnjax3.noitacraft.wand.SpellGroup.GetRechargeTimeModifier(SpellGroup.java:62) ~[?:?]
	at org.bnjax3.noitacraft.wand.SpellGroup.GetRechargeTimeModifier(SpellGroup.java:62) ~[?:?]
	at org.bnjax3.noitacraft.wand.SpellGroup.GetRechargeTimeModifier(SpellGroup.java:62) ~[?:?]
	at org.bnjax3.noitacraft.wand.SpellGroup.GetRechargeTimeModifier(SpellGroup.java:62) ~[?:?]
	at org.bnjax3.noitacraft.wand.SpellGroup.GetRechargeTimeModifier(SpellGroup.java:62) ~[?:?]
	at org.bnjax3.noitacraft.wand.SpellGroup.GetRechargeTimeModifier(SpellGroup.java:62) ~[?:?]
	at org.bnjax3.noitacraft.wand.SpellGroup.GetRechargeTimeModifier(SpellGroup.java:62) ~[?:?]
	at org.bnjax3.noitacraft.wand.SpellGroup.GetRechargeTimeModifier(SpellGroup.java:62) ~[?:?]
	at org.bnjax3.noitacraft.wand.SpellGroup.GetRechargeTimeModifier(SpellGroup.java:62) ~[?:?]
	at org.bnjax3.noitacraft.wand.SpellGroup.GetRechargeTimeModifier(SpellGroup.java:62) ~[?:?]
	at org.bnjax3.noitacraft.wand.SpellGroup.GetRechargeTimeModifier(SpellGroup.java:62) ~[?:?]
	at org.bnjax3.noitacraft.wand.SpellGroup.GetRechargeTimeModifier(SpellGroup.java:62) ~[?:?]
	at org.bnjax3.noitacraft.wand.SpellGroup.GetRechargeTimeModifier(SpellGroup.java:62) ~[?:?]
	at org.bnjax3.noitacraft.wand.SpellGroup.GetRechargeTimeModifier(SpellGroup.java:62) ~[?:?]
	at org.bnjax3.noitacraft.wand.SpellGroup.GetRechargeTimeModifier(SpellGroup.java:62) ~[?:?]
	at org.bnjax3.noitacraft.wand.SpellGroup.GetRechargeTimeModifier(SpellGroup.java:62) ~[?:?]
	at org.bnjax3.noitacraft.wand.SpellGroup.GetRechargeTimeModifier(SpellGroup.java:62) ~[?:?]
	at org.bnjax3.noitacraft.wand.SpellGroup.GetRechargeTimeModifier(SpellGroup.java:62) ~[?:?]
	at org.bnjax3.noitacraft.wand.SpellGroup.GetRechargeTimeModifier(SpellGroup.java:62) ~[?:?]
	at org.bnjax3.noitacraft.wand.SpellGroup.GetRechargeTimeModifier(SpellGroup.java:62) ~[?:?]
	at org.bnjax3.noitacraft.wand.SpellGroup.GetRechargeTimeModifier(SpellGroup.java:62) ~[?:?]
	at org.bnjax3.noitacraft.wand.SpellGroup.GetRechargeTimeModifier(SpellGroup.java:62) ~[?:?]
	at org.bnjax3.noitacraft.wand.SpellGroup.GetRechargeTimeModifier(SpellGroup.java:62) ~[?:?]
	at org.bnjax3.noitacraft.wand.SpellGroup.GetRechargeTimeModifier(SpellGroup.java:62) ~[?:?]
	at org.bnjax3.noitacraft.wand.SpellGroup.GetRechargeTimeModifier(SpellGroup.java:62) ~[?:?]
	at org.bnjax3.noitacraft.wand.SpellGroup.GetRechargeTimeModifier(SpellGroup.java:62) ~[?:?]
	at org.bnjax3.noitacraft.wand.SpellGroup.GetRechargeTimeModifier(SpellGroup.java:62) ~[?:?]
	at org.bnjax3.noitacraft.wand.SpellGroup.GetRechargeTimeModifier(SpellGroup.java:62) ~[?:?]
	at org.bnjax3.noitacraft.wand.SpellGroup.GetRechargeTimeModifier(SpellGroup.java:62) ~[?:?]
	at org.bnjax3.noitacraft.wand.SpellGroup.GetRechargeTimeModifier(SpellGroup.java:62) ~[?:?]
	at org.bnjax3.noitacraft.wand.SpellGroup.GetRechargeTimeModifier(SpellGroup.java:62) ~[?:?]
	at org.bnjax3.noitacraft.wand.SpellGroup.GetRechargeTimeModifier(SpellGroup.java:62) ~[?:?]
	at org.bnjax3.noitacraft.wand.SpellGroup.GetRechargeTimeModifier(SpellGroup.java:62) ~[?:?]
	at org.bnjax3.noitacraft.wand.SpellGroup.GetRechargeTimeModifier(SpellGroup.java:62) ~[?:?]
	at org.bnjax3.noitacraft.wand.SpellGroup.GetRechargeTimeModifier(SpellGroup.java:62) ~[?:?]
	at org.bnjax3.noitacraft.wand.SpellGroup.GetRechargeTimeModifier(SpellGroup.java:62) ~[?:?]
	at org.bnjax3.noitacraft.wand.SpellGroup.GetRechargeTimeModifier(SpellGroup.java:62) ~[?:?]
	at org.bnjax3.noitacraft.wand.SpellGroup.GetRechargeTimeModifier(SpellGroup.java:62) ~[?:?]
	at org.bnjax3.noitacraft.wand.SpellGroup.GetRechargeTimeModifier(SpellGroup.java:62) ~[?:?]
	at org.bnjax3.noitacraft.wand.SpellGroup.GetRechargeTimeModifier(SpellGroup.java:62) ~[?:?]
	at org.bnjax3.noitacraft.wand.SpellGroup.GetRechargeTimeModifier(SpellGroup.java:62) ~[?:?]
	at org.bnjax3.noitacraft.wand.SpellGroup.GetRechargeTimeModifier(SpellGroup.java:62) ~[?:?]
	at org.bnjax3.noitacraft.wand.SpellGroup.GetRechargeTimeModifier(SpellGroup.java:62) ~[?:?]
	at org.bnjax3.noitacraft.wand.SpellGroup.GetRechargeTimeModifier(SpellGroup.java:62) ~[?:?]
	at org.bnjax3.noitacraft.wand.SpellGroup.GetRechargeTimeModifier(SpellGroup.java:62) ~[?:?]
	at org.bnjax3.noitacraft.wand.SpellGroup.GetRechargeTimeModifier(SpellGroup.java:62) ~[?:?]
	at org.bnjax3.noitacraft.wand.SpellGroup.GetRechargeTimeModifier(SpellGroup.java:62) ~[?:?]
	at org.bnjax3.noitacraft.wand.SpellGroup.GetRechargeTimeModifier(SpellGroup.java:62) ~[?:?]
	at org.bnjax3.noitacraft.wand.SpellGroup.GetRechargeTimeModifier(SpellGroup.java:62) ~[?:?]
	at org.bnjax3.noitacraft.wand.SpellGroup.GetRechargeTimeModifier(SpellGroup.java:62) ~[?:?]
	at org.bnjax3.noitacraft.wand.SpellGroup.GetRechargeTimeModifier(SpellGroup.java:62) ~[?:?]
	at org.bnjax3.noitacraft.wand.SpellGroup.GetRechargeTimeModifier(SpellGroup.java:62) ~[?:?]
	at org.bnjax3.noitacraft.wand.SpellGroup.GetRechargeTimeModifier(SpellGroup.java:62) ~[?:?]
	at org.bnjax3.noitacraft.wand.SpellGroup.GetRechargeTimeModifier(SpellGroup.java:62) ~[?:?]
	at org.bnjax3.noitacraft.wand.SpellGroup.GetRechargeTimeModifier(SpellGroup.java:62) ~[?:?]
	at org.bnjax3.noitacraft.wand.SpellGroup.GetRechargeTimeModifier(SpellGroup.java:62) ~[?:?]
	at org.bnjax3.noitacraft.wand.SpellGroup.GetRechargeTimeModifier(SpellGroup.java:62) ~[?:?]
	at org.bnjax3.noitacraft.wand.SpellGroup.GetRechargeTimeModifier(SpellGroup.java:62) ~[?:?]
	at org.bnjax3.noitacraft.wand.SpellGroup.GetRechargeTimeModifier(SpellGroup.java:62) ~[?:?]
	at org.bnjax3.noitacraft.wand.SpellGroup.GetRechargeTimeModifier(SpellGroup.java:62) ~[?:?]
	at org.bnjax3.noitacraft.wand.SpellGroup.GetRechargeTimeModifier(SpellGroup.java:62) ~[?:?]
	at org.bnjax3.noitacraft.wand.SpellGroup.GetRechargeTimeModifier(SpellGroup.java:62) ~[?:?]
	at org.bnjax3.noitacraft.wand.SpellGroup.GetRechargeTimeModifier(SpellGroup.java:62) ~[?:?]
	at org.bnjax3.noitacraft.wand.SpellGroup.GetRechargeTimeModifier(SpellGroup.java:62) ~[?:?]
	at org.bnjax3.noitacraft.wand.SpellGroup.GetRechargeTimeModifier(SpellGroup.java:62) ~[?:?]
	at org.bnjax3.noitacraft.wand.SpellGroup.GetRechargeTimeModifier(SpellGroup.java:62) ~[?:?]
	at org.bnjax3.noitacraft.wand.SpellGroup.GetRechargeTimeModifier(SpellGroup.java:62) ~[?:?]
	at org.bnjax3.noitacraft.wand.SpellGroup.GetRechargeTimeModifier(SpellGroup.java:62) ~[?:?]
	at org.bnjax3.noitacraft.wand.SpellGroup.GetRechargeTimeModifier(SpellGroup.java:62) ~[?:?]
	at org.bnjax3.noitacraft.wand.SpellGroup.GetRechargeTimeModifier(SpellGroup.java:62) ~[?:?]
	at org.bnjax3.noitacraft.wand.SpellGroup.GetRechargeTimeModifier(SpellGroup.java:62) ~[?:?]
	at org.bnjax3.noitacraft.wand.SpellGroup.GetRechargeTimeModifier(SpellGroup.java:62) ~[?:?]
	at org.bnjax3.noitacraft.wand.SpellGroup.GetRechargeTimeModifier(SpellGroup.java:62) ~[?:?]
	at org.bnjax3.noitacraft.wand.SpellGroup.GetRechargeTimeModifier(SpellGroup.java:62) ~[?:?]
	at org.bnjax3.noitacraft.wand.SpellGroup.GetRechargeTimeModifier(SpellGroup.java:62) ~[?:?]
	at org.bnjax3.noitacraft.wand.SpellGroup.GetRechargeTimeModifier(SpellGroup.java:62) ~[?:?]
	at org.bnjax3.noitacraft.wand.SpellGroup.GetRechargeTimeModifier(SpellGroup.java:62) ~[?:?]
	at org.bnjax3.noitacraft.wand.SpellGroup.GetRechargeTimeModifier(SpellGroup.java:62) ~[?:?]
	at org.bnjax3.noitacraft.wand.SpellGroup.GetRechargeTimeModifier(SpellGroup.java:62) ~[?:?]
	at org.bnjax3.noitacraft.wand.SpellGroup.GetRechargeTimeModifier(SpellGroup.java:62) ~[?:?]
	at org.bnjax3.noitacraft.wand.SpellGroup.GetRechargeTimeModifier(SpellGroup.java:62) ~[?:?]
	at org.bnjax3.noitacraft.wand.SpellGroup.GetRechargeTimeModifier(SpellGroup.java:62) ~[?:?]
	at org.bnjax3.noitacraft.wand.SpellGroup.GetRechargeTimeModifier(SpellGroup.java:62) ~[?:?]
	at org.bnjax3.noitacraft.wand.SpellGroup.GetRechargeTimeModifier(SpellGroup.java:62) ~[?:?]
	at org.bnjax3.noitacraft.wand.SpellGroup.GetRechargeTimeModifier(SpellGroup.java:62) ~[?:?]
	at org.bnjax3.noitacraft.wand.SpellGroup.GetRechargeTimeModifier(SpellGroup.java:62) ~[?:?]
	at org.bnjax3.noitacraft.wand.SpellGroup.GetRechargeTimeModifier(SpellGroup.java:62) ~[?:?]
	at org.bnjax3.noitacraft.wand.SpellGroup.GetRechargeTimeModifier(SpellGroup.java:62) ~[?:?]
	at org.bnjax3.noitacraft.wand.SpellGroup.GetRechargeTimeModifier(SpellGroup.java:62) ~[?:?]
	at org.bnjax3.noitacraft.wand.SpellGroup.GetRechargeTimeModifier(SpellGroup.java:62) ~[?:?]
	at org.bnjax3.noitacraft.wand.SpellGroup.GetRechargeTimeModifier(SpellGroup.java:62) ~[?:?]
	at org.bnjax3.noitacraft.wand.SpellGroup.GetRechargeTimeModifier(SpellGroup.java:62) ~[?:?]
	at org.bnjax3.noitacraft.wand.SpellGroup.GetRechargeTimeModifier(SpellGroup.java:62) ~[?:?]
	at org.bnjax3.noitacraft.wand.SpellGroup.GetRechargeTimeModifier(SpellGroup.java:62) ~[?:?]
	at org.bnjax3.noitacraft.wand.SpellGroup.GetRechargeTimeModifier(SpellGroup.java:62) ~[?:?]
	at org.bnjax3.noitacraft.wand.SpellGroup.GetRechargeTimeModifier(SpellGroup.java:62) ~[?:?]
	at org.bnjax3.noitacraft.wand.SpellGroup.GetRechargeTimeModifier(SpellGroup.java:62) ~[?:?]
	at org.bnjax3.noitacraft.wand.SpellGroup.GetRechargeTimeModifier(SpellGroup.java:62) ~[?:?]
	at org.bnjax3.noitacraft.wand.SpellGroup.GetRechargeTimeModifier(SpellGroup.java:62) ~[?:?]
	at org.bnjax3.noitacraft.wand.SpellGroup.GetRechargeTimeModifier(SpellGroup.java:62) ~[?:?]
	at org.bnjax3.noitacraft.wand.SpellGroup.GetRechargeTimeModifier(SpellGroup.java:62) ~[?:?]
	at org.bnjax3.noitacraft.wand.SpellGroup.GetRechargeTimeModifier(SpellGroup.java:62) ~[?:?]
	at org.bnjax3.noitacraft.wand.SpellGroup.GetRechargeTimeModifier(SpellGroup.java:62) ~[?:?]
	at org.bnjax3.noitacraft.wand.SpellGroup.GetRechargeTimeModifier(SpellGroup.java:62) ~[?:?]
	at org.bnjax3.noitacraft.wand.SpellGroup.GetRechargeTimeModifier(SpellGroup.java:62) ~[?:?]
	at org.bnjax3.noitacraft.wand.SpellGroup.GetRechargeTimeModifier(SpellGroup.java:62) ~[?:?]
	at org.bnjax3.noitacraft.wand.SpellGroup.GetRechargeTimeModifier(SpellGroup.java:62) ~[?:?]
	at org.bnjax3.noitacraft.wand.SpellGroup.GetRechargeTimeModifier(SpellGroup.java:62) ~[?:?]
	at org.bnjax3.noitacraft.wand.SpellGroup.GetRechargeTimeModifier(SpellGroup.java:62) ~[?:?]
	at org.bnjax3.noitacraft.wand.SpellGroup.GetRechargeTimeModifier(SpellGroup.java:62) ~[?:?]
	at org.bnjax3.noitacraft.wand.SpellGroup.GetRechargeTimeModifier(SpellGroup.java:62) ~[?:?]
	at org.bnjax3.noitacraft.wand.SpellGroup.GetRechargeTimeModifier(SpellGroup.java:62) ~[?:?]
	at org.bnjax3.noitacraft.wand.SpellGroup.GetRechargeTimeModifier(SpellGroup.java:62) ~[?:?]
	at org.bnjax3.noitacraft.wand.SpellGroup.GetRechargeTimeModifier(SpellGroup.java:62) ~[?:?]
	at org.bnjax3.noitacraft.wand.SpellGroup.GetRechargeTimeModifier(SpellGroup.java:62) ~[?:?]
	at org.bnjax3.noitacraft.wand.SpellGroup.GetRechargeTimeModifier(SpellGroup.java:62) ~[?:?]
	at org.bnjax3.noitacraft.wand.SpellGroup.GetRechargeTimeModifier(SpellGroup.java:62) ~[?:?]
	at org.bnjax3.noitacraft.wand.SpellGroup.GetRechargeTimeModifier(SpellGroup.java:62) ~[?:?]
	at org.bnjax3.noitacraft.wand.SpellGroup.GetRechargeTimeModifier(SpellGroup.java:62) ~[?:?]
	at org.bnjax3.noitacraft.wand.SpellGroup.GetRechargeTimeModifier(SpellGroup.java:62) ~[?:?]
	at org.bnjax3.noitacraft.wand.SpellGroup.GetRechargeTimeModifier(SpellGroup.java:62) ~[?:?]
	at org.bnjax3.noitacraft.wand.SpellGroup.GetRechargeTimeModifier(SpellGroup.java:62) ~[?:?]
	at org.bnjax3.noitacraft.wand.SpellGroup.GetRechargeTimeModifier(SpellGroup.java:62) ~[?:?]
	at org.bnjax3.noitacraft.wand.SpellGroup.GetRechargeTimeModifier(SpellGroup.java:62) ~[?:?]
	at org.bnjax3.noitacraft.wand.SpellGroup.GetRechargeTimeModifier(SpellGroup.java:62) ~[?:?]
	at org.bnjax3.noitacraft.wand.SpellGroup.GetRechargeTimeModifier(SpellGroup.java:62) ~[?:?]
	at org.bnjax3.noitacraft.wand.SpellGroup.GetRechargeTimeModifier(SpellGroup.java:62) ~[?:?]
	at org.bnjax3.noitacraft.wand.SpellGroup.GetRechargeTimeModifier(SpellGroup.java:62) ~[?:?]
	at org.bnjax3.noitacraft.wand.SpellGroup.GetRechargeTimeModifier(SpellGroup.java:62) ~[?:?]
	at org.bnjax3.noitacraft.wand.SpellGroup.GetRechargeTimeModifier(SpellGroup.java:62) ~[?:?]
	at org.bnjax3.noitacraft.wand.SpellGroup.GetRechargeTimeModifier(SpellGroup.java:62) ~[?:?]
	at org.bnjax3.noitacraft.wand.SpellGroup.GetRechargeTimeModifier(SpellGroup.java:62) ~[?:?]
	at org.bnjax3.noitacraft.wand.SpellGroup.GetRechargeTimeModifier(SpellGroup.java:62) ~[?:?]
	at org.bnjax3.noitacraft.wand.SpellGroup.GetRechargeTimeModifier(SpellGroup.java:62) ~[?:?]
	at org.bnjax3.noitacraft.wand.SpellGroup.GetRechargeTimeModifier(SpellGroup.java:62) ~[?:?]
	at org.bnjax3.noitacraft.wand.SpellGroup.GetRechargeTimeModifier(SpellGroup.java:62) ~[?:?]
	at org.bnjax3.noitacraft.wand.SpellGroup.GetRechargeTimeModifier(SpellGroup.java:62) ~[?:?]
	at org.bnjax3.noitacraft.wand.SpellGroup.GetRechargeTimeModifier(SpellGroup.java:62) ~[?:?]
	at org.bnjax3.noitacraft.wand.SpellGroup.GetRechargeTimeModifier(SpellGroup.java:62) ~[?:?]
	at org.bnjax3.noitacraft.wand.SpellGroup.GetRechargeTimeModifier(SpellGroup.java:62) ~[?:?]
	at org.bnjax3.noitacraft.wand.SpellGroup.GetRechargeTimeModifier(SpellGroup.java:62) ~[?:?]
	at org.bnjax3.noitacraft.wand.SpellGroup.GetRechargeTimeModifier(SpellGroup.java:62) ~[?:?]
	at org.bnjax3.noitacraft.wand.SpellGroup.GetRechargeTimeModifier(SpellGroup.java:62) ~[?:?]
	at org.bnjax3.noitacraft.wand.SpellGroup.GetRechargeTimeModifier(SpellGroup.java:62) ~[?:?]
	at org.bnjax3.noitacraft.wand.SpellGroup.GetRechargeTimeModifier(SpellGroup.java:62) ~[?:?]
	at org.bnjax3.noitacraft.wand.SpellGroup.GetRechargeTimeModifier(SpellGroup.java:62) ~[?:?]
	at org.bnjax3.noitacraft.wand.SpellGroup.GetRechargeTimeModifier(SpellGroup.java:62) ~[?:?]
	at org.bnjax3.noitacraft.wand.SpellGroup.GetRechargeTimeModifier(SpellGroup.java:62) ~[?:?]
	at org.bnjax3.noitacraft.wand.SpellGroup.GetRechargeTimeModifier(SpellGroup.java:62) ~[?:?]
	at org.bnjax3.noitacraft.wand.SpellGroup.GetRechargeTimeModifier(SpellGroup.java:62) ~[?:?]
	at org.bnjax3.noitacraft.wand.SpellGroup.GetRechargeTimeModifier(SpellGroup.java:62) ~[?:?]
	at org.bnjax3.noitacraft.wand.SpellGroup.GetRechargeTimeModifier(SpellGroup.java:62) ~[?:?]
	at org.bnjax3.noitacraft.wand.SpellGroup.GetRechargeTimeModifier(SpellGroup.java:62) ~[?:?]
	at org.bnjax3.noitacraft.wand.SpellGroup.GetRechargeTimeModifier(SpellGroup.java:62) ~[?:?]
	at org.bnjax3.noitacraft.wand.SpellGroup.GetRechargeTimeModifier(SpellGroup.java:62) ~[?:?]
	at org.bnjax3.noitacraft.wand.SpellGroup.GetRechargeTimeModifier(SpellGroup.java:62) ~[?:?]
	at org.bnjax3.noitacraft.wand.SpellGroup.GetRechargeTimeModifier(SpellGroup.java:62) ~[?:?]
	at org.bnjax3.noitacraft.wand.SpellGroup.GetRechargeTimeModifier(SpellGroup.java:62) ~[?:?]
	at org.bnjax3.noitacraft.wand.SpellGroup.GetRechargeTimeModifier(SpellGroup.java:62) ~[?:?]
	at org.bnjax3.noitacraft.wand.SpellGroup.GetRechargeTimeModifier(SpellGroup.java:62) ~[?:?]
	at org.bnjax3.noitacraft.wand.SpellGroup.GetRechargeTimeModifier(SpellGroup.java:62) ~[?:?]
	at org.bnjax3.noitacraft.wand.SpellGroup.GetRechargeTimeModifier(SpellGroup.java:62) ~[?:?]
	at org.bnjax3.noitacraft.wand.SpellGroup.GetRechargeTimeModifier(SpellGroup.java:62) ~[?:?]
	at org.bnjax3.noitacraft.wand.SpellGroup.GetRechargeTimeModifier(SpellGroup.java:62) ~[?:?]
	at org.bnjax3.noitacraft.wand.SpellGroup.GetRechargeTimeModifier(SpellGroup.java:62) ~[?:?]
	at org.bnjax3.noitacraft.wand.SpellGroup.GetRechargeTimeModifier(SpellGroup.java:62) ~[?:?]
	at org.bnjax3.noitacraft.wand.SpellGroup.GetRechargeTimeModifier(SpellGroup.java:62) ~[?:?]
	at org.bnjax3.noitacraft.wand.SpellGroup.GetRechargeTimeModifier(SpellGroup.java:62) ~[?:?]
	at org.bnjax3.noitacraft.wand.SpellGroup.GetRechargeTimeModifier(SpellGroup.java:62) ~[?:?]
	at org.bnjax3.noitacraft.wand.SpellGroup.GetRechargeTimeModifier(SpellGroup.java:62) ~[?:?]
	at org.bnjax3.noitacraft.wand.SpellGroup.GetRechargeTimeModifier(SpellGroup.java:62) ~[?:?]
	at org.bnjax3.noitacraft.wand.SpellGroup.GetRechargeTimeModifier(SpellGroup.java:62) ~[?:?]
	at org.bnjax3.noitacraft.wand.SpellGroup.GetRechargeTimeModifier(SpellGroup.java:62) ~[?:?]
	at org.bnjax3.noitacraft.wand.SpellGroup.GetRechargeTimeModifier(SpellGroup.java:62) ~[?:?]
	at org.bnjax3.noitacraft.wand.SpellGroup.GetRechargeTimeModifier(SpellGroup.java:62) ~[?:?]
	at org.bnjax3.noitacraft.wand.SpellGroup.GetRechargeTimeModifier(SpellGroup.java:62) ~[?:?]
	at org.bnjax3.noitacraft.wand.SpellGroup.GetRechargeTimeModifier(SpellGroup.java:62) ~[?:?]
	at org.bnjax3.noitacraft.wand.SpellGroup.GetRechargeTimeModifier(SpellGroup.java:62) ~[?:?]
	at org.bnjax3.noitacraft.wand.SpellGroup.GetRechargeTimeModifier(SpellGroup.java:62) ~[?:?]
	at org.bnjax3.noitacraft.wand.SpellGroup.GetRechargeTimeModifier(SpellGroup.java:62) ~[?:?]
	at org.bnjax3.noitacraft.wand.SpellGroup.GetRechargeTimeModifier(SpellGroup.java:62) ~[?:?]
	at org.bnjax3.noitacraft.wand.SpellGroup.GetRechargeTimeModifier(SpellGroup.java:62) ~[?:?]
	at org.bnjax3.noitacraft.wand.SpellGroup.GetRechargeTimeModifier(SpellGroup.java:62) ~[?:?]
	at org.bnjax3.noitacraft.wand.SpellGroup.GetRechargeTimeModifier(SpellGroup.java:62) ~[?:?]
	at org.bnjax3.noitacraft.wand.SpellGroup.GetRechargeTimeModifier(SpellGroup.java:62) ~[?:?]
	at org.bnjax3.noitacraft.wand.SpellGroup.GetRechargeTimeModifier(SpellGroup.java:62) ~[?:?]
	at org.bnjax3.noitacraft.wand.SpellGroup.GetRechargeTimeModifier(SpellGroup.java:62) ~[?:?]
	at org.bnjax3.noitacraft.wand.SpellGroup.GetRechargeTimeModifier(SpellGroup.java:62) ~[?:?]
	at org.bnjax3.noitacraft.wand.SpellGroup.GetRechargeTimeModifier(SpellGroup.java:62) ~[?:?]
	at org.bnjax3.noitacraft.wand.SpellGroup.GetRechargeTimeModifier(SpellGroup.java:62) ~[?:?]
	at org.bnjax3.noitacraft.wand.SpellGroup.GetRechargeTimeModifier(SpellGroup.java:62) ~[?:?]
	at org.bnjax3.noitacraft.wand.SpellGroup.GetRechargeTimeModifier(SpellGroup.java:62) ~[?:?]
	at org.bnjax3.noitacraft.wand.SpellGroup.GetRechargeTimeModifier(SpellGroup.java:62) ~[?:?]
	at org.bnjax3.noitacraft.wand.SpellGroup.GetRechargeTimeModifier(SpellGroup.java:62) ~[?:?]
	at org.bnjax3.noitacraft.wand.SpellGroup.GetRechargeTimeModifier(SpellGroup.java:62) ~[?:?]
	at org.bnjax3.noitacraft.wand.SpellGroup.GetRechargeTimeModifier(SpellGroup.java:62) ~[?:?]
	at org.bnjax3.noitacraft.wand.SpellGroup.GetRechargeTimeModifier(SpellGroup.java:62) ~[?:?]
	at org.bnjax3.noitacraft.wand.SpellGroup.GetRechargeTimeModifier(SpellGroup.java:62) ~[?:?]
	at org.bnjax3.noitacraft.wand.SpellGroup.GetRechargeTimeModifier(SpellGroup.java:62) ~[?:?]
	at org.bnjax3.noitacraft.wand.SpellGroup.GetRechargeTimeModifier(SpellGroup.java:62) ~[?:?]
	at org.bnjax3.noitacraft.wand.SpellGroup.GetRechargeTimeModifier(SpellGroup.java:62) ~[?:?]
	at org.bnjax3.noitacraft.wand.SpellGroup.GetRechargeTimeModifier(SpellGroup.java:62) ~[?:?]
	at org.bnjax3.noitacraft.wand.SpellGroup.GetRechargeTimeModifier(SpellGroup.java:62) ~[?:?]
	at org.bnjax3.noitacraft.wand.SpellGroup.GetRechargeTimeModifier(SpellGroup.java:62) ~[?:?]
	at org.bnjax3.noitacraft.wand.SpellGroup.GetRechargeTimeModifier(SpellGroup.java:62) ~[?:?]
	at org.bnjax3.noitacraft.wand.SpellGroup.GetRechargeTimeModifier(SpellGroup.java:62) ~[?:?]
	at org.bnjax3.noitacraft.wand.SpellGroup.GetRechargeTimeModifier(SpellGroup.java:62) ~[?:?]
	at org.bnjax3.noitacraft.wand.SpellGroup.GetRechargeTimeModifier(SpellGroup.java:62) ~[?:?]
	at org.bnjax3.noitacraft.wand.SpellGroup.GetRechargeTimeModifier(SpellGroup.java:62) ~[?:?]
	at org.bnjax3.noitacraft.wand.SpellGroup.GetRechargeTimeModifier(SpellGroup.java:62) ~[?:?]
	at org.bnjax3.noitacraft.wand.SpellGroup.GetRechargeTimeModifier(SpellGroup.java:62) ~[?:?]
	at org.bnjax3.noitacraft.wand.SpellGroup.GetRechargeTimeModifier(SpellGroup.java:62) ~[?:?]
	at org.bnjax3.noitacraft.wand.SpellGroup.GetRechargeTimeModifier(SpellGroup.java:62) ~[?:?]
	at org.bnjax3.noitacraft.wand.SpellGroup.GetRechargeTimeModifier(SpellGroup.java:62) ~[?:?]
	at org.bnjax3.noitacraft.wand.SpellGroup.GetRechargeTimeModifier(SpellGroup.java:62) ~[?:?]
	at org.bnjax3.noitacraft.wand.SpellGroup.GetRechargeTimeModifier(SpellGroup.java:62) ~[?:?]
	at org.bnjax3.noitacraft.wand.SpellGroup.GetRechargeTimeModifier(SpellGroup.java:62) ~[?:?]
	at org.bnjax3.noitacraft.wand.SpellGroup.GetRechargeTimeModifier(SpellGroup.java:62) ~[?:?]
	at org.bnjax3.noitacraft.wand.SpellGroup.GetRechargeTimeModifier(SpellGroup.java:62) ~[?:?]
	at org.bnjax3.noitacraft.wand.SpellGroup.GetRechargeTimeModifier(SpellGroup.java:62) ~[?:?]
	at org.bnjax3.noitacraft.wand.SpellGroup.GetRechargeTimeModifier(SpellGroup.java:62) ~[?:?]
	at org.bnjax3.noitacraft.wand.SpellGroup.GetRechargeTimeModifier(SpellGroup.java:62) ~[?:?]
	at org.bnjax3.noitacraft.wand.SpellGroup.GetRechargeTimeModifier(SpellGroup.java:62) ~[?:?]
	at org.bnjax3.noitacraft.wand.SpellGroup.GetRechargeTimeModifier(SpellGroup.java:62) ~[?:?]
	at org.bnjax3.noitacraft.wand.SpellGroup.GetRechargeTimeModifier(SpellGroup.java:62) ~[?:?]
	at org.bnjax3.noitacraft.wand.SpellGroup.GetRechargeTimeModifier(SpellGroup.java:62) ~[?:?]
	at org.bnjax3.noitacraft.wand.SpellGroup.GetRechargeTimeModifier(SpellGroup.java:62) ~[?:?]
	at org.bnjax3.noitacraft.wand.SpellGroup.GetRechargeTimeModifier(SpellGroup.java:62) ~[?:?]
	at org.bnjax3.noitacraft.wand.SpellGroup.GetRechargeTimeModifier(SpellGroup.java:62) ~[?:?]
	at org.bnjax3.noitacraft.wand.SpellGroup.GetRechargeTimeModifier(SpellGroup.java:62) ~[?:?]
	at org.bnjax3.noitacraft.wand.SpellGroup.GetRechargeTimeModifier(SpellGroup.java:62) ~[?:?]
	at org.bnjax3.noitacraft.wand.SpellGroup.GetRechargeTimeModifier(SpellGroup.java:62) ~[?:?]
	at org.bnjax3.noitacraft.wand.SpellGroup.GetRechargeTimeModifier(SpellGroup.java:62) ~[?:?]
	at org.bnjax3.noitacraft.wand.SpellGroup.GetRechargeTimeModifier(SpellGroup.java:62) ~[?:?]
	at org.bnjax3.noitacraft.wand.SpellGroup.GetRechargeTimeModifier(SpellGroup.java:62) ~[?:?]
	at org.bnjax3.noitacraft.wand.SpellGroup.GetRechargeTimeModifier(SpellGroup.java:62) ~[?:?]
	at org.bnjax3.noitacraft.wand.SpellGroup.GetRechargeTimeModifier(SpellGroup.java:62) ~[?:?]
	at org.bnjax3.noitacraft.wand.SpellGroup.GetRechargeTimeModifier(SpellGroup.java:62) ~[?:?]
	at org.bnjax3.noitacraft.wand.SpellGroup.GetRechargeTimeModifier(SpellGroup.java:62) ~[?:?]
	at org.bnjax3.noitacraft.wand.SpellGroup.GetRechargeTimeModifier(SpellGroup.java:62) ~[?:?]
	at org.bnjax3.noitacraft.wand.SpellGroup.GetRechargeTimeModifier(SpellGroup.java:62) ~[?:?]
	at org.bnjax3.noitacraft.wand.SpellGroup.GetRechargeTimeModifier(SpellGroup.java:62) ~[?:?]
	at org.bnjax3.noitacraft.wand.SpellGroup.GetRechargeTimeModifier(SpellGroup.java:62) ~[?:?]
	at org.bnjax3.noitacraft.wand.SpellGroup.GetRechargeTimeModifier(SpellGroup.java:62) ~[?:?]
	at org.bnjax3.noitacraft.wand.SpellGroup.GetRechargeTimeModifier(SpellGroup.java:62) ~[?:?]
	at org.bnjax3.noitacraft.wand.SpellGroup.GetRechargeTimeModifier(SpellGroup.java:62) ~[?:?]
	at org.bnjax3.noitacraft.wand.SpellGroup.GetRechargeTimeModifier(SpellGroup.java:62) ~[?:?]
	at org.bnjax3.noitacraft.wand.SpellGroup.GetRechargeTimeModifier(SpellGroup.java:62) ~[?:?]
	at org.bnjax3.noitacraft.wand.SpellGroup.GetRechargeTimeModifier(SpellGroup.java:62) ~[?:?]
	at org.bnjax3.noitacraft.wand.SpellGroup.GetRechargeTimeModifier(SpellGroup.java:62) ~[?:?]
	at org.bnjax3.noitacraft.wand.SpellGroup.GetRechargeTimeModifier(SpellGroup.java:62) ~[?:?]
	at org.bnjax3.noitacraft.wand.SpellGroup.GetRechargeTimeModifier(SpellGroup.java:62) ~[?:?]
	at org.bnjax3.noitacraft.wand.SpellGroup.GetRechargeTimeModifier(SpellGroup.java:62) ~[?:?]
	at org.bnjax3.noitacraft.wand.SpellGroup.GetRechargeTimeModifier(SpellGroup.java:62) ~[?:?]
	at org.bnjax3.noitacraft.wand.SpellGroup.GetRechargeTimeModifier(SpellGroup.java:62) ~[?:?]
	at org.bnjax3.noitacraft.wand.SpellGroup.GetRechargeTimeModifier(SpellGroup.java:62) ~[?:?]
	at org.bnjax3.noitacraft.wand.SpellGroup.GetRechargeTimeModifier(SpellGroup.java:62) ~[?:?]
	at org.bnjax3.noitacraft.wand.SpellGroup.GetRechargeTimeModifier(SpellGroup.java:62) ~[?:?]
	at org.bnjax3.noitacraft.wand.SpellGroup.GetRechargeTimeModifier(SpellGroup.java:62) ~[?:?]
	at org.bnjax3.noitacraft.wand.SpellGroup.GetRechargeTimeModifier(SpellGroup.java:62) ~[?:?]
	at org.bnjax3.noitacraft.wand.SpellGroup.GetRechargeTimeModifier(SpellGroup.java:62) ~[?:?]
	at org.bnjax3.noitacraft.wand.SpellGroup.GetRechargeTimeModifier(SpellGroup.java:62) ~[?:?]
	at org.bnjax3.noitacraft.wand.SpellGroup.GetRechargeTimeModifier(SpellGroup.java:62) ~[?:?]
	at org.bnjax3.noitacraft.wand.SpellGroup.GetRechargeTimeModifier(SpellGroup.java:62) ~[?:?]
	at org.bnjax3.noitacraft.wand.SpellGroup.GetRechargeTimeModifier(SpellGroup.java:62) ~[?:?]
	at org.bnjax3.noitacraft.wand.SpellGroup.GetRechargeTimeModifier(SpellGroup.java:62) ~[?:?]
	at org.bnjax3.noitacraft.wand.SpellGroup.GetRechargeTimeModifier(SpellGroup.java:62) ~[?:?]
	at org.bnjax3.noitacraft.wand.SpellGroup.GetRechargeTimeModifier(SpellGroup.java:62) ~[?:?]
	at org.bnjax3.noitacraft.wand.SpellGroup.GetRechargeTimeModifier(SpellGroup.java:62) ~[?:?]
	at org.bnjax3.noitacraft.wand.SpellGroup.GetRechargeTimeModifier(SpellGroup.java:62) ~[?:?]
	at org.bnjax3.noitacraft.wand.SpellGroup.GetRechargeTimeModifier(SpellGroup.java:62) ~[?:?]
	at org.bnjax3.noitacraft.wand.SpellGroup.GetRechargeTimeModifier(SpellGroup.java:62) ~[?:?]
	at org.bnjax3.noitacraft.wand.SpellGroup.GetRechargeTimeModifier(SpellGroup.java:62) ~[?:?]
	at org.bnjax3.noitacraft.wand.SpellGroup.GetRechargeTimeModifier(SpellGroup.java:62) ~[?:?]
	at org.bnjax3.noitacraft.wand.SpellGroup.GetRechargeTimeModifier(SpellGroup.java:62) ~[?:?]
	at org.bnjax3.noitacraft.wand.SpellGroup.GetRechargeTimeModifier(SpellGroup.java:62) ~[?:?]
	at org.bnjax3.noitacraft.wand.SpellGroup.GetRechargeTimeModifier(SpellGroup.java:62) ~[?:?]
	at org.bnjax3.noitacraft.wand.SpellGroup.GetRechargeTimeModifier(SpellGroup.java:62) ~[?:?]
	at org.bnjax3.noitacraft.wand.SpellGroup.GetRechargeTimeModifier(SpellGroup.java:62) ~[?:?]
	at org.bnjax3.noitacraft.wand.SpellGroup.GetRechargeTimeModifier(SpellGroup.java:62) ~[?:?]
	at org.bnjax3.noitacraft.wand.SpellGroup.GetRechargeTimeModifier(SpellGroup.java:62) ~[?:?]
	at org.bnjax3.noitacraft.wand.SpellGroup.GetRechargeTimeModifier(SpellGroup.java:62) ~[?:?]
	at org.bnjax3.noitacraft.wand.SpellGroup.GetRechargeTimeModifier(SpellGroup.java:62) ~[?:?]
	at org.bnjax3.noitacraft.wand.SpellGroup.GetRechargeTimeModifier(SpellGroup.java:62) ~[?:?]
	at org.bnjax3.noitacraft.wand.SpellGroup.GetRechargeTimeModifier(SpellGroup.java:62) ~[?:?]
	at org.bnjax3.noitacraft.wand.SpellGroup.GetRechargeTimeModifier(SpellGroup.java:62) ~[?:?]
	at org.bnjax3.noitacraft.wand.SpellGroup.GetRechargeTimeModifier(SpellGroup.java:62) ~[?:?]
	at org.bnjax3.noitacraft.wand.SpellGroup.GetRechargeTimeModifier(SpellGroup.java:62) ~[?:?]
	at org.bnjax3.noitacraft.wand.SpellGroup.GetRechargeTimeModifier(SpellGroup.java:62) ~[?:?]
	at org.bnjax3.noitacraft.wand.SpellGroup.GetRechargeTimeModifier(SpellGroup.java:62) ~[?:?]
	at org.bnjax3.noitacraft.wand.SpellGroup.GetRechargeTimeModifier(SpellGroup.java:62) ~[?:?]
	at org.bnjax3.noitacraft.wand.SpellGroup.GetRechargeTimeModifier(SpellGroup.java:62) ~[?:?]
	at org.bnjax3.noitacraft.wand.SpellGroup.GetRechargeTimeModifier(SpellGroup.java:62) ~[?:?]
	at org.bnjax3.noitacraft.wand.SpellGroup.GetRechargeTimeModifier(SpellGroup.java:62) ~[?:?]
	at org.bnjax3.noitacraft.wand.SpellGroup.GetRechargeTimeModifier(SpellGroup.java:62) ~[?:?]
	at org.bnjax3.noitacraft.wand.SpellGroup.GetRechargeTimeModifier(SpellGroup.java:62) ~[?:?]
	at org.bnjax3.noitacraft.wand.SpellGroup.GetRechargeTimeModifier(SpellGroup.java:62) ~[?:?]
	at org.bnjax3.noitacraft.wand.SpellGroup.GetRechargeTimeModifier(SpellGroup.java:62) ~[?:?]
	at org.bnjax3.noitacraft.wand.SpellGroup.GetRechargeTimeModifier(SpellGroup.java:62) ~[?:?]
	at org.bnjax3.noitacraft.wand.SpellGroup.GetRechargeTimeModifier(SpellGroup.java:62) ~[?:?]
	at org.bnjax3.noitacraft.wand.SpellGroup.GetRechargeTimeModifier(SpellGroup.java:62) ~[?:?]
	at org.bnjax3.noitacraft.wand.SpellGroup.GetRechargeTimeModifier(SpellGroup.java:62) ~[?:?]
	at org.bnjax3.noitacraft.wand.SpellGroup.GetRechargeTimeModifier(SpellGroup.java:62) ~[?:?]
	at org.bnjax3.noitacraft.wand.SpellGroup.GetRechargeTimeModifier(SpellGroup.java:62) ~[?:?]
	at org.bnjax3.noitacraft.wand.SpellGroup.GetRechargeTimeModifier(SpellGroup.java:62) ~[?:?]
	at org.bnjax3.noitacraft.wand.SpellGroup.GetRechargeTimeModifier(SpellGroup.java:62) ~[?:?]
	at org.bnjax3.noitacraft.wand.SpellGroup.GetRechargeTimeModifier(SpellGroup.java:62) ~[?:?]
	at org.bnjax3.noitacraft.wand.SpellGroup.GetRechargeTimeModifier(SpellGroup.java:62) ~[?:?]
	at org.bnjax3.noitacraft.wand.SpellGroup.GetRechargeTimeModifier(SpellGroup.java:62) ~[?:?]
	at org.bnjax3.noitacraft.wand.SpellGroup.GetRechargeTimeModifier(SpellGroup.java:62) ~[?:?]
	at org.bnjax3.noitacraft.wand.SpellGroup.GetRechargeTimeModifier(SpellGroup.java:62) ~[?:?]
	at org.bnjax3.noitacraft.wand.SpellGroup.GetRechargeTimeModifier(SpellGroup.java:62) ~[?:?]
	at org.bnjax3.noitacraft.wand.SpellGroup.GetRechargeTimeModifier(SpellGroup.java:62) ~[?:?]
	at org.bnjax3.noitacraft.wand.SpellGroup.GetRechargeTimeModifier(SpellGroup.java:62) ~[?:?]
	at org.bnjax3.noitacraft.wand.SpellGroup.GetRechargeTimeModifier(SpellGroup.java:62) ~[?:?]
	at org.bnjax3.noitacraft.wand.SpellGroup.GetRechargeTimeModifier(SpellGroup.java:62) ~[?:?]
	at org.bnjax3.noitacraft.wand.SpellGroup.GetRechargeTimeModifier(SpellGroup.java:62) ~[?:?]
	at org.bnjax3.noitacraft.wand.SpellGroup.GetRechargeTimeModifier(SpellGroup.java:62) ~[?:?]
	at org.bnjax3.noitacraft.wand.SpellGroup.GetRechargeTimeModifier(SpellGroup.java:62) ~[?:?]
	at org.bnjax3.noitacraft.wand.SpellGroup.GetRechargeTimeModifier(SpellGroup.java:62) ~[?:?]
	at org.bnjax3.noitacraft.wand.SpellGroup.GetRechargeTimeModifier(SpellGroup.java:62) ~[?:?]
	at org.bnjax3.noitacraft.wand.SpellGroup.GetRechargeTimeModifier(SpellGroup.java:62) ~[?:?]
	at org.bnjax3.noitacraft.wand.SpellGroup.GetRechargeTimeModifier(SpellGroup.java:62) ~[?:?]
	at org.bnjax3.noitacraft.wand.SpellGroup.GetRechargeTimeModifier(SpellGroup.java:62) ~[?:?]
	at org.bnjax3.noitacraft.wand.SpellGroup.GetRechargeTimeModifier(SpellGroup.java:62) ~[?:?]
	at org.bnjax3.noitacraft.wand.SpellGroup.GetRechargeTimeModifier(SpellGroup.java:62) ~[?:?]
	at org.bnjax3.noitacraft.wand.SpellGroup.GetRechargeTimeModifier(SpellGroup.java:62) ~[?:?]
	at org.bnjax3.noitacraft.wand.SpellGroup.GetRechargeTimeModifier(SpellGroup.java:62) ~[?:?]
	at org.bnjax3.noitacraft.wand.SpellGroup.GetRechargeTimeModifier(SpellGroup.java:62) ~[?:?]
	at org.bnjax3.noitacraft.wand.SpellGroup.GetRechargeTimeModifier(SpellGroup.java:62) ~[?:?]
	at org.bnjax3.noitacraft.wand.SpellGroup.GetRechargeTimeModifier(SpellGroup.java:62) ~[?:?]
	at org.bnjax3.noitacraft.wand.SpellGroup.GetRechargeTimeModifier(SpellGroup.java:62) ~[?:?]
	at org.bnjax3.noitacraft.wand.SpellGroup.GetRechargeTimeModifier(SpellGroup.java:62) ~[?:?]
	at org.bnjax3.noitacraft.wand.SpellGroup.GetRechargeTimeModifier(SpellGroup.java:62) ~[?:?]
	at org.bnjax3.noitacraft.wand.SpellGroup.GetRechargeTimeModifier(SpellGroup.java:62) ~[?:?]
	at org.bnjax3.noitacraft.wand.SpellGroup.GetRechargeTimeModifier(SpellGroup.java:62) ~[?:?]
	at org.bnjax3.noitacraft.wand.SpellGroup.GetRechargeTimeModifier(SpellGroup.java:62) ~[?:?]
	at org.bnjax3.noitacraft.wand.SpellGroup.GetRechargeTimeModifier(SpellGroup.java:62) ~[?:?]
	at org.bnjax3.noitacraft.wand.SpellGroup.GetRechargeTimeModifier(SpellGroup.java:62) ~[?:?]
	at org.bnjax3.noitacraft.wand.SpellGroup.GetRechargeTimeModifier(SpellGroup.java:62) ~[?:?]
	at org.bnjax3.noitacraft.wand.SpellGroup.GetRechargeTimeModifier(SpellGroup.java:62) ~[?:?]
	at org.bnjax3.noitacraft.wand.SpellGroup.GetRechargeTimeModifier(SpellGroup.java:62) ~[?:?]
	at org.bnjax3.noitacraft.wand.SpellGroup.GetRechargeTimeModifier(SpellGroup.java:62) ~[?:?]
	at org.bnjax3.noitacraft.wand.SpellGroup.GetRechargeTimeModifier(SpellGroup.java:62) ~[?:?]
	at org.bnjax3.noitacraft.wand.SpellGroup.GetRechargeTimeModifier(SpellGroup.java:62) ~[?:?]
	at org.bnjax3.noitacraft.wand.SpellGroup.GetRechargeTimeModifier(SpellGroup.java:62) ~[?:?]
	at org.bnjax3.noitacraft.wand.SpellGroup.GetRechargeTimeModifier(SpellGroup.java:62) ~[?:?]
	at org.bnjax3.noitacraft.wand.SpellGroup.GetRechargeTimeModifier(SpellGroup.java:62) ~[?:?]
	at org.bnjax3.noitacraft.wand.SpellGroup.GetRechargeTimeModifier(SpellGroup.java:62) ~[?:?]
	at org.bnjax3.noitacraft.wand.SpellGroup.GetRechargeTimeModifier(SpellGroup.java:62) ~[?:?]
	at org.bnjax3.noitacraft.wand.SpellGroup.GetRechargeTimeModifier(SpellGroup.java:62) ~[?:?]
	at org.bnjax3.noitacraft.wand.SpellGroup.GetRechargeTimeModifier(SpellGroup.java:62) ~[?:?]
	at org.bnjax3.noitacraft.wand.SpellGroup.GetRechargeTimeModifier(SpellGroup.java:62) ~[?:?]
	at org.bnjax3.noitacraft.wand.SpellGroup.GetRechargeTimeModifier(SpellGroup.java:62) ~[?:?]
	at org.bnjax3.noitacraft.wand.SpellGroup.GetRechargeTimeModifier(SpellGroup.java:62) ~[?:?]
	at org.bnjax3.noitacraft.wand.SpellGroup.GetRechargeTimeModifier(SpellGroup.java:62) ~[?:?]
	at org.bnjax3.noitacraft.wand.SpellGroup.GetRechargeTimeModifier(SpellGroup.java:62) ~[?:?]
	at org.bnjax3.noitacraft.wand.SpellGroup.GetRechargeTimeModifier(SpellGroup.java:62) ~[?:?]
	at org.bnjax3.noitacraft.wand.SpellGroup.GetRechargeTimeModifier(SpellGroup.java:62) ~[?:?]
	at org.bnjax3.noitacraft.wand.SpellGroup.GetRechargeTimeModifier(SpellGroup.java:62) ~[?:?]
	at org.bnjax3.noitacraft.wand.SpellGroup.GetRechargeTimeModifier(SpellGroup.java:62) ~[?:?]
	at org.bnjax3.noitacraft.wand.SpellGroup.GetRechargeTimeModifier(SpellGroup.java:62) ~[?:?]
	at org.bnjax3.noitacraft.wand.SpellGroup.GetRechargeTimeModifier(SpellGroup.java:62) ~[?:?]
	at org.bnjax3.noitacraft.wand.SpellGroup.GetRechargeTimeModifier(SpellGroup.java:62) ~[?:?]
	at org.bnjax3.noitacraft.wand.SpellGroup.GetRechargeTimeModifier(SpellGroup.java:62) ~[?:?]
	at org.bnjax3.noitacraft.wand.SpellGroup.GetRechargeTimeModifier(SpellGroup.java:62) ~[?:?]
	at org.bnjax3.noitacraft.wand.SpellGroup.GetRechargeTimeModifier(SpellGroup.java:62) ~[?:?]
	at org.bnjax3.noitacraft.wand.SpellGroup.GetRechargeTimeModifier(SpellGroup.java:62) ~[?:?]
	at org.bnjax3.noitacraft.wand.SpellGroup.GetRechargeTimeModifier(SpellGroup.java:62) ~[?:?]
	at org.bnjax3.noitacraft.wand.SpellGroup.GetRechargeTimeModifier(SpellGroup.java:62) ~[?:?]
	at org.bnjax3.noitacraft.wand.SpellGroup.GetRechargeTimeModifier(SpellGroup.java:62) ~[?:?]
	at org.bnjax3.noitacraft.wand.SpellGroup.GetRechargeTimeModifier(SpellGroup.java:62) ~[?:?]
	at org.bnjax3.noitacraft.wand.SpellGroup.GetRechargeTimeModifier(SpellGroup.java:62) ~[?:?]
	at org.bnjax3.noitacraft.wand.SpellGroup.GetRechargeTimeModifier(SpellGroup.java:62) ~[?:?]
	at org.bnjax3.noitacraft.wand.SpellGroup.GetRechargeTimeModifier(SpellGroup.java:62) ~[?:?]
	at org.bnjax3.noitacraft.wand.SpellGroup.GetRechargeTimeModifier(SpellGroup.java:62) ~[?:?]
	at org.bnjax3.noitacraft.wand.SpellGroup.GetRechargeTimeModifier(SpellGroup.java:62) ~[?:?]
	at org.bnjax3.noitacraft.wand.SpellGroup.GetRechargeTimeModifier(SpellGroup.java:62) ~[?:?]
	at org.bnjax3.noitacraft.wand.SpellGroup.GetRechargeTimeModifier(SpellGroup.java:62) ~[?:?]
	at org.bnjax3.noitacraft.wand.SpellGroup.GetRechargeTimeModifier(SpellGroup.java:62) ~[?:?]
	at org.bnjax3.noitacraft.wand.SpellGroup.GetRechargeTimeModifier(SpellGroup.java:62) ~[?:?]
	at org.bnjax3.noitacraft.wand.SpellGroup.GetRechargeTimeModifier(SpellGroup.java:62) ~[?:?]
	at org.bnjax3.noitacraft.wand.SpellGroup.GetRechargeTimeModifier(SpellGroup.java:62) ~[?:?]
	at org.bnjax3.noitacraft.wand.SpellGroup.GetRechargeTimeModifier(SpellGroup.java:62) ~[?:?]
	at org.bnjax3.noitacraft.wand.SpellGroup.GetRechargeTimeModifier(SpellGroup.java:62) ~[?:?]
	at org.bnjax3.noitacraft.wand.SpellGroup.GetRechargeTimeModifier(SpellGroup.java:62) ~[?:?]
	at org.bnjax3.noitacraft.wand.SpellGroup.GetRechargeTimeModifier(SpellGroup.java:62) ~[?:?]
	at org.bnjax3.noitacraft.wand.SpellGroup.GetRechargeTimeModifier(SpellGroup.java:62) ~[?:?]
	at org.bnjax3.noitacraft.wand.SpellGroup.GetRechargeTimeModifier(SpellGroup.java:62) ~[?:?]
	at org.bnjax3.noitacraft.wand.SpellGroup.GetRechargeTimeModifier(SpellGroup.java:62) ~[?:?]
	at org.bnjax3.noitacraft.wand.SpellGroup.GetRechargeTimeModifier(SpellGroup.java:62) ~[?:?]
	at org.bnjax3.noitacraft.wand.SpellGroup.GetRechargeTimeModifier(SpellGroup.java:62) ~[?:?]
	at org.bnjax3.noitacraft.wand.SpellGroup.GetRechargeTimeModifier(SpellGroup.java:62) ~[?:?]
	at org.bnjax3.noitacraft.wand.SpellGroup.GetRechargeTimeModifier(SpellGroup.java:62) ~[?:?]
	at org.bnjax3.noitacraft.wand.SpellGroup.GetRechargeTimeModifier(SpellGroup.java:62) ~[?:?]
	at org.bnjax3.noitacraft.wand.SpellGroup.GetRechargeTimeModifier(SpellGroup.java:62) ~[?:?]
	at org.bnjax3.noitacraft.wand.SpellGroup.GetRechargeTimeModifier(SpellGroup.java:62) ~[?:?]
	at org.bnjax3.noitacraft.wand.SpellGroup.GetRechargeTimeModifier(SpellGroup.java:62) ~[?:?]
	at org.bnjax3.noitacraft.wand.SpellGroup.GetRechargeTimeModifier(SpellGroup.java:62) ~[?:?]
	at org.bnjax3.noitacraft.wand.SpellGroup.GetRechargeTimeModifier(SpellGroup.java:62) ~[?:?]
	at org.bnjax3.noitacraft.wand.SpellGroup.GetRechargeTimeModifier(SpellGroup.java:62) ~[?:?]
	at org.bnjax3.noitacraft.wand.SpellGroup.GetRechargeTimeModifier(SpellGroup.java:62) ~[?:?]
	at org.bnjax3.noitacraft.wand.SpellGroup.GetRechargeTimeModifier(SpellGroup.java:62) ~[?:?]
	at org.bnjax3.noitacraft.wand.SpellGroup.GetRechargeTimeModifier(SpellGroup.java:62) ~[?:?]
	at org.bnjax3.noitacraft.wand.SpellGroup.GetRechargeTimeModifier(SpellGroup.java:62) ~[?:?]
	at org.bnjax3.noitacraft.wand.SpellGroup.GetRechargeTimeModifier(SpellGroup.java:62) ~[?:?]
	at org.bnjax3.noitacraft.wand.SpellGroup.GetRechargeTimeModifier(SpellGroup.java:62) ~[?:?]
[11Dec2025 19:48:28.655] [Server thread/FATAL] [net.minecraftforge.common.ForgeMod/]: Preparing crash report with UUID 0c96fb62-d02f-4a5d-ac13-093e360f206f
[11Dec2025 19:48:28.665] [Server thread/ERROR] [net.minecraft.server.MinecraftServer/]: This crash report has been saved to: /home/benja/Desktop/Mc_Modding/noitacraft/run/./crash-reports/crash-2025-12-11_19.48.28-server.txt
[11Dec2025 19:48:28.665] [Server thread/INFO] [net.minecraft.server.MinecraftServer/]: Stopping server
[11Dec2025 19:48:28.666] [Server thread/INFO] [net.minecraft.server.MinecraftServer/]: Saving players
[11Dec2025 19:48:28.670] [Server thread/INFO] [net.minecraft.network.play.ServerPlayNetHandler/]: Dev lost connection: Disconnected
[11Dec2025 19:48:28.670] [Server thread/INFO] [net.minecraft.server.MinecraftServer/]: Dev left the game
[11Dec2025 19:48:28.674] [Server thread/INFO] [net.minecraft.network.play.ServerPlayNetHandler/]: Stopping singleplayer server as player logged out
[11Dec2025 19:48:28.675] [Server thread/INFO] [net.minecraft.server.MinecraftServer/]: Saving worlds
[11Dec2025 19:48:28.675] [Server thread/INFO] [net.minecraft.server.MinecraftServer/]: Saving chunks for level 'ServerLevel[testeo]'/minecraft:overworld
[11Dec2025 19:48:28.690] [Render thread/INFO] [STDOUT/]: [net.minecraft.util.registry.Bootstrap:realStdoutPrintln:123]: ---- Minecraft Crash Report ----
// Daisy, daisy...

Time: 12/11/25, 7:48 PM
Description: Exception in server tick loop

java.lang.StackOverflowError: Exception in server tick loop
	at org.bnjax3.noitacraft.wand.SpellGroup.GetRechargeTimeModifier(SpellGroup.java:58) ~[?:?] {re:classloading}
	at org.bnjax3.noitacraft.wand.SpellGroup.GetRechargeTimeModifier(SpellGroup.java:62) ~[?:?] {re:classloading}
	at org.bnjax3.noitacraft.wand.SpellGroup.GetRechargeTimeModifier(SpellGroup.java:62) ~[?:?] {re:classloading}
	at org.bnjax3.noitacraft.wand.SpellGroup.GetRechargeTimeModifier(SpellGroup.java:62) ~[?:?] {re:classloading}
	at org.bnjax3.noitacraft.wand.SpellGroup.GetRechargeTimeModifier(SpellGroup.java:62) ~[?:?] {re:classloading}
	at org.bnjax3.noitacraft.wand.SpellGroup.GetRechargeTimeModifier(SpellGroup.java:62) ~[?:?] {re:classloading}
	at org.bnjax3.noitacraft.wand.SpellGroup.GetRechargeTimeModifier(SpellGroup.java:62) ~[?:?] {re:classloading}
	at org.bnjax3.noitacraft.wand.SpellGroup.GetRechargeTimeModifier(SpellGroup.java:62) ~[?:?] {re:classloading}
	at org.bnjax3.noitacraft.wand.SpellGroup.GetRechargeTimeModifier(SpellGroup.java:62) ~[?:?] {re:classloading}
	at org.bnjax3.noitacraft.wand.SpellGroup.GetRechargeTimeModifier(SpellGroup.java:62) ~[?:?] {re:classloading}
	at org.bnjax3.noitacraft.wand.SpellGroup.GetRechargeTimeModifier(SpellGroup.java:62) ~[?:?] {re:classloading}
	at org.bnjax3.noitacraft.wand.SpellGroup.GetRechargeTimeModifier(SpellGroup.java:62) ~[?:?] {re:classloading}
	at org.bnjax3.noitacraft.wand.SpellGroup.GetRechargeTimeModifier(SpellGroup.java:62) ~[?:?] {re:classloading}
	at org.bnjax3.noitacraft.wand.SpellGroup.GetRechargeTimeModifier(SpellGroup.java:62) ~[?:?] {re:classloading}
	at org.bnjax3.noitacraft.wand.SpellGroup.GetRechargeTimeModifier(SpellGroup.java:62) ~[?:?] {re:classloading}
	at org.bnjax3.noitacraft.wand.SpellGroup.GetRechargeTimeModifier(SpellGroup.java:62) ~[?:?] {re:classloading}
	at org.bnjax3.noitacraft.wand.SpellGroup.GetRechargeTimeModifier(SpellGroup.java:62) ~[?:?] {re:classloading}
	at org.bnjax3.noitacraft.wand.SpellGroup.GetRechargeTimeModifier(SpellGroup.java:62) ~[?:?] {re:classloading}
	at org.bnjax3.noitacraft.wand.SpellGroup.GetRechargeTimeModifier(SpellGroup.java:62) ~[?:?] {re:classloading}
	at org.bnjax3.noitacraft.wand.SpellGroup.GetRechargeTimeModifier(SpellGroup.java:62) ~[?:?] {re:classloading}
	at org.bnjax3.noitacraft.wand.SpellGroup.GetRechargeTimeModifier(SpellGroup.java:62) ~[?:?] {re:classloading}
	at org.bnjax3.noitacraft.wand.SpellGroup.GetRechargeTimeModifier(SpellGroup.java:62) ~[?:?] {re:classloading}
	at org.bnjax3.noitacraft.wand.SpellGroup.GetRechargeTimeModifier(SpellGroup.java:62) ~[?:?] {re:classloading}
	at org.bnjax3.noitacraft.wand.SpellGroup.GetRechargeTimeModifier(SpellGroup.java:62) ~[?:?] {re:classloading}
	at org.bnjax3.noitacraft.wand.SpellGroup.GetRechargeTimeModifier(SpellGroup.java:62) ~[?:?] {re:classloading}
	at org.bnjax3.noitacraft.wand.SpellGroup.GetRechargeTimeModifier(SpellGroup.java:62) ~[?:?] {re:classloading}
	at org.bnjax3.noitacraft.wand.SpellGroup.GetRechargeTimeModifier(SpellGroup.java:62) ~[?:?] {re:classloading}
	at org.bnjax3.noitacraft.wand.SpellGroup.GetRechargeTimeModifier(SpellGroup.java:62) ~[?:?] {re:classloading}
	at org.bnjax3.noitacraft.wand.SpellGroup.GetRechargeTimeModifier(SpellGroup.java:62) ~[?:?] {re:classloading}
	at org.bnjax3.noitacraft.wand.SpellGroup.GetRechargeTimeModifier(SpellGroup.java:62) ~[?:?] {re:classloading}
	at org.bnjax3.noitacraft.wand.SpellGroup.GetRechargeTimeModifier(SpellGroup.java:62) ~[?:?] {re:classloading}
	at org.bnjax3.noitacraft.wand.SpellGroup.GetRechargeTimeModifier(SpellGroup.java:62) ~[?:?] {re:classloading}
	at org.bnjax3.noitacraft.wand.SpellGroup.GetRechargeTimeModifier(SpellGroup.java:62) ~[?:?] {re:classloading}
	at org.bnjax3.noitacraft.wand.SpellGroup.GetRechargeTimeModifier(SpellGroup.java:62) ~[?:?] {re:classloading}
	at org.bnjax3.noitacraft.wand.SpellGroup.GetRechargeTimeModifier(SpellGroup.java:62) ~[?:?] {re:classloading}
	at org.bnjax3.noitacraft.wand.SpellGroup.GetRechargeTimeModifier(SpellGroup.java:62) ~[?:?] {re:classloading}
	at org.bnjax3.noitacraft.wand.SpellGroup.GetRechargeTimeModifier(SpellGroup.java:62) ~[?:?] {re:classloading}
	at org.bnjax3.noitacraft.wand.SpellGroup.GetRechargeTimeModifier(SpellGroup.java:62) ~[?:?] {re:classloading}
	at org.bnjax3.noitacraft.wand.SpellGroup.GetRechargeTimeModifier(SpellGroup.java:62) ~[?:?] {re:classloading}
	at org.bnjax3.noitacraft.wand.SpellGroup.GetRechargeTimeModifier(SpellGroup.java:62) ~[?:?] {re:classloading}
	at org.bnjax3.noitacraft.wand.SpellGroup.GetRechargeTimeModifier(SpellGroup.java:62) ~[?:?] {re:classloading}
	at org.bnjax3.noitacraft.wand.SpellGroup.GetRechargeTimeModifier(SpellGroup.java:62) ~[?:?] {re:classloading}
	at org.bnjax3.noitacraft.wand.SpellGroup.GetRechargeTimeModifier(SpellGroup.java:62) ~[?:?] {re:classloading}
	at org.bnjax3.noitacraft.wand.SpellGroup.GetRechargeTimeModifier(SpellGroup.java:62) ~[?:?] {re:classloading}
	at org.bnjax3.noitacraft.wand.SpellGroup.GetRechargeTimeModifier(SpellGroup.java:62) ~[?:?] {re:classloading}
	at org.bnjax3.noitacraft.wand.SpellGroup.GetRechargeTimeModifier(SpellGroup.java:62) ~[?:?] {re:classloading}
	at org.bnjax3.noitacraft.wand.SpellGroup.GetRechargeTimeModifier(SpellGroup.java:62) ~[?:?] {re:classloading}
	at org.bnjax3.noitacraft.wand.SpellGroup.GetRechargeTimeModifier(SpellGroup.java:62) ~[?:?] {re:classloading}
	at org.bnjax3.noitacraft.wand.SpellGroup.GetRechargeTimeModifier(SpellGroup.java:62) ~[?:?] {re:classloading}
	at org.bnjax3.noitacraft.wand.SpellGroup.GetRechargeTimeModifier(SpellGroup.java:62) ~[?:?] {re:classloading}
	at org.bnjax3.noitacraft.wand.SpellGroup.GetRechargeTimeModifier(SpellGroup.java:62) ~[?:?] {re:classloading}
	at org.bnjax3.noitacraft.wand.SpellGroup.GetRechargeTimeModifier(SpellGroup.java:62) ~[?:?] {re:classloading}
	at org.bnjax3.noitacraft.wand.SpellGroup.GetRechargeTimeModifier(SpellGroup.java:62) ~[?:?] {re:classloading}
	at org.bnjax3.noitacraft.wand.SpellGroup.GetRechargeTimeModifier(SpellGroup.java:62) ~[?:?] {re:classloading}
	at org.bnjax3.noitacraft.wand.SpellGroup.GetRechargeTimeModifier(SpellGroup.java:62) ~[?:?] {re:classloading}
	at org.bnjax3.noitacraft.wand.SpellGroup.GetRechargeTimeModifier(SpellGroup.java:62) ~[?:?] {re:classloading}
	at org.bnjax3.noitacraft.wand.SpellGroup.GetRechargeTimeModifier(SpellGroup.java:62) ~[?:?] {re:classloading}
	at org.bnjax3.noitacraft.wand.SpellGroup.GetRechargeTimeModifier(SpellGroup.java:62) ~[?:?] {re:classloading}
	at org.bnjax3.noitacraft.wand.SpellGroup.GetRechargeTimeModifier(SpellGroup.java:62) ~[?:?] {re:classloading}
	at org.bnjax3.noitacraft.wand.SpellGroup.GetRechargeTimeModifier(SpellGroup.java:62) ~[?:?] {re:classloading}
	at org.bnjax3.noitacraft.wand.SpellGroup.GetRechargeTimeModifier(SpellGroup.java:62) ~[?:?] {re:classloading}
	at org.bnjax3.noitacraft.wand.SpellGroup.GetRechargeTimeModifier(SpellGroup.java:62) ~[?:?] {re:classloading}
	at org.bnjax3.noitacraft.wand.SpellGroup.GetRechargeTimeModifier(SpellGroup.java:62) ~[?:?] {re:classloading}
	at org.bnjax3.noitacraft.wand.SpellGroup.GetRechargeTimeModifier(SpellGroup.java:62) ~[?:?] {re:classloading}
	at org.bnjax3.noitacraft.wand.SpellGroup.GetRechargeTimeModifier(SpellGroup.java:62) ~[?:?] {re:classloading}
	at org.bnjax3.noitacraft.wand.SpellGroup.GetRechargeTimeModifier(SpellGroup.java:62) ~[?:?] {re:classloading}
	at org.bnjax3.noitacraft.wand.SpellGroup.GetRechargeTimeModifier(SpellGroup.java:62) ~[?:?] {re:classloading}
	at org.bnjax3.noitacraft.wand.SpellGroup.GetRechargeTimeModifier(SpellGroup.java:62) ~[?:?] {re:classloading}
	at org.bnjax3.noitacraft.wand.SpellGroup.GetRechargeTimeModifier(SpellGroup.java:62) ~[?:?] {re:classloading}
	at org.bnjax3.noitacraft.wand.SpellGroup.GetRechargeTimeModifier(SpellGroup.java:62) ~[?:?] {re:classloading}
	at org.bnjax3.noitacraft.wand.SpellGroup.GetRechargeTimeModifier(SpellGroup.java:62) ~[?:?] {re:classloading}
	at org.bnjax3.noitacraft.wand.SpellGroup.GetRechargeTimeModifier(SpellGroup.java:62) ~[?:?] {re:classloading}
	at org.bnjax3.noitacraft.wand.SpellGroup.GetRechargeTimeModifier(SpellGroup.java:62) ~[?:?] {re:classloading}
	at org.bnjax3.noitacraft.wand.SpellGroup.GetRechargeTimeModifier(SpellGroup.java:62) ~[?:?] {re:classloading}
	at org.bnjax3.noitacraft.wand.SpellGroup.GetRechargeTimeModifier(SpellGroup.java:62) ~[?:?] {re:classloading}
	at org.bnjax3.noitacraft.wand.SpellGroup.GetRechargeTimeModifier(SpellGroup.java:62) ~[?:?] {re:classloading}
	at org.bnjax3.noitacraft.wand.SpellGroup.GetRechargeTimeModifier(SpellGroup.java:62) ~[?:?] {re:classloading}
	at org.bnjax3.noitacraft.wand.SpellGroup.GetRechargeTimeModifier(SpellGroup.java:62) ~[?:?] {re:classloading}
	at org.bnjax3.noitacraft.wand.SpellGroup.GetRechargeTimeModifier(SpellGroup.java:62) ~[?:?] {re:classloading}
	at org.bnjax3.noitacraft.wand.SpellGroup.GetRechargeTimeModifier(SpellGroup.java:62) ~[?:?] {re:classloading}
	at org.bnjax3.noitacraft.wand.SpellGroup.GetRechargeTimeModifier(SpellGroup.java:62) ~[?:?] {re:classloading}
	at org.bnjax3.noitacraft.wand.SpellGroup.GetRechargeTimeModifier(SpellGroup.java:62) ~[?:?] {re:classloading}
	at org.bnjax3.noitacraft.wand.SpellGroup.GetRechargeTimeModifier(SpellGroup.java:62) ~[?:?] {re:classloading}
	at org.bnjax3.noitacraft.wand.SpellGroup.GetRechargeTimeModifier(SpellGroup.java:62) ~[?:?] {re:classloading}
	at org.bnjax3.noitacraft.wand.SpellGroup.GetRechargeTimeModifier(SpellGroup.java:62) ~[?:?] {re:classloading}
	at org.bnjax3.noitacraft.wand.SpellGroup.GetRechargeTimeModifier(SpellGroup.java:62) ~[?:?] {re:classloading}
	at org.bnjax3.noitacraft.wand.SpellGroup.GetRechargeTimeModifier(SpellGroup.java:62) ~[?:?] {re:classloading}
	at org.bnjax3.noitacraft.wand.SpellGroup.GetRechargeTimeModifier(SpellGroup.java:62) ~[?:?] {re:classloading}
	at org.bnjax3.noitacraft.wand.SpellGroup.GetRechargeTimeModifier(SpellGroup.java:62) ~[?:?] {re:classloading}
	at org.bnjax3.noitacraft.wand.SpellGroup.GetRechargeTimeModifier(SpellGroup.java:62) ~[?:?] {re:classloading}
	at org.bnjax3.noitacraft.wand.SpellGroup.GetRechargeTimeModifier(SpellGroup.java:62) ~[?:?] {re:classloading}
	at org.bnjax3.noitacraft.wand.SpellGroup.GetRechargeTimeModifier(SpellGroup.java:62) ~[?:?] {re:classloading}
	at org.bnjax3.noitacraft.wand.SpellGroup.GetRechargeTimeModifier(SpellGroup.java:62) ~[?:?] {re:classloading}
	at org.bnjax3.noitacraft.wand.SpellGroup.GetRechargeTimeModifier(SpellGroup.java:62) ~[?:?] {re:classloading}
	at org.bnjax3.noitacraft.wand.SpellGroup.GetRechargeTimeModifier(SpellGroup.java:62) ~[?:?] {re:classloading}
	at org.bnjax3.noitacraft.wand.SpellGroup.GetRechargeTimeModifier(SpellGroup.java:62) ~[?:?] {re:classloading}
	at org.bnjax3.noitacraft.wand.SpellGroup.GetRechargeTimeModifier(SpellGroup.java:62) ~[?:?] {re:classloading}
	at org.bnjax3.noitacraft.wand.SpellGroup.GetRechargeTimeModifier(SpellGroup.java:62) ~[?:?] {re:classloading}
	at org.bnjax3.noitacraft.wand.SpellGroup.GetRechargeTimeModifier(SpellGroup.java:62) ~[?:?] {re:classloading}
	at org.bnjax3.noitacraft.wand.SpellGroup.GetRechargeTimeModifier(SpellGroup.java:62) ~[?:?] {re:classloading}
	at org.bnjax3.noitacraft.wand.SpellGroup.GetRechargeTimeModifier(SpellGroup.java:62) ~[?:?] {re:classloading}
	at org.bnjax3.noitacraft.wand.SpellGroup.GetRechargeTimeModifier(SpellGroup.java:62) ~[?:?] {re:classloading}
	at org.bnjax3.noitacraft.wand.SpellGroup.GetRechargeTimeModifier(SpellGroup.java:62) ~[?:?] {re:classloading}
	at org.bnjax3.noitacraft.wand.SpellGroup.GetRechargeTimeModifier(SpellGroup.java:62) ~[?:?] {re:classloading}
	at org.bnjax3.noitacraft.wand.SpellGroup.GetRechargeTimeModifier(SpellGroup.java:62) ~[?:?] {re:classloading}
	at org.bnjax3.noitacraft.wand.SpellGroup.GetRechargeTimeModifier(SpellGroup.java:62) ~[?:?] {re:classloading}
	at org.bnjax3.noitacraft.wand.SpellGroup.GetRechargeTimeModifier(SpellGroup.java:62) ~[?:?] {re:classloading}
	at org.bnjax3.noitacraft.wand.SpellGroup.GetRechargeTimeModifier(SpellGroup.java:62) ~[?:?] {re:classloading}
	at org.bnjax3.noitacraft.wand.SpellGroup.GetRechargeTimeModifier(SpellGroup.java:62) ~[?:?] {re:classloading}
	at org.bnjax3.noitacraft.wand.SpellGroup.GetRechargeTimeModifier(SpellGroup.java:62) ~[?:?] {re:classloading}
	at org.bnjax3.noitacraft.wand.SpellGroup.GetRechargeTimeModifier(SpellGroup.java:62) ~[?:?] {re:classloading}
	at org.bnjax3.noitacraft.wand.SpellGroup.GetRechargeTimeModifier(SpellGroup.java:62) ~[?:?] {re:classloading}
	at org.bnjax3.noitacraft.wand.SpellGroup.GetRechargeTimeModifier(SpellGroup.java:62) ~[?:?] {re:classloading}
	at org.bnjax3.noitacraft.wand.SpellGroup.GetRechargeTimeModifier(SpellGroup.java:62) ~[?:?] {re:classloading}
	at org.bnjax3.noitacraft.wand.SpellGroup.GetRechargeTimeModifier(SpellGroup.java:62) ~[?:?] {re:classloading}
	at org.bnjax3.noitacraft.wand.SpellGroup.GetRechargeTimeModifier(SpellGroup.java:62) ~[?:?] {re:classloading}
	at org.bnjax3.noitacraft.wand.SpellGroup.GetRechargeTimeModifier(SpellGroup.java:62) ~[?:?] {re:classloading}
	at org.bnjax3.noitacraft.wand.SpellGroup.GetRechargeTimeModifier(SpellGroup.java:62) ~[?:?] {re:classloading}
	at org.bnjax3.noitacraft.wand.SpellGroup.GetRechargeTimeModifier(SpellGroup.java:62) ~[?:?] {re:classloading}
	at org.bnjax3.noitacraft.wand.SpellGroup.GetRechargeTimeModifier(SpellGroup.java:62) ~[?:?] {re:classloading}
	at org.bnjax3.noitacraft.wand.SpellGroup.GetRechargeTimeModifier(SpellGroup.java:62) ~[?:?] {re:classloading}
	at org.bnjax3.noitacraft.wand.SpellGroup.GetRechargeTimeModifier(SpellGroup.java:62) ~[?:?] {re:classloading}
	at org.bnjax3.noitacraft.wand.SpellGroup.GetRechargeTimeModifier(SpellGroup.java:62) ~[?:?] {re:classloading}
	at org.bnjax3.noitacraft.wand.SpellGroup.GetRechargeTimeModifier(SpellGroup.java:62) ~[?:?] {re:classloading}
	at org.bnjax3.noitacraft.wand.SpellGroup.GetRechargeTimeModifier(SpellGroup.java:62) ~[?:?] {re:classloading}
	at org.bnjax3.noitacraft.wand.SpellGroup.GetRechargeTimeModifier(SpellGroup.java:62) ~[?:?] {re:classloading}
	at org.bnjax3.noitacraft.wand.SpellGroup.GetRechargeTimeModifier(SpellGroup.java:62) ~[?:?] {re:classloading}
	at org.bnjax3.noitacraft.wand.SpellGroup.GetRechargeTimeModifier(SpellGroup.java:62) ~[?:?] {re:classloading}
	at org.bnjax3.noitacraft.wand.SpellGroup.GetRechargeTimeModifier(SpellGroup.java:62) ~[?:?] {re:classloading}
	at org.bnjax3.noitacraft.wand.SpellGroup.GetRechargeTimeModifier(SpellGroup.java:62) ~[?:?] {re:classloading}
	at org.bnjax3.noitacraft.wand.SpellGroup.GetRechargeTimeModifier(SpellGroup.java:62) ~[?:?] {re:classloading}
	at org.bnjax3.noitacraft.wand.SpellGroup.GetRechargeTimeModifier(SpellGroup.java:62) ~[?:?] {re:classloading}
	at org.bnjax3.noitacraft.wand.SpellGroup.GetRechargeTimeModifier(SpellGroup.java:62) ~[?:?] {re:classloading}
	at org.bnjax3.noitacraft.wand.SpellGroup.GetRechargeTimeModifier(SpellGroup.java:62) ~[?:?] {re:classloading}
	at org.bnjax3.noitacraft.wand.SpellGroup.GetRechargeTimeModifier(SpellGroup.java:62) ~[?:?] {re:classloading}
	at org.bnjax3.noitacraft.wand.SpellGroup.GetRechargeTimeModifier(SpellGroup.java:62) ~[?:?] {re:classloading}
	at org.bnjax3.noitacraft.wand.SpellGroup.GetRechargeTimeModifier(SpellGroup.java:62) ~[?:?] {re:classloading}
	at org.bnjax3.noitacraft.wand.SpellGroup.GetRechargeTimeModifier(SpellGroup.java:62) ~[?:?] {re:classloading}
	at org.bnjax3.noitacraft.wand.SpellGroup.GetRechargeTimeModifier(SpellGroup.java:62) ~[?:?] {re:classloading}
	at org.bnjax3.noitacraft.wand.SpellGroup.GetRechargeTimeModifier(SpellGroup.java:62) ~[?:?] {re:classloading}
	at org.bnjax3.noitacraft.wand.SpellGroup.GetRechargeTimeModifier(SpellGroup.java:62) ~[?:?] {re:classloading}
	at org.bnjax3.noitacraft.wand.SpellGroup.GetRechargeTimeModifier(SpellGroup.java:62) ~[?:?] {re:classloading}
	at org.bnjax3.noitacraft.wand.SpellGroup.GetRechargeTimeModifier(SpellGroup.java:62) ~[?:?] {re:classloading}
	at org.bnjax3.noitacraft.wand.SpellGroup.GetRechargeTimeModifier(SpellGroup.java:62) ~[?:?] {re:classloading}
	at org.bnjax3.noitacraft.wand.SpellGroup.GetRechargeTimeModifier(SpellGroup.java:62) ~[?:?] {re:classloading}
	at org.bnjax3.noitacraft.wand.SpellGroup.GetRechargeTimeModifier(SpellGroup.java:62) ~[?:?] {re:classloading}
	at org.bnjax3.noitacraft.wand.SpellGroup.GetRechargeTimeModifier(SpellGroup.java:62) ~[?:?] {re:classloading}
	at org.bnjax3.noitacraft.wand.SpellGroup.GetRechargeTimeModifier(SpellGroup.java:62) ~[?:?] {re:classloading}
	at org.bnjax3.noitacraft.wand.SpellGroup.GetRechargeTimeModifier(SpellGroup.java:62) ~[?:?] {re:classloading}
	at org.bnjax3.noitacraft.wand.SpellGroup.GetRechargeTimeModifier(SpellGroup.java:62) ~[?:?] {re:classloading}
	at org.bnjax3.noitacraft.wand.SpellGroup.GetRechargeTimeModifier(SpellGroup.java:62) ~[?:?] {re:classloading}
	at org.bnjax3.noitacraft.wand.SpellGroup.GetRechargeTimeModifier(SpellGroup.java:62) ~[?:?] {re:classloading}
	at org.bnjax3.noitacraft.wand.SpellGroup.GetRechargeTimeModifier(SpellGroup.java:62) ~[?:?] {re:classloading}
	at org.bnjax3.noitacraft.wand.SpellGroup.GetRechargeTimeModifier(SpellGroup.java:62) ~[?:?] {re:classloading}
	at org.bnjax3.noitacraft.wand.SpellGroup.GetRechargeTimeModifier(SpellGroup.java:62) ~[?:?] {re:classloading}
	at org.bnjax3.noitacraft.wand.SpellGroup.GetRechargeTimeModifier(SpellGroup.java:62) ~[?:?] {re:classloading}
	at org.bnjax3.noitacraft.wand.SpellGroup.GetRechargeTimeModifier(SpellGroup.java:62) ~[?:?] {re:classloading}
	at org.bnjax3.noitacraft.wand.SpellGroup.GetRechargeTimeModifier(SpellGroup.java:62) ~[?:?] {re:classloading}
	at org.bnjax3.noitacraft.wand.SpellGroup.GetRechargeTimeModifier(SpellGroup.java:62) ~[?:?] {re:classloading}
	at org.bnjax3.noitacraft.wand.SpellGroup.GetRechargeTimeModifier(SpellGroup.java:62) ~[?:?] {re:classloading}
	at org.bnjax3.noitacraft.wand.SpellGroup.GetRechargeTimeModifier(SpellGroup.java:62) ~[?:?] {re:classloading}
	at org.bnjax3.noitacraft.wand.SpellGroup.GetRechargeTimeModifier(SpellGroup.java:62) ~[?:?] {re:classloading}
	at org.bnjax3.noitacraft.wand.SpellGroup.GetRechargeTimeModifier(SpellGroup.java:62) ~[?:?] {re:classloading}
	at org.bnjax3.noitacraft.wand.SpellGroup.GetRechargeTimeModifier(SpellGroup.java:62) ~[?:?] {re:classloading}
	at org.bnjax3.noitacraft.wand.SpellGroup.GetRechargeTimeModifier(SpellGroup.java:62) ~[?:?] {re:classloading}
	at org.bnjax3.noitacraft.wand.SpellGroup.GetRechargeTimeModifier(SpellGroup.java:62) ~[?:?] {re:classloading}
	at org.bnjax3.noitacraft.wand.SpellGroup.GetRechargeTimeModifier(SpellGroup.java:62) ~[?:?] {re:classloading}
	at org.bnjax3.noitacraft.wand.SpellGroup.GetRechargeTimeModifier(SpellGroup.java:62) ~[?:?] {re:classloading}
	at org.bnjax3.noitacraft.wand.SpellGroup.GetRechargeTimeModifier(SpellGroup.java:62) ~[?:?] {re:classloading}
	at org.bnjax3.noitacraft.wand.SpellGroup.GetRechargeTimeModifier(SpellGroup.java:62) ~[?:?] {re:classloading}
	at org.bnjax3.noitacraft.wand.SpellGroup.GetRechargeTimeModifier(SpellGroup.java:62) ~[?:?] {re:classloading}
	at org.bnjax3.noitacraft.wand.SpellGroup.GetRechargeTimeModifier(SpellGroup.java:62) ~[?:?] {re:classloading}
	at org.bnjax3.noitacraft.wand.SpellGroup.GetRechargeTimeModifier(SpellGroup.java:62) ~[?:?] {re:classloading}
	at org.bnjax3.noitacraft.wand.SpellGroup.GetRechargeTimeModifier(SpellGroup.java:62) ~[?:?] {re:classloading}
	at org.bnjax3.noitacraft.wand.SpellGroup.GetRechargeTimeModifier(SpellGroup.java:62) ~[?:?] {re:classloading}
	at org.bnjax3.noitacraft.wand.SpellGroup.GetRechargeTimeModifier(SpellGroup.java:62) ~[?:?] {re:classloading}
	at org.bnjax3.noitacraft.wand.SpellGroup.GetRechargeTimeModifier(SpellGroup.java:62) ~[?:?] {re:classloading}
	at org.bnjax3.noitacraft.wand.SpellGroup.GetRechargeTimeModifier(SpellGroup.java:62) ~[?:?] {re:classloading}
	at org.bnjax3.noitacraft.wand.SpellGroup.GetRechargeTimeModifier(SpellGroup.java:62) ~[?:?] {re:classloading}
	at org.bnjax3.noitacraft.wand.SpellGroup.GetRechargeTimeModifier(SpellGroup.java:62) ~[?:?] {re:classloading}
	at org.bnjax3.noitacraft.wand.SpellGroup.GetRechargeTimeModifier(SpellGroup.java:62) ~[?:?] {re:classloading}
	at org.bnjax3.noitacraft.wand.SpellGroup.GetRechargeTimeModifier(SpellGroup.java:62) ~[?:?] {re:classloading}
	at org.bnjax3.noitacraft.wand.SpellGroup.GetRechargeTimeModifier(SpellGroup.java:62) ~[?:?] {re:classloading}
	at org.bnjax3.noitacraft.wand.SpellGroup.GetRechargeTimeModifier(SpellGroup.java:62) ~[?:?] {re:classloading}
	at org.bnjax3.noitacraft.wand.SpellGroup.GetRechargeTimeModifier(SpellGroup.java:62) ~[?:?] {re:classloading}
	at org.bnjax3.noitacraft.wand.SpellGroup.GetRechargeTimeModifier(SpellGroup.java:62) ~[?:?] {re:classloading}
	at org.bnjax3.noitacraft.wand.SpellGroup.GetRechargeTimeModifier(SpellGroup.java:62) ~[?:?] {re:classloading}
	at org.bnjax3.noitacraft.wand.SpellGroup.GetRechargeTimeModifier(SpellGroup.java:62) ~[?:?] {re:classloading}
	at org.bnjax3.noitacraft.wand.SpellGroup.GetRechargeTimeModifier(SpellGroup.java:62) ~[?:?] {re:classloading}
	at org.bnjax3.noitacraft.wand.SpellGroup.GetRechargeTimeModifier(SpellGroup.java:62) ~[?:?] {re:classloading}
	at org.bnjax3.noitacraft.wand.SpellGroup.GetRechargeTimeModifier(SpellGroup.java:62) ~[?:?] {re:classloading}
	at org.bnjax3.noitacraft.wand.SpellGroup.GetRechargeTimeModifier(SpellGroup.java:62) ~[?:?] {re:classloading}
	at org.bnjax3.noitacraft.wand.SpellGroup.GetRechargeTimeModifier(SpellGroup.java:62) ~[?:?] {re:classloading}
	at org.bnjax3.noitacraft.wand.SpellGroup.GetRechargeTimeModifier(SpellGroup.java:62) ~[?:?] {re:classloading}
	at org.bnjax3.noitacraft.wand.SpellGroup.GetRechargeTimeModifier(SpellGroup.java:62) ~[?:?] {re:classloading}
	at org.bnjax3.noitacraft.wand.SpellGroup.GetRechargeTimeModifier(SpellGroup.java:62) ~[?:?] {re:classloading}
	at org.bnjax3.noitacraft.wand.SpellGroup.GetRechargeTimeModifier(SpellGroup.java:62) ~[?:?] {re:classloading}
	at org.bnjax3.noitacraft.wand.SpellGroup.GetRechargeTimeModifier(SpellGroup.java:62) ~[?:?] {re:classloading}
	at org.bnjax3.noitacraft.wand.SpellGroup.GetRechargeTimeModifier(SpellGroup.java:62) ~[?:?] {re:classloading}
	at org.bnjax3.noitacraft.wand.SpellGroup.GetRechargeTimeModifier(SpellGroup.java:62) ~[?:?] {re:classloading}
	at org.bnjax3.noitacraft.wand.SpellGroup.GetRechargeTimeModifier(SpellGroup.java:62) ~[?:?] {re:classloading}
	at org.bnjax3.noitacraft.wand.SpellGroup.GetRechargeTimeModifier(SpellGroup.java:62) ~[?:?] {re:classloading}
	at org.bnjax3.noitacraft.wand.SpellGroup.GetRechargeTimeModifier(SpellGroup.java:62) ~[?:?] {re:classloading}
	at org.bnjax3.noitacraft.wand.SpellGroup.GetRechargeTimeModifier(SpellGroup.java:62) ~[?:?] {re:classloading}
	at org.bnjax3.noitacraft.wand.SpellGroup.GetRechargeTimeModifier(SpellGroup.java:62) ~[?:?] {re:classloading}
	at org.bnjax3.noitacraft.wand.SpellGroup.GetRechargeTimeModifier(SpellGroup.java:62) ~[?:?] {re:classloading}
	at org.bnjax3.noitacraft.wand.SpellGroup.GetRechargeTimeModifier(SpellGroup.java:62) ~[?:?] {re:classloading}
	at org.bnjax3.noitacraft.wand.SpellGroup.GetRechargeTimeModifier(SpellGroup.java:62) ~[?:?] {re:classloading}
	at org.bnjax3.noitacraft.wand.SpellGroup.GetRechargeTimeModifier(SpellGroup.java:62) ~[?:?] {re:classloading}
	at org.bnjax3.noitacraft.wand.SpellGroup.GetRechargeTimeModifier(SpellGroup.java:62) ~[?:?] {re:classloading}
	at org.bnjax3.noitacraft.wand.SpellGroup.GetRechargeTimeModifier(SpellGroup.java:62) ~[?:?] {re:classloading}
	at org.bnjax3.noitacraft.wand.SpellGroup.GetRechargeTimeModifier(SpellGroup.java:62) ~[?:?] {re:classloading}
	at org.bnjax3.noitacraft.wand.SpellGroup.GetRechargeTimeModifier(SpellGroup.java:62) ~[?:?] {re:classloading}
	at org.bnjax3.noitacraft.wand.SpellGroup.GetRechargeTimeModifier(SpellGroup.java:62) ~[?:?] {re:classloading}
	at org.bnjax3.noitacraft.wand.SpellGroup.GetRechargeTimeModifier(SpellGroup.java:62) ~[?:?] {re:classloading}
	at org.bnjax3.noitacraft.wand.SpellGroup.GetRechargeTimeModifier(SpellGroup.java:62) ~[?:?] {re:classloading}
	at org.bnjax3.noitacraft.wand.SpellGroup.GetRechargeTimeModifier(SpellGroup.java:62) ~[?:?] {re:classloading}
	at org.bnjax3.noitacraft.wand.SpellGroup.GetRechargeTimeModifier(SpellGroup.java:62) ~[?:?] {re:classloading}
	at org.bnjax3.noitacraft.wand.SpellGroup.GetRechargeTimeModifier(SpellGroup.java:62) ~[?:?] {re:classloading}
	at org.bnjax3.noitacraft.wand.SpellGroup.GetRechargeTimeModifier(SpellGroup.java:62) ~[?:?] {re:classloading}
	at org.bnjax3.noitacraft.wand.SpellGroup.GetRechargeTimeModifier(SpellGroup.java:62) ~[?:?] {re:classloading}
	at org.bnjax3.noitacraft.wand.SpellGroup.GetRechargeTimeModifier(SpellGroup.java:62) ~[?:?] {re:classloading}
	at org.bnjax3.noitacraft.wand.SpellGroup.GetRechargeTimeModifier(SpellGroup.java:62) ~[?:?] {re:classloading}
	at org.bnjax3.noitacraft.wand.SpellGroup.GetRechargeTimeModifier(SpellGroup.java:62) ~[?:?] {re:classloading}
	at org.bnjax3.noitacraft.wand.SpellGroup.GetRechargeTimeModifier(SpellGroup.java:62) ~[?:?] {re:classloading}
	at org.bnjax3.noitacraft.wand.SpellGroup.GetRechargeTimeModifier(SpellGroup.java:62) ~[?:?] {re:classloading}
	at org.bnjax3.noitacraft.wand.SpellGroup.GetRechargeTimeModifier(SpellGroup.java:62) ~[?:?] {re:classloading}
	at org.bnjax3.noitacraft.wand.SpellGroup.GetRechargeTimeModifier(SpellGroup.java:62) ~[?:?] {re:classloading}
	at org.bnjax3.noitacraft.wand.SpellGroup.GetRechargeTimeModifier(SpellGroup.java:62) ~[?:?] {re:classloading}
	at org.bnjax3.noitacraft.wand.SpellGroup.GetRechargeTimeModifier(SpellGroup.java:62) ~[?:?] {re:classloading}
	at org.bnjax3.noitacraft.wand.SpellGroup.GetRechargeTimeModifier(SpellGroup.java:62) ~[?:?] {re:classloading}
	at org.bnjax3.noitacraft.wand.SpellGroup.GetRechargeTimeModifier(SpellGroup.java:62) ~[?:?] {re:classloading}
	at org.bnjax3.noitacraft.wand.SpellGroup.GetRechargeTimeModifier(SpellGroup.java:62) ~[?:?] {re:classloading}
	at org.bnjax3.noitacraft.wand.SpellGroup.GetRechargeTimeModifier(SpellGroup.java:62) ~[?:?] {re:classloading}
	at org.bnjax3.noitacraft.wand.SpellGroup.GetRechargeTimeModifier(SpellGroup.java:62) ~[?:?] {re:classloading}
	at org.bnjax3.noitacraft.wand.SpellGroup.GetRechargeTimeModifier(SpellGroup.java:62) ~[?:?] {re:classloading}
	at org.bnjax3.noitacraft.wand.SpellGroup.GetRechargeTimeModifier(SpellGroup.java:62) ~[?:?] {re:classloading}
	at org.bnjax3.noitacraft.wand.SpellGroup.GetRechargeTimeModifier(SpellGroup.java:62) ~[?:?] {re:classloading}
	at org.bnjax3.noitacraft.wand.SpellGroup.GetRechargeTimeModifier(SpellGroup.java:62) ~[?:?] {re:classloading}
	at org.bnjax3.noitacraft.wand.SpellGroup.GetRechargeTimeModifier(SpellGroup.java:62) ~[?:?] {re:classloading}
	at org.bnjax3.noitacraft.wand.SpellGroup.GetRechargeTimeModifier(SpellGroup.java:62) ~[?:?] {re:classloading}
	at org.bnjax3.noitacraft.wand.SpellGroup.GetRechargeTimeModifier(SpellGroup.java:62) ~[?:?] {re:classloading}
	at org.bnjax3.noitacraft.wand.SpellGroup.GetRechargeTimeModifier(SpellGroup.java:62) ~[?:?] {re:classloading}
	at org.bnjax3.noitacraft.wand.SpellGroup.GetRechargeTimeModifier(SpellGroup.java:62) ~[?:?] {re:classloading}
	at org.bnjax3.noitacraft.wand.SpellGroup.GetRechargeTimeModifier(SpellGroup.java:62) ~[?:?] {re:classloading}
	at org.bnjax3.noitacraft.wand.SpellGroup.GetRechargeTimeModifier(SpellGroup.java:62) ~[?:?] {re:classloading}
	at org.bnjax3.noitacraft.wand.SpellGroup.GetRechargeTimeModifier(SpellGroup.java:62) ~[?:?] {re:classloading}
	at org.bnjax3.noitacraft.wand.SpellGroup.GetRechargeTimeModifier(SpellGroup.java:62) ~[?:?] {re:classloading}
	at org.bnjax3.noitacraft.wand.SpellGroup.GetRechargeTimeModifier(SpellGroup.java:62) ~[?:?] {re:classloading}
	at org.bnjax3.noitacraft.wand.SpellGroup.GetRechargeTimeModifier(SpellGroup.java:62) ~[?:?] {re:classloading}
	at org.bnjax3.noitacraft.wand.SpellGroup.GetRechargeTimeModifier(SpellGroup.java:62) ~[?:?] {re:classloading}
	at org.bnjax3.noitacraft.wand.SpellGroup.GetRechargeTimeModifier(SpellGroup.java:62) ~[?:?] {re:classloading}
	at org.bnjax3.noitacraft.wand.SpellGroup.GetRechargeTimeModifier(SpellGroup.java:62) ~[?:?] {re:classloading}
	at org.bnjax3.noitacraft.wand.SpellGroup.GetRechargeTimeModifier(SpellGroup.java:62) ~[?:?] {re:classloading}
	at org.bnjax3.noitacraft.wand.SpellGroup.GetRechargeTimeModifier(SpellGroup.java:62) ~[?:?] {re:classloading}
	at org.bnjax3.noitacraft.wand.SpellGroup.GetRechargeTimeModifier(SpellGroup.java:62) ~[?:?] {re:classloading}
	at org.bnjax3.noitacraft.wand.SpellGroup.GetRechargeTimeModifier(SpellGroup.java:62) ~[?:?] {re:classloading}
	at org.bnjax3.noitacraft.wand.SpellGroup.GetRechargeTimeModifier(SpellGroup.java:62) ~[?:?] {re:classloading}
	at org.bnjax3.noitacraft.wand.SpellGroup.GetRechargeTimeModifier(SpellGroup.java:62) ~[?:?] {re:classloading}
	at org.bnjax3.noitacraft.wand.SpellGroup.GetRechargeTimeModifier(SpellGroup.java:62) ~[?:?] {re:classloading}
	at org.bnjax3.noitacraft.wand.SpellGroup.GetRechargeTimeModifier(SpellGroup.java:62) ~[?:?] {re:classloading}
	at org.bnjax3.noitacraft.wand.SpellGroup.GetRechargeTimeModifier(SpellGroup.java:62) ~[?:?] {re:classloading}
	at org.bnjax3.noitacraft.wand.SpellGroup.GetRechargeTimeModifier(SpellGroup.java:62) ~[?:?] {re:classloading}
	at org.bnjax3.noitacraft.wand.SpellGroup.GetRechargeTimeModifier(SpellGroup.java:62) ~[?:?] {re:classloading}
	at org.bnjax3.noitacraft.wand.SpellGroup.GetRechargeTimeModifier(SpellGroup.java:62) ~[?:?] {re:classloading}
	at org.bnjax3.noitacraft.wand.SpellGroup.GetRechargeTimeModifier(SpellGroup.java:62) ~[?:?] {re:classloading}
	at org.bnjax3.noitacraft.wand.SpellGroup.GetRechargeTimeModifier(SpellGroup.java:62) ~[?:?] {re:classloading}
	at org.bnjax3.noitacraft.wand.SpellGroup.GetRechargeTimeModifier(SpellGroup.java:62) ~[?:?] {re:classloading}
	at org.bnjax3.noitacraft.wand.SpellGroup.GetRechargeTimeModifier(SpellGroup.java:62) ~[?:?] {re:classloading}
	at org.bnjax3.noitacraft.wand.SpellGroup.GetRechargeTimeModifier(SpellGroup.java:62) ~[?:?] {re:classloading}
	at org.bnjax3.noitacraft.wand.SpellGroup.GetRechargeTimeModifier(SpellGroup.java:62) ~[?:?] {re:classloading}
	at org.bnjax3.noitacraft.wand.SpellGroup.GetRechargeTimeModifier(SpellGroup.java:62) ~[?:?] {re:classloading}
	at org.bnjax3.noitacraft.wand.SpellGroup.GetRechargeTimeModifier(SpellGroup.java:62) ~[?:?] {re:classloading}
	at org.bnjax3.noitacraft.wand.SpellGroup.GetRechargeTimeModifier(SpellGroup.java:62) ~[?:?] {re:classloading}
	at org.bnjax3.noitacraft.wand.SpellGroup.GetRechargeTimeModifier(SpellGroup.java:62) ~[?:?] {re:classloading}
	at org.bnjax3.noitacraft.wand.SpellGroup.GetRechargeTimeModifier(SpellGroup.java:62) ~[?:?] {re:classloading}
	at org.bnjax3.noitacraft.wand.SpellGroup.GetRechargeTimeModifier(SpellGroup.java:62) ~[?:?] {re:classloading}
	at org.bnjax3.noitacraft.wand.SpellGroup.GetRechargeTimeModifier(SpellGroup.java:62) ~[?:?] {re:classloading}
	at org.bnjax3.noitacraft.wand.SpellGroup.GetRechargeTimeModifier(SpellGroup.java:62) ~[?:?] {re:classloading}
	at org.bnjax3.noitacraft.wand.SpellGroup.GetRechargeTimeModifier(SpellGroup.java:62) ~[?:?] {re:classloading}
	at org.bnjax3.noitacraft.wand.SpellGroup.GetRechargeTimeModifier(SpellGroup.java:62) ~[?:?] {re:classloading}
	at org.bnjax3.noitacraft.wand.SpellGroup.GetRechargeTimeModifier(SpellGroup.java:62) ~[?:?] {re:classloading}
	at org.bnjax3.noitacraft.wand.SpellGroup.GetRechargeTimeModifier(SpellGroup.java:62) ~[?:?] {re:classloading}
	at org.bnjax3.noitacraft.wand.SpellGroup.GetRechargeTimeModifier(SpellGroup.java:62) ~[?:?] {re:classloading}
	at org.bnjax3.noitacraft.wand.SpellGroup.GetRechargeTimeModifier(SpellGroup.java:62) ~[?:?] {re:classloading}
	at org.bnjax3.noitacraft.wand.SpellGroup.GetRechargeTimeModifier(SpellGroup.java:62) ~[?:?] {re:classloading}
	at org.bnjax3.noitacraft.wand.SpellGroup.GetRechargeTimeModifier(SpellGroup.java:62) ~[?:?] {re:classloading}
	at org.bnjax3.noitacraft.wand.SpellGroup.GetRechargeTimeModifier(SpellGroup.java:62) ~[?:?] {re:classloading}
	at org.bnjax3.noitacraft.wand.SpellGroup.GetRechargeTimeModifier(SpellGroup.java:62) ~[?:?] {re:classloading}
	at org.bnjax3.noitacraft.wand.SpellGroup.GetRechargeTimeModifier(SpellGroup.java:62) ~[?:?] {re:classloading}
	at org.bnjax3.noitacraft.wand.SpellGroup.GetRechargeTimeModifier(SpellGroup.java:62) ~[?:?] {re:classloading}
	at org.bnjax3.noitacraft.wand.SpellGroup.GetRechargeTimeModifier(SpellGroup.java:62) ~[?:?] {re:classloading}
	at org.bnjax3.noitacraft.wand.SpellGroup.GetRechargeTimeModifier(SpellGroup.java:62) ~[?:?] {re:classloading}
	at org.bnjax3.noitacraft.wand.SpellGroup.GetRechargeTimeModifier(SpellGroup.java:62) ~[?:?] {re:classloading}
	at org.bnjax3.noitacraft.wand.SpellGroup.GetRechargeTimeModifier(SpellGroup.java:62) ~[?:?] {re:classloading}
	at org.bnjax3.noitacraft.wand.SpellGroup.GetRechargeTimeModifier(SpellGroup.java:62) ~[?:?] {re:classloading}
	at org.bnjax3.noitacraft.wand.SpellGroup.GetRechargeTimeModifier(SpellGroup.java:62) ~[?:?] {re:classloading}
	at org.bnjax3.noitacraft.wand.SpellGroup.GetRechargeTimeModifier(SpellGroup.java:62) ~[?:?] {re:classloading}
	at org.bnjax3.noitacraft.wand.SpellGroup.GetRechargeTimeModifier(SpellGroup.java:62) ~[?:?] {re:classloading}
	at org.bnjax3.noitacraft.wand.SpellGroup.GetRechargeTimeModifier(SpellGroup.java:62) ~[?:?] {re:classloading}
	at org.bnjax3.noitacraft.wand.SpellGroup.GetRechargeTimeModifier(SpellGroup.java:62) ~[?:?] {re:classloading}
	at org.bnjax3.noitacraft.wand.SpellGroup.GetRechargeTimeModifier(SpellGroup.java:62) ~[?:?] {re:classloading}
	at org.bnjax3.noitacraft.wand.SpellGroup.GetRechargeTimeModifier(SpellGroup.java:62) ~[?:?] {re:classloading}
	at org.bnjax3.noitacraft.wand.SpellGroup.GetRechargeTimeModifier(SpellGroup.java:62) ~[?:?] {re:classloading}
	at org.bnjax3.noitacraft.wand.SpellGroup.GetRechargeTimeModifier(SpellGroup.java:62) ~[?:?] {re:classloading}
	at org.bnjax3.noitacraft.wand.SpellGroup.GetRechargeTimeModifier(SpellGroup.java:62) ~[?:?] {re:classloading}
	at org.bnjax3.noitacraft.wand.SpellGroup.GetRechargeTimeModifier(SpellGroup.java:62) ~[?:?] {re:classloading}
	at org.bnjax3.noitacraft.wand.SpellGroup.GetRechargeTimeModifier(SpellGroup.java:62) ~[?:?] {re:classloading}
	at org.bnjax3.noitacraft.wand.SpellGroup.GetRechargeTimeModifier(SpellGroup.java:62) ~[?:?] {re:classloading}
	at org.bnjax3.noitacraft.wand.SpellGroup.GetRechargeTimeModifier(SpellGroup.java:62) ~[?:?] {re:classloading}
	at org.bnjax3.noitacraft.wand.SpellGroup.GetRechargeTimeModifier(SpellGroup.java:62) ~[?:?] {re:classloading}
	at org.bnjax3.noitacraft.wand.SpellGroup.GetRechargeTimeModifier(SpellGroup.java:62) ~[?:?] {re:classloading}
	at org.bnjax3.noitacraft.wand.SpellGroup.GetRechargeTimeModifier(SpellGroup.java:62) ~[?:?] {re:classloading}
	at org.bnjax3.noitacraft.wand.SpellGroup.GetRechargeTimeModifier(SpellGroup.java:62) ~[?:?] {re:classloading}
	at org.bnjax3.noitacraft.wand.SpellGroup.GetRechargeTimeModifier(SpellGroup.java:62) ~[?:?] {re:classloading}
	at org.bnjax3.noitacraft.wand.SpellGroup.GetRechargeTimeModifier(SpellGroup.java:62) ~[?:?] {re:classloading}
	at org.bnjax3.noitacraft.wand.SpellGroup.GetRechargeTimeModifier(SpellGroup.java:62) ~[?:?] {re:classloading}
	at org.bnjax3.noitacraft.wand.SpellGroup.GetRechargeTimeModifier(SpellGroup.java:62) ~[?:?] {re:classloading}
	at org.bnjax3.noitacraft.wand.SpellGroup.GetRechargeTimeModifier(SpellGroup.java:62) ~[?:?] {re:classloading}
	at org.bnjax3.noitacraft.wand.SpellGroup.GetRechargeTimeModifier(SpellGroup.java:62) ~[?:?] {re:classloading}
	at org.bnjax3.noitacraft.wand.SpellGroup.GetRechargeTimeModifier(SpellGroup.java:62) ~[?:?] {re:classloading}
	at org.bnjax3.noitacraft.wand.SpellGroup.GetRechargeTimeModifier(SpellGroup.java:62) ~[?:?] {re:classloading}
	at org.bnjax3.noitacraft.wand.SpellGroup.GetRechargeTimeModifier(SpellGroup.java:62) ~[?:?] {re:classloading}
	at org.bnjax3.noitacraft.wand.SpellGroup.GetRechargeTimeModifier(SpellGroup.java:62) ~[?:?] {re:classloading}
	at org.bnjax3.noitacraft.wand.SpellGroup.GetRechargeTimeModifier(SpellGroup.java:62) ~[?:?] {re:classloading}
	at org.bnjax3.noitacraft.wand.SpellGroup.GetRechargeTimeModifier(SpellGroup.java:62) ~[?:?] {re:classloading}
	at org.bnjax3.noitacraft.wand.SpellGroup.GetRechargeTimeModifier(SpellGroup.java:62) ~[?:?] {re:classloading}
	at org.bnjax3.noitacraft.wand.SpellGroup.GetRechargeTimeModifier(SpellGroup.java:62) ~[?:?] {re:classloading}
	at org.bnjax3.noitacraft.wand.SpellGroup.GetRechargeTimeModifier(SpellGroup.java:62) ~[?:?] {re:classloading}
	at org.bnjax3.noitacraft.wand.SpellGroup.GetRechargeTimeModifier(SpellGroup.java:62) ~[?:?] {re:classloading}
	at org.bnjax3.noitacraft.wand.SpellGroup.GetRechargeTimeModifier(SpellGroup.java:62) ~[?:?] {re:classloading}
	at org.bnjax3.noitacraft.wand.SpellGroup.GetRechargeTimeModifier(SpellGroup.java:62) ~[?:?] {re:classloading}
	at org.bnjax3.noitacraft.wand.SpellGroup.GetRechargeTimeModifier(SpellGroup.java:62) ~[?:?] {re:classloading}
	at org.bnjax3.noitacraft.wand.SpellGroup.GetRechargeTimeModifier(SpellGroup.java:62) ~[?:?] {re:classloading}
	at org.bnjax3.noitacraft.wand.SpellGroup.GetRechargeTimeModifier(SpellGroup.java:62) ~[?:?] {re:classloading}
	at org.bnjax3.noitacraft.wand.SpellGroup.GetRechargeTimeModifier(SpellGroup.java:62) ~[?:?] {re:classloading}
	at org.bnjax3.noitacraft.wand.SpellGroup.GetRechargeTimeModifier(SpellGroup.java:62) ~[?:?] {re:classloading}
	at org.bnjax3.noitacraft.wand.SpellGroup.GetRechargeTimeModifier(SpellGroup.java:62) ~[?:?] {re:classloading}
	at org.bnjax3.noitacraft.wand.SpellGroup.GetRechargeTimeModifier(SpellGroup.java:62) ~[?:?] {re:classloading}
	at org.bnjax3.noitacraft.wand.SpellGroup.GetRechargeTimeModifier(SpellGroup.java:62) ~[?:?] {re:classloading}
	at org.bnjax3.noitacraft.wand.SpellGroup.GetRechargeTimeModifier(SpellGroup.java:62) ~[?:?] {re:classloading}
	at org.bnjax3.noitacraft.wand.SpellGroup.GetRechargeTimeModifier(SpellGroup.java:62) ~[?:?] {re:classloading}
	at org.bnjax3.noitacraft.wand.SpellGroup.GetRechargeTimeModifier(SpellGroup.java:62) ~[?:?] {re:classloading}
	at org.bnjax3.noitacraft.wand.SpellGroup.GetRechargeTimeModifier(SpellGroup.java:62) ~[?:?] {re:classloading}
	at org.bnjax3.noitacraft.wand.SpellGroup.GetRechargeTimeModifier(SpellGroup.java:62) ~[?:?] {re:classloading}
	at org.bnjax3.noitacraft.wand.SpellGroup.GetRechargeTimeModifier(SpellGroup.java:62) ~[?:?] {re:classloading}
	at org.bnjax3.noitacraft.wand.SpellGroup.GetRechargeTimeModifier(SpellGroup.java:62) ~[?:?] {re:classloading}
	at org.bnjax3.noitacraft.wand.SpellGroup.GetRechargeTimeModifier(SpellGroup.java:62) ~[?:?] {re:classloading}
	at org.bnjax3.noitacraft.wand.SpellGroup.GetRechargeTimeModifier(SpellGroup.java:62) ~[?:?] {re:classloading}
	at org.bnjax3.noitacraft.wand.SpellGroup.GetRechargeTimeModifier(SpellGroup.java:62) ~[?:?] {re:classloading}
	at org.bnjax3.noitacraft.wand.SpellGroup.GetRechargeTimeModifier(SpellGroup.java:62) ~[?:?] {re:classloading}
	at org.bnjax3.noitacraft.wand.SpellGroup.GetRechargeTimeModifier(SpellGroup.java:62) ~[?:?] {re:classloading}
	at org.bnjax3.noitacraft.wand.SpellGroup.GetRechargeTimeModifier(SpellGroup.java:62) ~[?:?] {re:classloading}
	at org.bnjax3.noitacraft.wand.SpellGroup.GetRechargeTimeModifier(SpellGroup.java:62) ~[?:?] {re:classloading}
	at org.bnjax3.noitacraft.wand.SpellGroup.GetRechargeTimeModifier(SpellGroup.java:62) ~[?:?] {re:classloading}
	at org.bnjax3.noitacraft.wand.SpellGroup.GetRechargeTimeModifier(SpellGroup.java:62) ~[?:?] {re:classloading}
	at org.bnjax3.noitacraft.wand.SpellGroup.GetRechargeTimeModifier(SpellGroup.java:62) ~[?:?] {re:classloading}
	at org.bnjax3.noitacraft.wand.SpellGroup.GetRechargeTimeModifier(SpellGroup.java:62) ~[?:?] {re:classloading}
	at org.bnjax3.noitacraft.wand.SpellGroup.GetRechargeTimeModifier(SpellGroup.java:62) ~[?:?] {re:classloading}
	at org.bnjax3.noitacraft.wand.SpellGroup.GetRechargeTimeModifier(SpellGroup.java:62) ~[?:?] {re:classloading}
	at org.bnjax3.noitacraft.wand.SpellGroup.GetRechargeTimeModifier(SpellGroup.java:62) ~[?:?] {re:classloading}
	at org.bnjax3.noitacraft.wand.SpellGroup.GetRechargeTimeModifier(SpellGroup.java:62) ~[?:?] {re:classloading}
	at org.bnjax3.noitacraft.wand.SpellGroup.GetRechargeTimeModifier(SpellGroup.java:62) ~[?:?] {re:classloading}
	at org.bnjax3.noitacraft.wand.SpellGroup.GetRechargeTimeModifier(SpellGroup.java:62) ~[?:?] {re:classloading}
	at org.bnjax3.noitacraft.wand.SpellGroup.GetRechargeTimeModifier(SpellGroup.java:62) ~[?:?] {re:classloading}
	at org.bnjax3.noitacraft.wand.SpellGroup.GetRechargeTimeModifier(SpellGroup.java:62) ~[?:?] {re:classloading}
	at org.bnjax3.noitacraft.wand.SpellGroup.GetRechargeTimeModifier(SpellGroup.java:62) ~[?:?] {re:classloading}
	at org.bnjax3.noitacraft.wand.SpellGroup.GetRechargeTimeModifier(SpellGroup.java:62) ~[?:?] {re:classloading}
	at org.bnjax3.noitacraft.wand.SpellGroup.GetRechargeTimeModifier(SpellGroup.java:62) ~[?:?] {re:classloading}
	at org.bnjax3.noitacraft.wand.SpellGroup.GetRechargeTimeModifier(SpellGroup.java:62) ~[?:?] {re:classloading}
	at org.bnjax3.noitacraft.wand.SpellGroup.GetRechargeTimeModifier(SpellGroup.java:62) ~[?:?] {re:classloading}
	at org.bnjax3.noitacraft.wand.SpellGroup.GetRechargeTimeModifier(SpellGroup.java:62) ~[?:?] {re:classloading}
	at org.bnjax3.noitacraft.wand.SpellGroup.GetRechargeTimeModifier(SpellGroup.java:62) ~[?:?] {re:classloading}
	at org.bnjax3.noitacraft.wand.SpellGroup.GetRechargeTimeModifier(SpellGroup.java:62) ~[?:?] {re:classloading}
	at org.bnjax3.noitacraft.wand.SpellGroup.GetRechargeTimeModifier(SpellGroup.java:62) ~[?:?] {re:classloading}
	at org.bnjax3.noitacraft.wand.SpellGroup.GetRechargeTimeModifier(SpellGroup.java:62) ~[?:?] {re:classloading}
	at org.bnjax3.noitacraft.wand.SpellGroup.GetRechargeTimeModifier(SpellGroup.java:62) ~[?:?] {re:classloading}
	at org.bnjax3.noitacraft.wand.SpellGroup.GetRechargeTimeModifier(SpellGroup.java:62) ~[?:?] {re:classloading}
	at org.bnjax3.noitacraft.wand.SpellGroup.GetRechargeTimeModifier(SpellGroup.java:62) ~[?:?] {re:classloading}
	at org.bnjax3.noitacraft.wand.SpellGroup.GetRechargeTimeModifier(SpellGroup.java:62) ~[?:?] {re:classloading}
	at org.bnjax3.noitacraft.wand.SpellGroup.GetRechargeTimeModifier(SpellGroup.java:62) ~[?:?] {re:classloading}
	at org.bnjax3.noitacraft.wand.SpellGroup.GetRechargeTimeModifier(SpellGroup.java:62) ~[?:?] {re:classloading}
	at org.bnjax3.noitacraft.wand.SpellGroup.GetRechargeTimeModifier(SpellGroup.java:62) ~[?:?] {re:classloading}
	at org.bnjax3.noitacraft.wand.SpellGroup.GetRechargeTimeModifier(SpellGroup.java:62) ~[?:?] {re:classloading}
	at org.bnjax3.noitacraft.wand.SpellGroup.GetRechargeTimeModifier(SpellGroup.java:62) ~[?:?] {re:classloading}
	at org.bnjax3.noitacraft.wand.SpellGroup.GetRechargeTimeModifier(SpellGroup.java:62) ~[?:?] {re:classloading}
	at org.bnjax3.noitacraft.wand.SpellGroup.GetRechargeTimeModifier(SpellGroup.java:62) ~[?:?] {re:classloading}
	at org.bnjax3.noitacraft.wand.SpellGroup.GetRechargeTimeModifier(SpellGroup.java:62) ~[?:?] {re:classloading}
	at org.bnjax3.noitacraft.wand.SpellGroup.GetRechargeTimeModifier(SpellGroup.java:62) ~[?:?] {re:classloading}
	at org.bnjax3.noitacraft.wand.SpellGroup.GetRechargeTimeModifier(SpellGroup.java:62) ~[?:?] {re:classloading}
	at org.bnjax3.noitacraft.wand.SpellGroup.GetRechargeTimeModifier(SpellGroup.java:62) ~[?:?] {re:classloading}
	at org.bnjax3.noitacraft.wand.SpellGroup.GetRechargeTimeModifier(SpellGroup.java:62) ~[?:?] {re:classloading}
	at org.bnjax3.noitacraft.wand.SpellGroup.GetRechargeTimeModifier(SpellGroup.java:62) ~[?:?] {re:classloading}
	at org.bnjax3.noitacraft.wand.SpellGroup.GetRechargeTimeModifier(SpellGroup.java:62) ~[?:?] {re:classloading}
	at org.bnjax3.noitacraft.wand.SpellGroup.GetRechargeTimeModifier(SpellGroup.java:62) ~[?:?] {re:classloading}
	at org.bnjax3.noitacraft.wand.SpellGroup.GetRechargeTimeModifier(SpellGroup.java:62) ~[?:?] {re:classloading}
	at org.bnjax3.noitacraft.wand.SpellGroup.GetRechargeTimeModifier(SpellGroup.java:62) ~[?:?] {re:classloading}
	at org.bnjax3.noitacraft.wand.SpellGroup.GetRechargeTimeModifier(SpellGroup.java:62) ~[?:?] {re:classloading}
	at org.bnjax3.noitacraft.wand.SpellGroup.GetRechargeTimeModifier(SpellGroup.java:62) ~[?:?] {re:classloading}
	at org.bnjax3.noitacraft.wand.SpellGroup.GetRechargeTimeModifier(SpellGroup.java:62) ~[?:?] {re:classloading}
	at org.bnjax3.noitacraft.wand.SpellGroup.GetRechargeTimeModifier(SpellGroup.java:62) ~[?:?] {re:classloading}
	at org.bnjax3.noitacraft.wand.SpellGroup.GetRechargeTimeModifier(SpellGroup.java:62) ~[?:?] {re:classloading}
	at org.bnjax3.noitacraft.wand.SpellGroup.GetRechargeTimeModifier(SpellGroup.java:62) ~[?:?] {re:classloading}
	at org.bnjax3.noitacraft.wand.SpellGroup.GetRechargeTimeModifier(SpellGroup.java:62) ~[?:?] {re:classloading}
	at org.bnjax3.noitacraft.wand.SpellGroup.GetRechargeTimeModifier(SpellGroup.java:62) ~[?:?] {re:classloading}
	at org.bnjax3.noitacraft.wand.SpellGroup.GetRechargeTimeModifier(SpellGroup.java:62) ~[?:?] {re:classloading}
	at org.bnjax3.noitacraft.wand.SpellGroup.GetRechargeTimeModifier(SpellGroup.java:62) ~[?:?] {re:classloading}
	at org.bnjax3.noitacraft.wand.SpellGroup.GetRechargeTimeModifier(SpellGroup.java:62) ~[?:?] {re:classloading}
	at org.bnjax3.noitacraft.wand.SpellGroup.GetRechargeTimeModifier(SpellGroup.java:62) ~[?:?] {re:classloading}
	at org.bnjax3.noitacraft.wand.SpellGroup.GetRechargeTimeModifier(SpellGroup.java:62) ~[?:?] {re:classloading}
	at org.bnjax3.noitacraft.wand.SpellGroup.GetRechargeTimeModifier(SpellGroup.java:62) ~[?:?] {re:classloading}
	at org.bnjax3.noitacraft.wand.SpellGroup.GetRechargeTimeModifier(SpellGroup.java:62) ~[?:?] {re:classloading}
	at org.bnjax3.noitacraft.wand.SpellGroup.GetRechargeTimeModifier(SpellGroup.java:62) ~[?:?] {re:classloading}
	at org.bnjax3.noitacraft.wand.SpellGroup.GetRechargeTimeModifier(SpellGroup.java:62) ~[?:?] {re:classloading}
	at org.bnjax3.noitacraft.wand.SpellGroup.GetRechargeTimeModifier(SpellGroup.java:62) ~[?:?] {re:classloading}
	at org.bnjax3.noitacraft.wand.SpellGroup.GetRechargeTimeModifier(SpellGroup.java:62) ~[?:?] {re:classloading}
	at org.bnjax3.noitacraft.wand.SpellGroup.GetRechargeTimeModifier(SpellGroup.java:62) ~[?:?] {re:classloading}
	at org.bnjax3.noitacraft.wand.SpellGroup.GetRechargeTimeModifier(SpellGroup.java:62) ~[?:?] {re:classloading}
	at org.bnjax3.noitacraft.wand.SpellGroup.GetRechargeTimeModifier(SpellGroup.java:62) ~[?:?] {re:classloading}
	at org.bnjax3.noitacraft.wand.SpellGroup.GetRechargeTimeModifier(SpellGroup.java:62) ~[?:?] {re:classloading}
	at org.bnjax3.noitacraft.wand.SpellGroup.GetRechargeTimeModifier(SpellGroup.java:62) ~[?:?] {re:classloading}
	at org.bnjax3.noitacraft.wand.SpellGroup.GetRechargeTimeModifier(SpellGroup.java:62) ~[?:?] {re:classloading}
	at org.bnjax3.noitacraft.wand.SpellGroup.GetRechargeTimeModifier(SpellGroup.java:62) ~[?:?] {re:classloading}
	at org.bnjax3.noitacraft.wand.SpellGroup.GetRechargeTimeModifier(SpellGroup.java:62) ~[?:?] {re:classloading}
	at org.bnjax3.noitacraft.wand.SpellGroup.GetRechargeTimeModifier(SpellGroup.java:62) ~[?:?] {re:classloading}
	at org.bnjax3.noitacraft.wand.SpellGroup.GetRechargeTimeModifier(SpellGroup.java:62) ~[?:?] {re:classloading}
	at org.bnjax3.noitacraft.wand.SpellGroup.GetRechargeTimeModifier(SpellGroup.java:62) ~[?:?] {re:classloading}
	at org.bnjax3.noitacraft.wand.SpellGroup.GetRechargeTimeModifier(SpellGroup.java:62) ~[?:?] {re:classloading}
	at org.bnjax3.noitacraft.wand.SpellGroup.GetRechargeTimeModifier(SpellGroup.java:62) ~[?:?] {re:classloading}
	at org.bnjax3.noitacraft.wand.SpellGroup.GetRechargeTimeModifier(SpellGroup.java:62) ~[?:?] {re:classloading}
	at org.bnjax3.noitacraft.wand.SpellGroup.GetRechargeTimeModifier(SpellGroup.java:62) ~[?:?] {re:classloading}
	at org.bnjax3.noitacraft.wand.SpellGroup.GetRechargeTimeModifier(SpellGroup.java:62) ~[?:?] {re:classloading}
	at org.bnjax3.noitacraft.wand.SpellGroup.GetRechargeTimeModifier(SpellGroup.java:62) ~[?:?] {re:classloading}
	at org.bnjax3.noitacraft.wand.SpellGroup.GetRechargeTimeModifier(SpellGroup.java:62) ~[?:?] {re:classloading}
	at org.bnjax3.noitacraft.wand.SpellGroup.GetRechargeTimeModifier(SpellGroup.java:62) ~[?:?] {re:classloading}
	at org.bnjax3.noitacraft.wand.SpellGroup.GetRechargeTimeModifier(SpellGroup.java:62) ~[?:?] {re:classloading}
	at org.bnjax3.noitacraft.wand.SpellGroup.GetRechargeTimeModifier(SpellGroup.java:62) ~[?:?] {re:classloading}
	at org.bnjax3.noitacraft.wand.SpellGroup.GetRechargeTimeModifier(SpellGroup.java:62) ~[?:?] {re:classloading}
	at org.bnjax3.noitacraft.wand.SpellGroup.GetRechargeTimeModifier(SpellGroup.java:62) ~[?:?] {re:classloading}
	at org.bnjax3.noitacraft.wand.SpellGroup.GetRechargeTimeModifier(SpellGroup.java:62) ~[?:?] {re:classloading}
	at org.bnjax3.noitacraft.wand.SpellGroup.GetRechargeTimeModifier(SpellGroup.java:62) ~[?:?] {re:classloading}
	at org.bnjax3.noitacraft.wand.SpellGroup.GetRechargeTimeModifier(SpellGroup.java:62) ~[?:?] {re:classloading}
	at org.bnjax3.noitacraft.wand.SpellGroup.GetRechargeTimeModifier(SpellGroup.java:62) ~[?:?] {re:classloading}
	at org.bnjax3.noitacraft.wand.SpellGroup.GetRechargeTimeModifier(SpellGroup.java:62) ~[?:?] {re:classloading}
	at org.bnjax3.noitacraft.wand.SpellGroup.GetRechargeTimeModifier(SpellGroup.java:62) ~[?:?] {re:classloading}
	at org.bnjax3.noitacraft.wand.SpellGroup.GetRechargeTimeModifier(SpellGroup.java:62) ~[?:?] {re:classloading}
	at org.bnjax3.noitacraft.wand.SpellGroup.GetRechargeTimeModifier(SpellGroup.java:62) ~[?:?] {re:classloading}
	at org.bnjax3.noitacraft.wand.SpellGroup.GetRechargeTimeModifier(SpellGroup.java:62) ~[?:?] {re:classloading}
	at org.bnjax3.noitacraft.wand.SpellGroup.GetRechargeTimeModifier(SpellGroup.java:62) ~[?:?] {re:classloading}
	at org.bnjax3.noitacraft.wand.SpellGroup.GetRechargeTimeModifier(SpellGroup.java:62) ~[?:?] {re:classloading}
	at org.bnjax3.noitacraft.wand.SpellGroup.GetRechargeTimeModifier(SpellGroup.java:62) ~[?:?] {re:classloading}
	at org.bnjax3.noitacraft.wand.SpellGroup.GetRechargeTimeModifier(SpellGroup.java:62) ~[?:?] {re:classloading}
	at org.bnjax3.noitacraft.wand.SpellGroup.GetRechargeTimeModifier(SpellGroup.java:62) ~[?:?] {re:classloading}
	at org.bnjax3.noitacraft.wand.SpellGroup.GetRechargeTimeModifier(SpellGroup.java:62) ~[?:?] {re:classloading}
	at org.bnjax3.noitacraft.wand.SpellGroup.GetRechargeTimeModifier(SpellGroup.java:62) ~[?:?] {re:classloading}
	at org.bnjax3.noitacraft.wand.SpellGroup.GetRechargeTimeModifier(SpellGroup.java:62) ~[?:?] {re:classloading}
	at org.bnjax3.noitacraft.wand.SpellGroup.GetRechargeTimeModifier(SpellGroup.java:62) ~[?:?] {re:classloading}
	at org.bnjax3.noitacraft.wand.SpellGroup.GetRechargeTimeModifier(SpellGroup.java:62) ~[?:?] {re:classloading}
	at org.bnjax3.noitacraft.wand.SpellGroup.GetRechargeTimeModifier(SpellGroup.java:62) ~[?:?] {re:classloading}
	at org.bnjax3.noitacraft.wand.SpellGroup.GetRechargeTimeModifier(SpellGroup.java:62) ~[?:?] {re:classloading}
	at org.bnjax3.noitacraft.wand.SpellGroup.GetRechargeTimeModifier(SpellGroup.java:62) ~[?:?] {re:classloading}
	at org.bnjax3.noitacraft.wand.SpellGroup.GetRechargeTimeModifier(SpellGroup.java:62) ~[?:?] {re:classloading}
	at org.bnjax3.noitacraft.wand.SpellGroup.GetRechargeTimeModifier(SpellGroup.java:62) ~[?:?] {re:classloading}
	at org.bnjax3.noitacraft.wand.SpellGroup.GetRechargeTimeModifier(SpellGroup.java:62) ~[?:?] {re:classloading}
	at org.bnjax3.noitacraft.wand.SpellGroup.GetRechargeTimeModifier(SpellGroup.java:62) ~[?:?] {re:classloading}
	at org.bnjax3.noitacraft.wand.SpellGroup.GetRechargeTimeModifier(SpellGroup.java:62) ~[?:?] {re:classloading}
	at org.bnjax3.noitacraft.wand.SpellGroup.GetRechargeTimeModifier(SpellGroup.java:62) ~[?:?] {re:classloading}
	at org.bnjax3.noitacraft.wand.SpellGroup.GetRechargeTimeModifier(SpellGroup.java:62) ~[?:?] {re:classloading}
	at org.bnjax3.noitacraft.wand.SpellGroup.GetRechargeTimeModifier(SpellGroup.java:62) ~[?:?] {re:classloading}
	at org.bnjax3.noitacraft.wand.SpellGroup.GetRechargeTimeModifier(SpellGroup.java:62) ~[?:?] {re:classloading}
	at org.bnjax3.noitacraft.wand.SpellGroup.GetRechargeTimeModifier(SpellGroup.java:62) ~[?:?] {re:classloading}
	at org.bnjax3.noitacraft.wand.SpellGroup.GetRechargeTimeModifier(SpellGroup.java:62) ~[?:?] {re:classloading}
	at org.bnjax3.noitacraft.wand.SpellGroup.GetRechargeTimeModifier(SpellGroup.java:62) ~[?:?] {re:classloading}
	at org.bnjax3.noitacraft.wand.SpellGroup.GetRechargeTimeModifier(SpellGroup.java:62) ~[?:?] {re:classloading}
	at org.bnjax3.noitacraft.wand.SpellGroup.GetRechargeTimeModifier(SpellGroup.java:62) ~[?:?] {re:classloading}
	at org.bnjax3.noitacraft.wand.SpellGroup.GetRechargeTimeModifier(SpellGroup.java:62) ~[?:?] {re:classloading}
	at org.bnjax3.noitacraft.wand.SpellGroup.GetRechargeTimeModifier(SpellGroup.java:62) ~[?:?] {re:classloading}
	at org.bnjax3.noitacraft.wand.SpellGroup.GetRechargeTimeModifier(SpellGroup.java:62) ~[?:?] {re:classloading}
	at org.bnjax3.noitacraft.wand.SpellGroup.GetRechargeTimeModifier(SpellGroup.java:62) ~[?:?] {re:classloading}
	at org.bnjax3.noitacraft.wand.SpellGroup.GetRechargeTimeModifier(SpellGroup.java:62) ~[?:?] {re:classloading}
	at org.bnjax3.noitacraft.wand.SpellGroup.GetRechargeTimeModifier(SpellGroup.java:62) ~[?:?] {re:classloading}
	at org.bnjax3.noitacraft.wand.SpellGroup.GetRechargeTimeModifier(SpellGroup.java:62) ~[?:?] {re:classloading}
	at org.bnjax3.noitacraft.wand.SpellGroup.GetRechargeTimeModifier(SpellGroup.java:62) ~[?:?] {re:classloading}
	at org.bnjax3.noitacraft.wand.SpellGroup.GetRechargeTimeModifier(SpellGroup.java:62) ~[?:?] {re:classloading}
	at org.bnjax3.noitacraft.wand.SpellGroup.GetRechargeTimeModifier(SpellGroup.java:62) ~[?:?] {re:classloading}
	at org.bnjax3.noitacraft.wand.SpellGroup.GetRechargeTimeModifier(SpellGroup.java:62) ~[?:?] {re:classloading}
	at org.bnjax3.noitacraft.wand.SpellGroup.GetRechargeTimeModifier(SpellGroup.java:62) ~[?:?] {re:classloading}
	at org.bnjax3.noitacraft.wand.SpellGroup.GetRechargeTimeModifier(SpellGroup.java:62) ~[?:?] {re:classloading}
	at org.bnjax3.noitacraft.wand.SpellGroup.GetRechargeTimeModifier(SpellGroup.java:62) ~[?:?] {re:classloading}
	at org.bnjax3.noitacraft.wand.SpellGroup.GetRechargeTimeModifier(SpellGroup.java:62) ~[?:?] {re:classloading}
	at org.bnjax3.noitacraft.wand.SpellGroup.GetRechargeTimeModifier(SpellGroup.java:62) ~[?:?] {re:classloading}
	at org.bnjax3.noitacraft.wand.SpellGroup.GetRechargeTimeModifier(SpellGroup.java:62) ~[?:?] {re:classloading}
	at org.bnjax3.noitacraft.wand.SpellGroup.GetRechargeTimeModifier(SpellGroup.java:62) ~[?:?] {re:classloading}
	at org.bnjax3.noitacraft.wand.SpellGroup.GetRechargeTimeModifier(SpellGroup.java:62) ~[?:?] {re:classloading}
	at org.bnjax3.noitacraft.wand.SpellGroup.GetRechargeTimeModifier(SpellGroup.java:62) ~[?:?] {re:classloading}
	at org.bnjax3.noitacraft.wand.SpellGroup.GetRechargeTimeModifier(SpellGroup.java:62) ~[?:?] {re:classloading}
	at org.bnjax3.noitacraft.wand.SpellGroup.GetRechargeTimeModifier(SpellGroup.java:62) ~[?:?] {re:classloading}
	at org.bnjax3.noitacraft.wand.SpellGroup.GetRechargeTimeModifier(SpellGroup.java:62) ~[?:?] {re:classloading}
	at org.bnjax3.noitacraft.wand.SpellGroup.GetRechargeTimeModifier(SpellGroup.java:62) ~[?:?] {re:classloading}
	at org.bnjax3.noitacraft.wand.SpellGroup.GetRechargeTimeModifier(SpellGroup.java:62) ~[?:?] {re:classloading}
	at org.bnjax3.noitacraft.wand.SpellGroup.GetRechargeTimeModifier(SpellGroup.java:62) ~[?:?] {re:classloading}
	at org.bnjax3.noitacraft.wand.SpellGroup.GetRechargeTimeModifier(SpellGroup.java:62) ~[?:?] {re:classloading}
	at org.bnjax3.noitacraft.wand.SpellGroup.GetRechargeTimeModifier(SpellGroup.java:62) ~[?:?] {re:classloading}
	at org.bnjax3.noitacraft.wand.SpellGroup.GetRechargeTimeModifier(SpellGroup.java:62) ~[?:?] {re:classloading}
	at org.bnjax3.noitacraft.wand.SpellGroup.GetRechargeTimeModifier(SpellGroup.java:62) ~[?:?] {re:classloading}
	at org.bnjax3.noitacraft.wand.SpellGroup.GetRechargeTimeModifier(SpellGroup.java:62) ~[?:?] {re:classloading}
	at org.bnjax3.noitacraft.wand.SpellGroup.GetRechargeTimeModifier(SpellGroup.java:62) ~[?:?] {re:classloading}
	at org.bnjax3.noitacraft.wand.SpellGroup.GetRechargeTimeModifier(SpellGroup.java:62) ~[?:?] {re:classloading}
	at org.bnjax3.noitacraft.wand.SpellGroup.GetRechargeTimeModifier(SpellGroup.java:62) ~[?:?] {re:classloading}
	at org.bnjax3.noitacraft.wand.SpellGroup.GetRechargeTimeModifier(SpellGroup.java:62) ~[?:?] {re:classloading}
	at org.bnjax3.noitacraft.wand.SpellGroup.GetRechargeTimeModifier(SpellGroup.java:62) ~[?:?] {re:classloading}
	at org.bnjax3.noitacraft.wand.SpellGroup.GetRechargeTimeModifier(SpellGroup.java:62) ~[?:?] {re:classloading}
	at org.bnjax3.noitacraft.wand.SpellGroup.GetRechargeTimeModifier(SpellGroup.java:62) ~[?:?] {re:classloading}
	at org.bnjax3.noitacraft.wand.SpellGroup.GetRechargeTimeModifier(SpellGroup.java:62) ~[?:?] {re:classloading}
	at org.bnjax3.noitacraft.wand.SpellGroup.GetRechargeTimeModifier(SpellGroup.java:62) ~[?:?] {re:classloading}
	at org.bnjax3.noitacraft.wand.SpellGroup.GetRechargeTimeModifier(SpellGroup.java:62) ~[?:?] {re:classloading}
	at org.bnjax3.noitacraft.wand.SpellGroup.GetRechargeTimeModifier(SpellGroup.java:62) ~[?:?] {re:classloading}
	at org.bnjax3.noitacraft.wand.SpellGroup.GetRechargeTimeModifier(SpellGroup.java:62) ~[?:?] {re:classloading}
	at org.bnjax3.noitacraft.wand.SpellGroup.GetRechargeTimeModifier(SpellGroup.java:62) ~[?:?] {re:classloading}
	at org.bnjax3.noitacraft.wand.SpellGroup.GetRechargeTimeModifier(SpellGroup.java:62) ~[?:?] {re:classloading}
	at org.bnjax3.noitacraft.wand.SpellGroup.GetRechargeTimeModifier(SpellGroup.java:62) ~[?:?] {re:classloading}
	at org.bnjax3.noitacraft.wand.SpellGroup.GetRechargeTimeModifier(SpellGroup.java:62) ~[?:?] {re:classloading}
	at org.bnjax3.noitacraft.wand.SpellGroup.GetRechargeTimeModifier(SpellGroup.java:62) ~[?:?] {re:classloading}
	at org.bnjax3.noitacraft.wand.SpellGroup.GetRechargeTimeModifier(SpellGroup.java:62) ~[?:?] {re:classloading}
	at org.bnjax3.noitacraft.wand.SpellGroup.GetRechargeTimeModifier(SpellGroup.java:62) ~[?:?] {re:classloading}
	at org.bnjax3.noitacraft.wand.SpellGroup.GetRechargeTimeModifier(SpellGroup.java:62) ~[?:?] {re:classloading}
	at org.bnjax3.noitacraft.wand.SpellGroup.GetRechargeTimeModifier(SpellGroup.java:62) ~[?:?] {re:classloading}
	at org.bnjax3.noitacraft.wand.SpellGroup.GetRechargeTimeModifier(SpellGroup.java:62) ~[?:?] {re:classloading}
	at org.bnjax3.noitacraft.wand.SpellGroup.GetRechargeTimeModifier(SpellGroup.java:62) ~[?:?] {re:classloading}
	at org.bnjax3.noitacraft.wand.SpellGroup.GetRechargeTimeModifier(SpellGroup.java:62) ~[?:?] {re:classloading}
	at org.bnjax3.noitacraft.wand.SpellGroup.GetRechargeTimeModifier(SpellGroup.java:62) ~[?:?] {re:classloading}
	at org.bnjax3.noitacraft.wand.SpellGroup.GetRechargeTimeModifier(SpellGroup.java:62) ~[?:?] {re:classloading}
	at org.bnjax3.noitacraft.wand.SpellGroup.GetRechargeTimeModifier(SpellGroup.java:62) ~[?:?] {re:classloading}
	at org.bnjax3.noitacraft.wand.SpellGroup.GetRechargeTimeModifier(SpellGroup.java:62) ~[?:?] {re:classloading}
	at org.bnjax3.noitacraft.wand.SpellGroup.GetRechargeTimeModifier(SpellGroup.java:62) ~[?:?] {re:classloading}
	at org.bnjax3.noitacraft.wand.SpellGroup.GetRechargeTimeModifier(SpellGroup.java:62) ~[?:?] {re:classloading}
	at org.bnjax3.noitacraft.wand.SpellGroup.GetRechargeTimeModifier(SpellGroup.java:62) ~[?:?] {re:classloading}
	at org.bnjax3.noitacraft.wand.SpellGroup.GetRechargeTimeModifier(SpellGroup.java:62) ~[?:?] {re:classloading}
	at org.bnjax3.noitacraft.wand.SpellGroup.GetRechargeTimeModifier(SpellGroup.java:62) ~[?:?] {re:classloading}
	at org.bnjax3.noitacraft.wand.SpellGroup.GetRechargeTimeModifier(SpellGroup.java:62) ~[?:?] {re:classloading}
	at org.bnjax3.noitacraft.wand.SpellGroup.GetRechargeTimeModifier(SpellGroup.java:62) ~[?:?] {re:classloading}
	at org.bnjax3.noitacraft.wand.SpellGroup.GetRechargeTimeModifier(SpellGroup.java:62) ~[?:?] {re:classloading}
	at org.bnjax3.noitacraft.wand.SpellGroup.GetRechargeTimeModifier(SpellGroup.java:62) ~[?:?] {re:classloading}
	at org.bnjax3.noitacraft.wand.SpellGroup.GetRechargeTimeModifier(SpellGroup.java:62) ~[?:?] {re:classloading}
	at org.bnjax3.noitacraft.wand.SpellGroup.GetRechargeTimeModifier(SpellGroup.java:62) ~[?:?] {re:classloading}
	at org.bnjax3.noitacraft.wand.SpellGroup.GetRechargeTimeModifier(SpellGroup.java:62) ~[?:?] {re:classloading}
	at org.bnjax3.noitacraft.wand.SpellGroup.GetRechargeTimeModifier(SpellGroup.java:62) ~[?:?] {re:classloading}
	at org.bnjax3.noitacraft.wand.SpellGroup.GetRechargeTimeModifier(SpellGroup.java:62) ~[?:?] {re:classloading}
	at org.bnjax3.noitacraft.wand.SpellGroup.GetRechargeTimeModifier(SpellGroup.java:62) ~[?:?] {re:classloading}
	at org.bnjax3.noitacraft.wand.SpellGroup.GetRechargeTimeModifier(SpellGroup.java:62) ~[?:?] {re:classloading}
	at org.bnjax3.noitacraft.wand.SpellGroup.GetRechargeTimeModifier(SpellGroup.java:62) ~[?:?] {re:classloading}
	at org.bnjax3.noitacraft.wand.SpellGroup.GetRechargeTimeModifier(SpellGroup.java:62) ~[?:?] {re:classloading}
	at org.bnjax3.noitacraft.wand.SpellGroup.GetRechargeTimeModifier(SpellGroup.java:62) ~[?:?] {re:classloading}
	at org.bnjax3.noitacraft.wand.SpellGroup.GetRechargeTimeModifier(SpellGroup.java:62) ~[?:?] {re:classloading}
	at org.bnjax3.noitacraft.wand.SpellGroup.GetRechargeTimeModifier(SpellGroup.java:62) ~[?:?] {re:classloading}
	at org.bnjax3.noitacraft.wand.SpellGroup.GetRechargeTimeModifier(SpellGroup.java:62) ~[?:?] {re:classloading}
	at org.bnjax3.noitacraft.wand.SpellGroup.GetRechargeTimeModifier(SpellGroup.java:62) ~[?:?] {re:classloading}
	at org.bnjax3.noitacraft.wand.SpellGroup.GetRechargeTimeModifier(SpellGroup.java:62) ~[?:?] {re:classloading}
	at org.bnjax3.noitacraft.wand.SpellGroup.GetRechargeTimeModifier(SpellGroup.java:62) ~[?:?] {re:classloading}
	at org.bnjax3.noitacraft.wand.SpellGroup.GetRechargeTimeModifier(SpellGroup.java:62) ~[?:?] {re:classloading}
	at org.bnjax3.noitacraft.wand.SpellGroup.GetRechargeTimeModifier(SpellGroup.java:62) ~[?:?] {re:classloading}
	at org.bnjax3.noitacraft.wand.SpellGroup.GetRechargeTimeModifier(SpellGroup.java:62) ~[?:?] {re:classloading}
	at org.bnjax3.noitacraft.wand.SpellGroup.GetRechargeTimeModifier(SpellGroup.java:62) ~[?:?] {re:classloading}
	at org.bnjax3.noitacraft.wand.SpellGroup.GetRechargeTimeModifier(SpellGroup.java:62) ~[?:?] {re:classloading}
	at org.bnjax3.noitacraft.wand.SpellGroup.GetRechargeTimeModifier(SpellGroup.java:62) ~[?:?] {re:classloading}
	at org.bnjax3.noitacraft.wand.SpellGroup.GetRechargeTimeModifier(SpellGroup.java:62) ~[?:?] {re:classloading}
	at org.bnjax3.noitacraft.wand.SpellGroup.GetRechargeTimeModifier(SpellGroup.java:62) ~[?:?] {re:classloading}
	at org.bnjax3.noitacraft.wand.SpellGroup.GetRechargeTimeModifier(SpellGroup.java:62) ~[?:?] {re:classloading}
	at org.bnjax3.noitacraft.wand.SpellGroup.GetRechargeTimeModifier(SpellGroup.java:62) ~[?:?] {re:classloading}
	at org.bnjax3.noitacraft.wand.SpellGroup.GetRechargeTimeModifier(SpellGroup.java:62) ~[?:?] {re:classloading}
	at org.bnjax3.noitacraft.wand.SpellGroup.GetRechargeTimeModifier(SpellGroup.java:62) ~[?:?] {re:classloading}
	at org.bnjax3.noitacraft.wand.SpellGroup.GetRechargeTimeModifier(SpellGroup.java:62) ~[?:?] {re:classloading}
	at org.bnjax3.noitacraft.wand.SpellGroup.GetRechargeTimeModifier(SpellGroup.java:62) ~[?:?] {re:classloading}
	at org.bnjax3.noitacraft.wand.SpellGroup.GetRechargeTimeModifier(SpellGroup.java:62) ~[?:?] {re:classloading}
	at org.bnjax3.noitacraft.wand.SpellGroup.GetRechargeTimeModifier(SpellGroup.java:62) ~[?:?] {re:classloading}
	at org.bnjax3.noitacraft.wand.SpellGroup.GetRechargeTimeModifier(SpellGroup.java:62) ~[?:?] {re:classloading}
	at org.bnjax3.noitacraft.wand.SpellGroup.GetRechargeTimeModifier(SpellGroup.java:62) ~[?:?] {re:classloading}
	at org.bnjax3.noitacraft.wand.SpellGroup.GetRechargeTimeModifier(SpellGroup.java:62) ~[?:?] {re:classloading}
	at org.bnjax3.noitacraft.wand.SpellGroup.GetRechargeTimeModifier(SpellGroup.java:62) ~[?:?] {re:classloading}
	at org.bnjax3.noitacraft.wand.SpellGroup.GetRechargeTimeModifier(SpellGroup.java:62) ~[?:?] {re:classloading}
	at org.bnjax3.noitacraft.wand.SpellGroup.GetRechargeTimeModifier(SpellGroup.java:62) ~[?:?] {re:classloading}
	at org.bnjax3.noitacraft.wand.SpellGroup.GetRechargeTimeModifier(SpellGroup.java:62) ~[?:?] {re:classloading}
	at org.bnjax3.noitacraft.wand.SpellGroup.GetRechargeTimeModifier(SpellGroup.java:62) ~[?:?] {re:classloading}
	at org.bnjax3.noitacraft.wand.SpellGroup.GetRechargeTimeModifier(SpellGroup.java:62) ~[?:?] {re:classloading}
	at org.bnjax3.noitacraft.wand.SpellGroup.GetRechargeTimeModifier(SpellGroup.java:62) ~[?:?] {re:classloading}
	at org.bnjax3.noitacraft.wand.SpellGroup.GetRechargeTimeModifier(SpellGroup.java:62) ~[?:?] {re:classloading}
	at org.bnjax3.noitacraft.wand.SpellGroup.GetRechargeTimeModifier(SpellGroup.java:62) ~[?:?] {re:classloading}
	at org.bnjax3.noitacraft.wand.SpellGroup.GetRechargeTimeModifier(SpellGroup.java:62) ~[?:?] {re:classloading}
	at org.bnjax3.noitacraft.wand.SpellGroup.GetRechargeTimeModifier(SpellGroup.java:62) ~[?:?] {re:classloading}
	at org.bnjax3.noitacraft.wand.SpellGroup.GetRechargeTimeModifier(SpellGroup.java:62) ~[?:?] {re:classloading}
	at org.bnjax3.noitacraft.wand.SpellGroup.GetRechargeTimeModifier(SpellGroup.java:62) ~[?:?] {re:classloading}
	at org.bnjax3.noitacraft.wand.SpellGroup.GetRechargeTimeModifier(SpellGroup.java:62) ~[?:?] {re:classloading}
	at org.bnjax3.noitacraft.wand.SpellGroup.GetRechargeTimeModifier(SpellGroup.java:62) ~[?:?] {re:classloading}
	at org.bnjax3.noitacraft.wand.SpellGroup.GetRechargeTimeModifier(SpellGroup.java:62) ~[?:?] {re:classloading}
	at org.bnjax3.noitacraft.wand.SpellGroup.GetRechargeTimeModifier(SpellGroup.java:62) ~[?:?] {re:classloading}
	at org.bnjax3.noitacraft.wand.SpellGroup.GetRechargeTimeModifier(SpellGroup.java:62) ~[?:?] {re:classloading}
	at org.bnjax3.noitacraft.wand.SpellGroup.GetRechargeTimeModifier(SpellGroup.java:62) ~[?:?] {re:classloading}
	at org.bnjax3.noitacraft.wand.SpellGroup.GetRechargeTimeModifier(SpellGroup.java:62) ~[?:?] {re:classloading}
	at org.bnjax3.noitacraft.wand.SpellGroup.GetRechargeTimeModifier(SpellGroup.java:62) ~[?:?] {re:classloading}
	at org.bnjax3.noitacraft.wand.SpellGroup.GetRechargeTimeModifier(SpellGroup.java:62) ~[?:?] {re:classloading}
	at org.bnjax3.noitacraft.wand.SpellGroup.GetRechargeTimeModifier(SpellGroup.java:62) ~[?:?] {re:classloading}
	at org.bnjax3.noitacraft.wand.SpellGroup.GetRechargeTimeModifier(SpellGroup.java:62) ~[?:?] {re:classloading}
	at org.bnjax3.noitacraft.wand.SpellGroup.GetRechargeTimeModifier(SpellGroup.java:62) ~[?:?] {re:classloading}
	at org.bnjax3.noitacraft.wand.SpellGroup.GetRechargeTimeModifier(SpellGroup.java:62) ~[?:?] {re:classloading}
	at org.bnjax3.noitacraft.wand.SpellGroup.GetRechargeTimeModifier(SpellGroup.java:62) ~[?:?] {re:classloading}
	at org.bnjax3.noitacraft.wand.SpellGroup.GetRechargeTimeModifier(SpellGroup.java:62) ~[?:?] {re:classloading}
	at org.bnjax3.noitacraft.wand.SpellGroup.GetRechargeTimeModifier(SpellGroup.java:62) ~[?:?] {re:classloading}
	at org.bnjax3.noitacraft.wand.SpellGroup.GetRechargeTimeModifier(SpellGroup.java:62) ~[?:?] {re:classloading}
	at org.bnjax3.noitacraft.wand.SpellGroup.GetRechargeTimeModifier(SpellGroup.java:62) ~[?:?] {re:classloading}
	at org.bnjax3.noitacraft.wand.SpellGroup.GetRechargeTimeModifier(SpellGroup.java:62) ~[?:?] {re:classloading}
	at org.bnjax3.noitacraft.wand.SpellGroup.GetRechargeTimeModifier(SpellGroup.java:62) ~[?:?] {re:classloading}
	at org.bnjax3.noitacraft.wand.SpellGroup.GetRechargeTimeModifier(SpellGroup.java:62) ~[?:?] {re:classloading}
	at org.bnjax3.noitacraft.wand.SpellGroup.GetRechargeTimeModifier(SpellGroup.java:62) ~[?:?] {re:classloading}
	at org.bnjax3.noitacraft.wand.SpellGroup.GetRechargeTimeModifier(SpellGroup.java:62) ~[?:?] {re:classloading}
	at org.bnjax3.noitacraft.wand.SpellGroup.GetRechargeTimeModifier(SpellGroup.java:62) ~[?:?] {re:classloading}
	at org.bnjax3.noitacraft.wand.SpellGroup.GetRechargeTimeModifier(SpellGroup.java:62) ~[?:?] {re:classloading}
	at org.bnjax3.noitacraft.wand.SpellGroup.GetRechargeTimeModifier(SpellGroup.java:62) ~[?:?] {re:classloading}
	at org.bnjax3.noitacraft.wand.SpellGroup.GetRechargeTimeModifier(SpellGroup.java:62) ~[?:?] {re:classloading}
	at org.bnjax3.noitacraft.wand.SpellGroup.GetRechargeTimeModifier(SpellGroup.java:62) ~[?:?] {re:classloading}
	at org.bnjax3.noitacraft.wand.SpellGroup.GetRechargeTimeModifier(SpellGroup.java:62) ~[?:?] {re:classloading}
	at org.bnjax3.noitacraft.wand.SpellGroup.GetRechargeTimeModifier(SpellGroup.java:62) ~[?:?] {re:classloading}
	at org.bnjax3.noitacraft.wand.SpellGroup.GetRechargeTimeModifier(SpellGroup.java:62) ~[?:?] {re:classloading}
	at org.bnjax3.noitacraft.wand.SpellGroup.GetRechargeTimeModifier(SpellGroup.java:62) ~[?:?] {re:classloading}
	at org.bnjax3.noitacraft.wand.SpellGroup.GetRechargeTimeModifier(SpellGroup.java:62) ~[?:?] {re:classloading}
	at org.bnjax3.noitacraft.wand.SpellGroup.GetRechargeTimeModifier(SpellGroup.java:62) ~[?:?] {re:classloading}
	at org.bnjax3.noitacraft.wand.SpellGroup.GetRechargeTimeModifier(SpellGroup.java:62) ~[?:?] {re:classloading}
	at org.bnjax3.noitacraft.wand.SpellGroup.GetRechargeTimeModifier(SpellGroup.java:62) ~[?:?] {re:classloading}
	at org.bnjax3.noitacraft.wand.SpellGroup.GetRechargeTimeModifier(SpellGroup.java:62) ~[?:?] {re:classloading}
	at org.bnjax3.noitacraft.wand.SpellGroup.GetRechargeTimeModifier(SpellGroup.java:62) ~[?:?] {re:classloading}
	at org.bnjax3.noitacraft.wand.SpellGroup.GetRechargeTimeModifier(SpellGroup.java:62) ~[?:?] {re:classloading}
	at org.bnjax3.noitacraft.wand.SpellGroup.GetRechargeTimeModifier(SpellGroup.java:62) ~[?:?] {re:classloading}
	at org.bnjax3.noitacraft.wand.SpellGroup.GetRechargeTimeModifier(SpellGroup.java:62) ~[?:?] {re:classloading}
	at org.bnjax3.noitacraft.wand.SpellGroup.GetRechargeTimeModifier(SpellGroup.java:62) ~[?:?] {re:classloading}
	at org.bnjax3.noitacraft.wand.SpellGroup.GetRechargeTimeModifier(SpellGroup.java:62) ~[?:?] {re:classloading}
	at org.bnjax3.noitacraft.wand.SpellGroup.GetRechargeTimeModifier(SpellGroup.java:62) ~[?:?] {re:classloading}
	at org.bnjax3.noitacraft.wand.SpellGroup.GetRechargeTimeModifier(SpellGroup.java:62) ~[?:?] {re:classloading}
	at org.bnjax3.noitacraft.wand.SpellGroup.GetRechargeTimeModifier(SpellGroup.java:62) ~[?:?] {re:classloading}
	at org.bnjax3.noitacraft.wand.SpellGroup.GetRechargeTimeModifier(SpellGroup.java:62) ~[?:?] {re:classloading}
	at org.bnjax3.noitacraft.wand.SpellGroup.GetRechargeTimeModifier(SpellGroup.java:62) ~[?:?] {re:classloading}
	at org.bnjax3.noitacraft.wand.SpellGroup.GetRechargeTimeModifier(SpellGroup.java:62) ~[?:?] {re:classloading}
	at org.bnjax3.noitacraft.wand.SpellGroup.GetRechargeTimeModifier(SpellGroup.java:62) ~[?:?] {re:classloading}
	at org.bnjax3.noitacraft.wand.SpellGroup.GetRechargeTimeModifier(SpellGroup.java:62) ~[?:?] {re:classloading}
	at org.bnjax3.noitacraft.wand.SpellGroup.GetRechargeTimeModifier(SpellGroup.java:62) ~[?:?] {re:classloading}
	at org.bnjax3.noitacraft.wand.SpellGroup.GetRechargeTimeModifier(SpellGroup.java:62) ~[?:?] {re:classloading}
	at org.bnjax3.noitacraft.wand.SpellGroup.GetRechargeTimeModifier(SpellGroup.java:62) ~[?:?] {re:classloading}
	at org.bnjax3.noitacraft.wand.SpellGroup.GetRechargeTimeModifier(SpellGroup.java:62) ~[?:?] {re:classloading}
	at org.bnjax3.noitacraft.wand.SpellGroup.GetRechargeTimeModifier(SpellGroup.java:62) ~[?:?] {re:classloading}
	at org.bnjax3.noitacraft.wand.SpellGroup.GetRechargeTimeModifier(SpellGroup.java:62) ~[?:?] {re:classloading}
	at org.bnjax3.noitacraft.wand.SpellGroup.GetRechargeTimeModifier(SpellGroup.java:62) ~[?:?] {re:classloading}
	at org.bnjax3.noitacraft.wand.SpellGroup.GetRechargeTimeModifier(SpellGroup.java:62) ~[?:?] {re:classloading}
	at org.bnjax3.noitacraft.wand.SpellGroup.GetRechargeTimeModifier(SpellGroup.java:62) ~[?:?] {re:classloading}
	at org.bnjax3.noitacraft.wand.SpellGroup.GetRechargeTimeModifier(SpellGroup.java:62) ~[?:?] {re:classloading}
	at org.bnjax3.noitacraft.wand.SpellGroup.GetRechargeTimeModifier(SpellGroup.java:62) ~[?:?] {re:classloading}
	at org.bnjax3.noitacraft.wand.SpellGroup.GetRechargeTimeModifier(SpellGroup.java:62) ~[?:?] {re:classloading}
	at org.bnjax3.noitacraft.wand.SpellGroup.GetRechargeTimeModifier(SpellGroup.java:62) ~[?:?] {re:classloading}
	at org.bnjax3.noitacraft.wand.SpellGroup.GetRechargeTimeModifier(SpellGroup.java:62) ~[?:?] {re:classloading}
	at org.bnjax3.noitacraft.wand.SpellGroup.GetRechargeTimeModifier(SpellGroup.java:62) ~[?:?] {re:classloading}
	at org.bnjax3.noitacraft.wand.SpellGroup.GetRechargeTimeModifier(SpellGroup.java:62) ~[?:?] {re:classloading}
	at org.bnjax3.noitacraft.wand.SpellGroup.GetRechargeTimeModifier(SpellGroup.java:62) ~[?:?] {re:classloading}
	at org.bnjax3.noitacraft.wand.SpellGroup.GetRechargeTimeModifier(SpellGroup.java:62) ~[?:?] {re:classloading}
	at org.bnjax3.noitacraft.wand.SpellGroup.GetRechargeTimeModifier(SpellGroup.java:62) ~[?:?] {re:classloading}
	at org.bnjax3.noitacraft.wand.SpellGroup.GetRechargeTimeModifier(SpellGroup.java:62) ~[?:?] {re:classloading}
	at org.bnjax3.noitacraft.wand.SpellGroup.GetRechargeTimeModifier(SpellGroup.java:62) ~[?:?] {re:classloading}
	at org.bnjax3.noitacraft.wand.SpellGroup.GetRechargeTimeModifier(SpellGroup.java:62) ~[?:?] {re:classloading}
	at org.bnjax3.noitacraft.wand.SpellGroup.GetRechargeTimeModifier(SpellGroup.java:62) ~[?:?] {re:classloading}
	at org.bnjax3.noitacraft.wand.SpellGroup.GetRechargeTimeModifier(SpellGroup.java:62) ~[?:?] {re:classloading}
	at org.bnjax3.noitacraft.wand.SpellGroup.GetRechargeTimeModifier(SpellGroup.java:62) ~[?:?] {re:classloading}
	at org.bnjax3.noitacraft.wand.SpellGroup.GetRechargeTimeModifier(SpellGroup.java:62) ~[?:?] {re:classloading}
	at org.bnjax3.noitacraft.wand.SpellGroup.GetRechargeTimeModifier(SpellGroup.java:62) ~[?:?] {re:classloading}
	at org.bnjax3.noitacraft.wand.SpellGroup.GetRechargeTimeModifier(SpellGroup.java:62) ~[?:?] {re:classloading}
	at org.bnjax3.noitacraft.wand.SpellGroup.GetRechargeTimeModifier(SpellGroup.java:62) ~[?:?] {re:classloading}
	at org.bnjax3.noitacraft.wand.SpellGroup.GetRechargeTimeModifier(SpellGroup.java:62) ~[?:?] {re:classloading}
	at org.bnjax3.noitacraft.wand.SpellGroup.GetRechargeTimeModifier(SpellGroup.java:62) ~[?:?] {re:classloading}
	at org.bnjax3.noitacraft.wand.SpellGroup.GetRechargeTimeModifier(SpellGroup.java:62) ~[?:?] {re:classloading}
	at org.bnjax3.noitacraft.wand.SpellGroup.GetRechargeTimeModifier(SpellGroup.java:62) ~[?:?] {re:classloading}
	at org.bnjax3.noitacraft.wand.SpellGroup.GetRechargeTimeModifier(SpellGroup.java:62) ~[?:?] {re:classloading}
	at org.bnjax3.noitacraft.wand.SpellGroup.GetRechargeTimeModifier(SpellGroup.java:62) ~[?:?] {re:classloading}
	at org.bnjax3.noitacraft.wand.SpellGroup.GetRechargeTimeModifier(SpellGroup.java:62) ~[?:?] {re:classloading}
	at org.bnjax3.noitacraft.wand.SpellGroup.GetRechargeTimeModifier(SpellGroup.java:62) ~[?:?] {re:classloading}
	at org.bnjax3.noitacraft.wand.SpellGroup.GetRechargeTimeModifier(SpellGroup.java:62) ~[?:?] {re:classloading}
	at org.bnjax3.noitacraft.wand.SpellGroup.GetRechargeTimeModifier(SpellGroup.java:62) ~[?:?] {re:classloading}
	at org.bnjax3.noitacraft.wand.SpellGroup.GetRechargeTimeModifier(SpellGroup.java:62) ~[?:?] {re:classloading}
	at org.bnjax3.noitacraft.wand.SpellGroup.GetRechargeTimeModifier(SpellGroup.java:62) ~[?:?] {re:classloading}
	at org.bnjax3.noitacraft.wand.SpellGroup.GetRechargeTimeModifier(SpellGroup.java:62) ~[?:?] {re:classloading}
	at org.bnjax3.noitacraft.wand.SpellGroup.GetRechargeTimeModifier(SpellGroup.java:62) ~[?:?] {re:classloading}
	at org.bnjax3.noitacraft.wand.SpellGroup.GetRechargeTimeModifier(SpellGroup.java:62) ~[?:?] {re:classloading}
	at org.bnjax3.noitacraft.wand.SpellGroup.GetRechargeTimeModifier(SpellGroup.java:62) ~[?:?] {re:classloading}
	at org.bnjax3.noitacraft.wand.SpellGroup.GetRechargeTimeModifier(SpellGroup.java:62) ~[?:?] {re:classloading}
	at org.bnjax3.noitacraft.wand.SpellGroup.GetRechargeTimeModifier(SpellGroup.java:62) ~[?:?] {re:classloading}
	at org.bnjax3.noitacraft.wand.SpellGroup.GetRechargeTimeModifier(SpellGroup.java:62) ~[?:?] {re:classloading}
	at org.bnjax3.noitacraft.wand.SpellGroup.GetRechargeTimeModifier(SpellGroup.java:62) ~[?:?] {re:classloading}
	at org.bnjax3.noitacraft.wand.SpellGroup.GetRechargeTimeModifier(SpellGroup.java:62) ~[?:?] {re:classloading}
	at org.bnjax3.noitacraft.wand.SpellGroup.GetRechargeTimeModifier(SpellGroup.java:62) ~[?:?] {re:classloading}
	at org.bnjax3.noitacraft.wand.SpellGroup.GetRechargeTimeModifier(SpellGroup.java:62) ~[?:?] {re:classloading}
	at org.bnjax3.noitacraft.wand.SpellGroup.GetRechargeTimeModifier(SpellGroup.java:62) ~[?:?] {re:classloading}
	at org.bnjax3.noitacraft.wand.SpellGroup.GetRechargeTimeModifier(SpellGroup.java:62) ~[?:?] {re:classloading}
	at org.bnjax3.noitacraft.wand.SpellGroup.GetRechargeTimeModifier(SpellGroup.java:62) ~[?:?] {re:classloading}
	at org.bnjax3.noitacraft.wand.SpellGroup.GetRechargeTimeModifier(SpellGroup.java:62) ~[?:?] {re:classloading}
	at org.bnjax3.noitacraft.wand.SpellGroup.GetRechargeTimeModifier(SpellGroup.java:62) ~[?:?] {re:classloading}
	at org.bnjax3.noitacraft.wand.SpellGroup.GetRechargeTimeModifier(SpellGroup.java:62) ~[?:?] {re:classloading}
	at org.bnjax3.noitacraft.wand.SpellGroup.GetRechargeTimeModifier(SpellGroup.java:62) ~[?:?] {re:classloading}
	at org.bnjax3.noitacraft.wand.SpellGroup.GetRechargeTimeModifier(SpellGroup.java:62) ~[?:?] {re:classloading}
	at org.bnjax3.noitacraft.wand.SpellGroup.GetRechargeTimeModifier(SpellGroup.java:62) ~[?:?] {re:classloading}
	at org.bnjax3.noitacraft.wand.SpellGroup.GetRechargeTimeModifier(SpellGroup.java:62) ~[?:?] {re:classloading}
	at org.bnjax3.noitacraft.wand.SpellGroup.GetRechargeTimeModifier(SpellGroup.java:62) ~[?:?] {re:classloading}
	at org.bnjax3.noitacraft.wand.SpellGroup.GetRechargeTimeModifier(SpellGroup.java:62) ~[?:?] {re:classloading}
	at org.bnjax3.noitacraft.wand.SpellGroup.GetRechargeTimeModifier(SpellGroup.java:62) ~[?:?] {re:classloading}
	at org.bnjax3.noitacraft.wand.SpellGroup.GetRechargeTimeModifier(SpellGroup.java:62) ~[?:?] {re:classloading}
	at org.bnjax3.noitacraft.wand.SpellGroup.GetRechargeTimeModifier(SpellGroup.java:62) ~[?:?] {re:classloading}
	at org.bnjax3.noitacraft.wand.SpellGroup.GetRechargeTimeModifier(SpellGroup.java:62) ~[?:?] {re:classloading}
	at org.bnjax3.noitacraft.wand.SpellGroup.GetRechargeTimeModifier(SpellGroup.java:62) ~[?:?] {re:classloading}
	at org.bnjax3.noitacraft.wand.SpellGroup.GetRechargeTimeModifier(SpellGroup.java:62) ~[?:?] {re:classloading}
	at org.bnjax3.noitacraft.wand.SpellGroup.GetRechargeTimeModifier(SpellGroup.java:62) ~[?:?] {re:classloading}
	at org.bnjax3.noitacraft.wand.SpellGroup.GetRechargeTimeModifier(SpellGroup.java:62) ~[?:?] {re:classloading}
	at org.bnjax3.noitacraft.wand.SpellGroup.GetRechargeTimeModifier(SpellGroup.java:62) ~[?:?] {re:classloading}
	at org.bnjax3.noitacraft.wand.SpellGroup.GetRechargeTimeModifier(SpellGroup.java:62) ~[?:?] {re:classloading}
	at org.bnjax3.noitacraft.wand.SpellGroup.GetRechargeTimeModifier(SpellGroup.java:62) ~[?:?] {re:classloading}
	at org.bnjax3.noitacraft.wand.SpellGroup.GetRechargeTimeModifier(SpellGroup.java:62) ~[?:?] {re:classloading}
	at org.bnjax3.noitacraft.wand.SpellGroup.GetRechargeTimeModifier(SpellGroup.java:62) ~[?:?] {re:classloading}
	at org.bnjax3.noitacraft.wand.SpellGroup.GetRechargeTimeModifier(SpellGroup.java:62) ~[?:?] {re:classloading}
	at org.bnjax3.noitacraft.wand.SpellGroup.GetRechargeTimeModifier(SpellGroup.java:62) ~[?:?] {re:classloading}
	at org.bnjax3.noitacraft.wand.SpellGroup.GetRechargeTimeModifier(SpellGroup.java:62) ~[?:?] {re:classloading}
	at org.bnjax3.noitacraft.wand.SpellGroup.GetRechargeTimeModifier(SpellGroup.java:62) ~[?:?] {re:classloading}
	at org.bnjax3.noitacraft.wand.SpellGroup.GetRechargeTimeModifier(SpellGroup.java:62) ~[?:?] {re:classloading}
	at org.bnjax3.noitacraft.wand.SpellGroup.GetRechargeTimeModifier(SpellGroup.java:62) ~[?:?] {re:classloading}
	at org.bnjax3.noitacraft.wand.SpellGroup.GetRechargeTimeModifier(SpellGroup.java:62) ~[?:?] {re:classloading}
	at org.bnjax3.noitacraft.wand.SpellGroup.GetRechargeTimeModifier(SpellGroup.java:62) ~[?:?] {re:classloading}
	at org.bnjax3.noitacraft.wand.SpellGroup.GetRechargeTimeModifier(SpellGroup.java:62) ~[?:?] {re:classloading}
	at org.bnjax3.noitacraft.wand.SpellGroup.GetRechargeTimeModifier(SpellGroup.java:62) ~[?:?] {re:classloading}
	at org.bnjax3.noitacraft.wand.SpellGroup.GetRechargeTimeModifier(SpellGroup.java:62) ~[?:?] {re:classloading}
	at org.bnjax3.noitacraft.wand.SpellGroup.GetRechargeTimeModifier(SpellGroup.java:62) ~[?:?] {re:classloading}
	at org.bnjax3.noitacraft.wand.SpellGroup.GetRechargeTimeModifier(SpellGroup.java:62) ~[?:?] {re:classloading}
	at org.bnjax3.noitacraft.wand.SpellGroup.GetRechargeTimeModifier(SpellGroup.java:62) ~[?:?] {re:classloading}
	at org.bnjax3.noitacraft.wand.SpellGroup.GetRechargeTimeModifier(SpellGroup.java:62) ~[?:?] {re:classloading}
	at org.bnjax3.noitacraft.wand.SpellGroup.GetRechargeTimeModifier(SpellGroup.java:62) ~[?:?] {re:classloading}
	at org.bnjax3.noitacraft.wand.SpellGroup.GetRechargeTimeModifier(SpellGroup.java:62) ~[?:?] {re:classloading}
	at org.bnjax3.noitacraft.wand.SpellGroup.GetRechargeTimeModifier(SpellGroup.java:62) ~[?:?] {re:classloading}
	at org.bnjax3.noitacraft.wand.SpellGroup.GetRechargeTimeModifier(SpellGroup.java:62) ~[?:?] {re:classloading}
	at org.bnjax3.noitacraft.wand.SpellGroup.GetRechargeTimeModifier(SpellGroup.java:62) ~[?:?] {re:classloading}
	at org.bnjax3.noitacraft.wand.SpellGroup.GetRechargeTimeModifier(SpellGroup.java:62) ~[?:?] {re:classloading}
	at org.bnjax3.noitacraft.wand.SpellGroup.GetRechargeTimeModifier(SpellGroup.java:62) ~[?:?] {re:classloading}
	at org.bnjax3.noitacraft.wand.SpellGroup.GetRechargeTimeModifier(SpellGroup.java:62) ~[?:?] {re:classloading}
	at org.bnjax3.noitacraft.wand.SpellGroup.GetRechargeTimeModifier(SpellGroup.java:62) ~[?:?] {re:classloading}
	at org.bnjax3.noitacraft.wand.SpellGroup.GetRechargeTimeModifier(SpellGroup.java:62) ~[?:?] {re:classloading}
	at org.bnjax3.noitacraft.wand.SpellGroup.GetRechargeTimeModifier(SpellGroup.java:62) ~[?:?] {re:classloading}
	at org.bnjax3.noitacraft.wand.SpellGroup.GetRechargeTimeModifier(SpellGroup.java:62) ~[?:?] {re:classloading}
	at org.bnjax3.noitacraft.wand.SpellGroup.GetRechargeTimeModifier(SpellGroup.java:62) ~[?:?] {re:classloading}
	at org.bnjax3.noitacraft.wand.SpellGroup.GetRechargeTimeModifier(SpellGroup.java:62) ~[?:?] {re:classloading}
	at org.bnjax3.noitacraft.wand.SpellGroup.GetRechargeTimeModifier(SpellGroup.java:62) ~[?:?] {re:classloading}
	at org.bnjax3.noitacraft.wand.SpellGroup.GetRechargeTimeModifier(SpellGroup.java:62) ~[?:?] {re:classloading}
	at org.bnjax3.noitacraft.wand.SpellGroup.GetRechargeTimeModifier(SpellGroup.java:62) ~[?:?] {re:classloading}
	at org.bnjax3.noitacraft.wand.SpellGroup.GetRechargeTimeModifier(SpellGroup.java:62) ~[?:?] {re:classloading}
	at org.bnjax3.noitacraft.wand.SpellGroup.GetRechargeTimeModifier(SpellGroup.java:62) ~[?:?] {re:classloading}
	at org.bnjax3.noitacraft.wand.SpellGroup.GetRechargeTimeModifier(SpellGroup.java:62) ~[?:?] {re:classloading}
	at org.bnjax3.noitacraft.wand.SpellGroup.GetRechargeTimeModifier(SpellGroup.java:62) ~[?:?] {re:classloading}
	at org.bnjax3.noitacraft.wand.SpellGroup.GetRechargeTimeModifier(SpellGroup.java:62) ~[?:?] {re:classloading}
	at org.bnjax3.noitacraft.wand.SpellGroup.GetRechargeTimeModifier(SpellGroup.java:62) ~[?:?] {re:classloading}
	at org.bnjax3.noitacraft.wand.SpellGroup.GetRechargeTimeModifier(SpellGroup.java:62) ~[?:?] {re:classloading}
	at org.bnjax3.noitacraft.wand.SpellGroup.GetRechargeTimeModifier(SpellGroup.java:62) ~[?:?] {re:classloading}
	at org.bnjax3.noitacraft.wand.SpellGroup.GetRechargeTimeModifier(SpellGroup.java:62) ~[?:?] {re:classloading}
	at org.bnjax3.noitacraft.wand.SpellGroup.GetRechargeTimeModifier(SpellGroup.java:62) ~[?:?] {re:classloading}
	at org.bnjax3.noitacraft.wand.SpellGroup.GetRechargeTimeModifier(SpellGroup.java:62) ~[?:?] {re:classloading}
	at org.bnjax3.noitacraft.wand.SpellGroup.GetRechargeTimeModifier(SpellGroup.java:62) ~[?:?] {re:classloading}
	at org.bnjax3.noitacraft.wand.SpellGroup.GetRechargeTimeModifier(SpellGroup.java:62) ~[?:?] {re:classloading}
	at org.bnjax3.noitacraft.wand.SpellGroup.GetRechargeTimeModifier(SpellGroup.java:62) ~[?:?] {re:classloading}
	at org.bnjax3.noitacraft.wand.SpellGroup.GetRechargeTimeModifier(SpellGroup.java:62) ~[?:?] {re:classloading}
	at org.bnjax3.noitacraft.wand.SpellGroup.GetRechargeTimeModifier(SpellGroup.java:62) ~[?:?] {re:classloading}
	at org.bnjax3.noitacraft.wand.SpellGroup.GetRechargeTimeModifier(SpellGroup.java:62) ~[?:?] {re:classloading}
	at org.bnjax3.noitacraft.wand.SpellGroup.GetRechargeTimeModifier(SpellGroup.java:62) ~[?:?] {re:classloading}
	at org.bnjax3.noitacraft.wand.SpellGroup.GetRechargeTimeModifier(SpellGroup.java:62) ~[?:?] {re:classloading}
	at org.bnjax3.noitacraft.wand.SpellGroup.GetRechargeTimeModifier(SpellGroup.java:62) ~[?:?] {re:classloading}
	at org.bnjax3.noitacraft.wand.SpellGroup.GetRechargeTimeModifier(SpellGroup.java:62) ~[?:?] {re:classloading}
	at org.bnjax3.noitacraft.wand.SpellGroup.GetRechargeTimeModifier(SpellGroup.java:62) ~[?:?] {re:classloading}
	at org.bnjax3.noitacraft.wand.SpellGroup.GetRechargeTimeModifier(SpellGroup.java:62) ~[?:?] {re:classloading}
	at org.bnjax3.noitacraft.wand.SpellGroup.GetRechargeTimeModifier(SpellGroup.java:62) ~[?:?] {re:classloading}
	at org.bnjax3.noitacraft.wand.SpellGroup.GetRechargeTimeModifier(SpellGroup.java:62) ~[?:?] {re:classloading}
	at org.bnjax3.noitacraft.wand.SpellGroup.GetRechargeTimeModifier(SpellGroup.java:62) ~[?:?] {re:classloading}
	at org.bnjax3.noitacraft.wand.SpellGroup.GetRechargeTimeModifier(SpellGroup.java:62) ~[?:?] {re:classloading}
	at org.bnjax3.noitacraft.wand.SpellGroup.GetRechargeTimeModifier(SpellGroup.java:62) ~[?:?] {re:classloading}
	at org.bnjax3.noitacraft.wand.SpellGroup.GetRechargeTimeModifier(SpellGroup.java:62) ~[?:?] {re:classloading}
	at org.bnjax3.noitacraft.wand.SpellGroup.GetRechargeTimeModifier(SpellGroup.java:62) ~[?:?] {re:classloading}
	at org.bnjax3.noitacraft.wand.SpellGroup.GetRechargeTimeModifier(SpellGroup.java:62) ~[?:?] {re:classloading}
	at org.bnjax3.noitacraft.wand.SpellGroup.GetRechargeTimeModifier(SpellGroup.java:62) ~[?:?] {re:classloading}
	at org.bnjax3.noitacraft.wand.SpellGroup.GetRechargeTimeModifier(SpellGroup.java:62) ~[?:?] {re:classloading}
	at org.bnjax3.noitacraft.wand.SpellGroup.GetRechargeTimeModifier(SpellGroup.java:62) ~[?:?] {re:classloading}
	at org.bnjax3.noitacraft.wand.SpellGroup.GetRechargeTimeModifier(SpellGroup.java:62) ~[?:?] {re:classloading}
	at org.bnjax3.noitacraft.wand.SpellGroup.GetRechargeTimeModifier(SpellGroup.java:62) ~[?:?] {re:classloading}
	at org.bnjax3.noitacraft.wand.SpellGroup.GetRechargeTimeModifier(SpellGroup.java:62) ~[?:?] {re:classloading}
	at org.bnjax3.noitacraft.wand.SpellGroup.GetRechargeTimeModifier(SpellGroup.java:62) ~[?:?] {re:classloading}
	at org.bnjax3.noitacraft.wand.SpellGroup.GetRechargeTimeModifier(SpellGroup.java:62) ~[?:?] {re:classloading}
	at org.bnjax3.noitacraft.wand.SpellGroup.GetRechargeTimeModifier(SpellGroup.java:62) ~[?:?] {re:classloading}
	at org.bnjax3.noitacraft.wand.SpellGroup.GetRechargeTimeModifier(SpellGroup.java:62) ~[?:?] {re:classloading}
	at org.bnjax3.noitacraft.wand.SpellGroup.GetRechargeTimeModifier(SpellGroup.java:62) ~[?:?] {re:classloading}
	at org.bnjax3.noitacraft.wand.SpellGroup.GetRechargeTimeModifier(SpellGroup.java:62) ~[?:?] {re:classloading}
	at org.bnjax3.noitacraft.wand.SpellGroup.GetRechargeTimeModifier(SpellGroup.java:62) ~[?:?] {re:classloading}
	at org.bnjax3.noitacraft.wand.SpellGroup.GetRechargeTimeModifier(SpellGroup.java:62) ~[?:?] {re:classloading}
	at org.bnjax3.noitacraft.wand.SpellGroup.GetRechargeTimeModifier(SpellGroup.java:62) ~[?:?] {re:classloading}
	at org.bnjax3.noitacraft.wand.SpellGroup.GetRechargeTimeModifier(SpellGroup.java:62) ~[?:?] {re:classloading}
	at org.bnjax3.noitacraft.wand.SpellGroup.GetRechargeTimeModifier(SpellGroup.java:62) ~[?:?] {re:classloading}
	at org.bnjax3.noitacraft.wand.SpellGroup.GetRechargeTimeModifier(SpellGroup.java:62) ~[?:?] {re:classloading}
	at org.bnjax3.noitacraft.wand.SpellGroup.GetRechargeTimeModifier(SpellGroup.java:62) ~[?:?] {re:classloading}
	at org.bnjax3.noitacraft.wand.SpellGroup.GetRechargeTimeModifier(SpellGroup.java:62) ~[?:?] {re:classloading}
	at org.bnjax3.noitacraft.wand.SpellGroup.GetRechargeTimeModifier(SpellGroup.java:62) ~[?:?] {re:classloading}
	at org.bnjax3.noitacraft.wand.SpellGroup.GetRechargeTimeModifier(SpellGroup.java:62) ~[?:?] {re:classloading}
	at org.bnjax3.noitacraft.wand.SpellGroup.GetRechargeTimeModifier(SpellGroup.java:62) ~[?:?] {re:classloading}
	at org.bnjax3.noitacraft.wand.SpellGroup.GetRechargeTimeModifier(SpellGroup.java:62) ~[?:?] {re:classloading}
	at org.bnjax3.noitacraft.wand.SpellGroup.GetRechargeTimeModifier(SpellGroup.java:62) ~[?:?] {re:classloading}
	at org.bnjax3.noitacraft.wand.SpellGroup.GetRechargeTimeModifier(SpellGroup.java:62) ~[?:?] {re:classloading}
	at org.bnjax3.noitacraft.wand.SpellGroup.GetRechargeTimeModifier(SpellGroup.java:62) ~[?:?] {re:classloading}
	at org.bnjax3.noitacraft.wand.SpellGroup.GetRechargeTimeModifier(SpellGroup.java:62) ~[?:?] {re:classloading}
	at org.bnjax3.noitacraft.wand.SpellGroup.GetRechargeTimeModifier(SpellGroup.java:62) ~[?:?] {re:classloading}
	at org.bnjax3.noitacraft.wand.SpellGroup.GetRechargeTimeModifier(SpellGroup.java:62) ~[?:?] {re:classloading}
	at org.bnjax3.noitacraft.wand.SpellGroup.GetRechargeTimeModifier(SpellGroup.java:62) ~[?:?] {re:classloading}
	at org.bnjax3.noitacraft.wand.SpellGroup.GetRechargeTimeModifier(SpellGroup.java:62) ~[?:?] {re:classloading}
	at org.bnjax3.noitacraft.wand.SpellGroup.GetRechargeTimeModifier(SpellGroup.java:62) ~[?:?] {re:classloading}
	at org.bnjax3.noitacraft.wand.SpellGroup.GetRechargeTimeModifier(SpellGroup.java:62) ~[?:?] {re:classloading}
	at org.bnjax3.noitacraft.wand.SpellGroup.GetRechargeTimeModifier(SpellGroup.java:62) ~[?:?] {re:classloading}
	at org.bnjax3.noitacraft.wand.SpellGroup.GetRechargeTimeModifier(SpellGroup.java:62) ~[?:?] {re:classloading}
	at org.bnjax3.noitacraft.wand.SpellGroup.GetRechargeTimeModifier(SpellGroup.java:62) ~[?:?] {re:classloading}
	at org.bnjax3.noitacraft.wand.SpellGroup.GetRechargeTimeModifier(SpellGroup.java:62) ~[?:?] {re:classloading}
	at org.bnjax3.noitacraft.wand.SpellGroup.GetRechargeTimeModifier(SpellGroup.java:62) ~[?:?] {re:classloading}
	at org.bnjax3.noitacraft.wand.SpellGroup.GetRechargeTimeModifier(SpellGroup.java:62) ~[?:?] {re:classloading}
	at org.bnjax3.noitacraft.wand.SpellGroup.GetRechargeTimeModifier(SpellGroup.java:62) ~[?:?] {re:classloading}
	at org.bnjax3.noitacraft.wand.SpellGroup.GetRechargeTimeModifier(SpellGroup.java:62) ~[?:?] {re:classloading}
	at org.bnjax3.noitacraft.wand.SpellGroup.GetRechargeTimeModifier(SpellGroup.java:62) ~[?:?] {re:classloading}
	at org.bnjax3.noitacraft.wand.SpellGroup.GetRechargeTimeModifier(SpellGroup.java:62) ~[?:?] {re:classloading}
	at org.bnjax3.noitacraft.wand.SpellGroup.GetRechargeTimeModifier(SpellGroup.java:62) ~[?:?] {re:classloading}
	at org.bnjax3.noitacraft.wand.SpellGroup.GetRechargeTimeModifier(SpellGroup.java:62) ~[?:?] {re:classloading}
	at org.bnjax3.noitacraft.wand.SpellGroup.GetRechargeTimeModifier(SpellGroup.java:62) ~[?:?] {re:classloading}
	at org.bnjax3.noitacraft.wand.SpellGroup.GetRechargeTimeModifier(SpellGroup.java:62) ~[?:?] {re:classloading}
	at org.bnjax3.noitacraft.wand.SpellGroup.GetRechargeTimeModifier(SpellGroup.java:62) ~[?:?] {re:classloading}
	at org.bnjax3.noitacraft.wand.SpellGroup.GetRechargeTimeModifier(SpellGroup.java:62) ~[?:?] {re:classloading}
	at org.bnjax3.noitacraft.wand.SpellGroup.GetRechargeTimeModifier(SpellGroup.java:62) ~[?:?] {re:classloading}
	at org.bnjax3.noitacraft.wand.SpellGroup.GetRechargeTimeModifier(SpellGroup.java:62) ~[?:?] {re:classloading}
	at org.bnjax3.noitacraft.wand.SpellGroup.GetRechargeTimeModifier(SpellGroup.java:62) ~[?:?] {re:classloading}
	at org.bnjax3.noitacraft.wand.SpellGroup.GetRechargeTimeModifier(SpellGroup.java:62) ~[?:?] {re:classloading}
	at org.bnjax3.noitacraft.wand.SpellGroup.GetRechargeTimeModifier(SpellGroup.java:62) ~[?:?] {re:classloading}
	at org.bnjax3.noitacraft.wand.SpellGroup.GetRechargeTimeModifier(SpellGroup.java:62) ~[?:?] {re:classloading}
	at org.bnjax3.noitacraft.wand.SpellGroup.GetRechargeTimeModifier(SpellGroup.java:62) ~[?:?] {re:classloading}
	at org.bnjax3.noitacraft.wand.SpellGroup.GetRechargeTimeModifier(SpellGroup.java:62) ~[?:?] {re:classloading}
	at org.bnjax3.noitacraft.wand.SpellGroup.GetRechargeTimeModifier(SpellGroup.java:62) ~[?:?] {re:classloading}
	at org.bnjax3.noitacraft.wand.SpellGroup.GetRechargeTimeModifier(SpellGroup.java:62) ~[?:?] {re:classloading}
	at org.bnjax3.noitacraft.wand.SpellGroup.GetRechargeTimeModifier(SpellGroup.java:62) ~[?:?] {re:classloading}
	at org.bnjax3.noitacraft.wand.SpellGroup.GetRechargeTimeModifier(SpellGroup.java:62) ~[?:?] {re:classloading}
	at org.bnjax3.noitacraft.wand.SpellGroup.GetRechargeTimeModifier(SpellGroup.java:62) ~[?:?] {re:classloading}
	at org.bnjax3.noitacraft.wand.SpellGroup.GetRechargeTimeModifier(SpellGroup.java:62) ~[?:?] {re:classloading}
	at org.bnjax3.noitacraft.wand.SpellGroup.GetRechargeTimeModifier(SpellGroup.java:62) ~[?:?] {re:classloading}
	at org.bnjax3.noitacraft.wand.SpellGroup.GetRechargeTimeModifier(SpellGroup.java:62) ~[?:?] {re:classloading}
	at org.bnjax3.noitacraft.wand.SpellGroup.GetRechargeTimeModifier(SpellGroup.java:62) ~[?:?] {re:classloading}
	at org.bnjax3.noitacraft.wand.SpellGroup.GetRechargeTimeModifier(SpellGroup.java:62) ~[?:?] {re:classloading}
	at org.bnjax3.noitacraft.wand.SpellGroup.GetRechargeTimeModifier(SpellGroup.java:62) ~[?:?] {re:classloading}
	at org.bnjax3.noitacraft.wand.SpellGroup.GetRechargeTimeModifier(SpellGroup.java:62) ~[?:?] {re:classloading}
	at org.bnjax3.noitacraft.wand.SpellGroup.GetRechargeTimeModifier(SpellGroup.java:62) ~[?:?] {re:classloading}
	at org.bnjax3.noitacraft.wand.SpellGroup.GetRechargeTimeModifier(SpellGroup.java:62) ~[?:?] {re:classloading}
	at org.bnjax3.noitacraft.wand.SpellGroup.GetRechargeTimeModifier(SpellGroup.java:62) ~[?:?] {re:classloading}
	at org.bnjax3.noitacraft.wand.SpellGroup.GetRechargeTimeModifier(SpellGroup.java:62) ~[?:?] {re:classloading}
	at org.bnjax3.noitacraft.wand.SpellGroup.GetRechargeTimeModifier(SpellGroup.java:62) ~[?:?] {re:classloading}
	at org.bnjax3.noitacraft.wand.SpellGroup.GetRechargeTimeModifier(SpellGroup.java:62) ~[?:?] {re:classloading}
	at org.bnjax3.noitacraft.wand.SpellGroup.GetRechargeTimeModifier(SpellGroup.java:62) ~[?:?] {re:classloading}
	at org.bnjax3.noitacraft.wand.SpellGroup.GetRechargeTimeModifier(SpellGroup.java:62) ~[?:?] {re:classloading}
	at org.bnjax3.noitacraft.wand.SpellGroup.GetRechargeTimeModifier(SpellGroup.java:62) ~[?:?] {re:classloading}
	at org.bnjax3.noitacraft.wand.SpellGroup.GetRechargeTimeModifier(SpellGroup.java:62) ~[?:?] {re:classloading}
	at org.bnjax3.noitacraft.wand.SpellGroup.GetRechargeTimeModifier(SpellGroup.java:62) ~[?:?] {re:classloading}
	at org.bnjax3.noitacraft.wand.SpellGroup.GetRechargeTimeModifier(SpellGroup.java:62) ~[?:?] {re:classloading}
	at org.bnjax3.noitacraft.wand.SpellGroup.GetRechargeTimeModifier(SpellGroup.java:62) ~[?:?] {re:classloading}
	at org.bnjax3.noitacraft.wand.SpellGroup.GetRechargeTimeModifier(SpellGroup.java:62) ~[?:?] {re:classloading}
	at org.bnjax3.noitacraft.wand.SpellGroup.GetRechargeTimeModifier(SpellGroup.java:62) ~[?:?] {re:classloading}
	at org.bnjax3.noitacraft.wand.SpellGroup.GetRechargeTimeModifier(SpellGroup.java:62) ~[?:?] {re:classloading}
	at org.bnjax3.noitacraft.wand.SpellGroup.GetRechargeTimeModifier(SpellGroup.java:62) ~[?:?] {re:classloading}
	at org.bnjax3.noitacraft.wand.SpellGroup.GetRechargeTimeModifier(SpellGroup.java:62) ~[?:?] {re:classloading}
	at org.bnjax3.noitacraft.wand.SpellGroup.GetRechargeTimeModifier(SpellGroup.java:62) ~[?:?] {re:classloading}
	at org.bnjax3.noitacraft.wand.SpellGroup.GetRechargeTimeModifier(SpellGroup.java:62) ~[?:?] {re:classloading}
	at org.bnjax3.noitacraft.wand.SpellGroup.GetRechargeTimeModifier(SpellGroup.java:62) ~[?:?] {re:classloading}
	at org.bnjax3.noitacraft.wand.SpellGroup.GetRechargeTimeModifier(SpellGroup.java:62) ~[?:?] {re:classloading}
	at org.bnjax3.noitacraft.wand.SpellGroup.GetRechargeTimeModifier(SpellGroup.java:62) ~[?:?] {re:classloading}
	at org.bnjax3.noitacraft.wand.SpellGroup.GetRechargeTimeModifier(SpellGroup.java:62) ~[?:?] {re:classloading}
	at org.bnjax3.noitacraft.wand.SpellGroup.GetRechargeTimeModifier(SpellGroup.java:62) ~[?:?] {re:classloading}
	at org.bnjax3.noitacraft.wand.SpellGroup.GetRechargeTimeModifier(SpellGroup.java:62) ~[?:?] {re:classloading}
	at org.bnjax3.noitacraft.wand.SpellGroup.GetRechargeTimeModifier(SpellGroup.java:62) ~[?:?] {re:classloading}
	at org.bnjax3.noitacraft.wand.SpellGroup.GetRechargeTimeModifier(SpellGroup.java:62) ~[?:?] {re:classloading}
	at org.bnjax3.noitacraft.wand.SpellGroup.GetRechargeTimeModifier(SpellGroup.java:62) ~[?:?] {re:classloading}
	at org.bnjax3.noitacraft.wand.SpellGroup.GetRechargeTimeModifier(SpellGroup.java:62) ~[?:?] {re:classloading}
	at org.bnjax3.noitacraft.wand.SpellGroup.GetRechargeTimeModifier(SpellGroup.java:62) ~[?:?] {re:classloading}
	at org.bnjax3.noitacraft.wand.SpellGroup.GetRechargeTimeModifier(SpellGroup.java:62) ~[?:?] {re:classloading}
	at org.bnjax3.noitacraft.wand.SpellGroup.GetRechargeTimeModifier(SpellGroup.java:62) ~[?:?] {re:classloading}
	at org.bnjax3.noitacraft.wand.SpellGroup.GetRechargeTimeModifier(SpellGroup.java:62) ~[?:?] {re:classloading}
	at org.bnjax3.noitacraft.wand.SpellGroup.GetRechargeTimeModifier(SpellGroup.java:62) ~[?:?] {re:classloading}
	at org.bnjax3.noitacraft.wand.SpellGroup.GetRechargeTimeModifier(SpellGroup.java:62) ~[?:?] {re:classloading}
	at org.bnjax3.noitacraft.wand.SpellGroup.GetRechargeTimeModifier(SpellGroup.java:62) ~[?:?] {re:classloading}
	at org.bnjax3.noitacraft.wand.SpellGroup.GetRechargeTimeModifier(SpellGroup.java:62) ~[?:?] {re:classloading}
	at org.bnjax3.noitacraft.wand.SpellGroup.GetRechargeTimeModifier(SpellGroup.java:62) ~[?:?] {re:classloading}
	at org.bnjax3.noitacraft.wand.SpellGroup.GetRechargeTimeModifier(SpellGroup.java:62) ~[?:?] {re:classloading}
	at org.bnjax3.noitacraft.wand.SpellGroup.GetRechargeTimeModifier(SpellGroup.java:62) ~[?:?] {re:classloading}
	at org.bnjax3.noitacraft.wand.SpellGroup.GetRechargeTimeModifier(SpellGroup.java:62) ~[?:?] {re:classloading}
	at org.bnjax3.noitacraft.wand.SpellGroup.GetRechargeTimeModifier(SpellGroup.java:62) ~[?:?] {re:classloading}
	at org.bnjax3.noitacraft.wand.SpellGroup.GetRechargeTimeModifier(SpellGroup.java:62) ~[?:?] {re:classloading}
	at org.bnjax3.noitacraft.wand.SpellGroup.GetRechargeTimeModifier(SpellGroup.java:62) ~[?:?] {re:classloading}
	at org.bnjax3.noitacraft.wand.SpellGroup.GetRechargeTimeModifier(SpellGroup.java:62) ~[?:?] {re:classloading}
	at org.bnjax3.noitacraft.wand.SpellGroup.GetRechargeTimeModifier(SpellGroup.java:62) ~[?:?] {re:classloading}
	at org.bnjax3.noitacraft.wand.SpellGroup.GetRechargeTimeModifier(SpellGroup.java:62) ~[?:?] {re:classloading}
	at org.bnjax3.noitacraft.wand.SpellGroup.GetRechargeTimeModifier(SpellGroup.java:62) ~[?:?] {re:classloading}
	at org.bnjax3.noitacraft.wand.SpellGroup.GetRechargeTimeModifier(SpellGroup.java:62) ~[?:?] {re:classloading}
	at org.bnjax3.noitacraft.wand.SpellGroup.GetRechargeTimeModifier(SpellGroup.java:62) ~[?:?] {re:classloading}
	at org.bnjax3.noitacraft.wand.SpellGroup.GetRechargeTimeModifier(SpellGroup.java:62) ~[?:?] {re:classloading}
	at org.bnjax3.noitacraft.wand.SpellGroup.GetRechargeTimeModifier(SpellGroup.java:62) ~[?:?] {re:classloading}
	at org.bnjax3.noitacraft.wand.SpellGroup.GetRechargeTimeModifier(SpellGroup.java:62) ~[?:?] {re:classloading}
	at org.bnjax3.noitacraft.wand.SpellGroup.GetRechargeTimeModifier(SpellGroup.java:62) ~[?:?] {re:classloading}
	at org.bnjax3.noitacraft.wand.SpellGroup.GetRechargeTimeModifier(SpellGroup.java:62) ~[?:?] {re:classloading}
	at org.bnjax3.noitacraft.wand.SpellGroup.GetRechargeTimeModifier(SpellGroup.java:62) ~[?:?] {re:classloading}
	at org.bnjax3.noitacraft.wand.SpellGroup.GetRechargeTimeModifier(SpellGroup.java:62) ~[?:?] {re:classloading}
	at org.bnjax3.noitacraft.wand.SpellGroup.GetRechargeTimeModifier(SpellGroup.java:62) ~[?:?] {re:classloading}
	at org.bnjax3.noitacraft.wand.SpellGroup.GetRechargeTimeModifier(SpellGroup.java:62) ~[?:?] {re:classloading}
	at org.bnjax3.noitacraft.wand.SpellGroup.GetRechargeTimeModifier(SpellGroup.java:62) ~[?:?] {re:classloading}
	at org.bnjax3.noitacraft.wand.SpellGroup.GetRechargeTimeModifier(SpellGroup.java:62) ~[?:?] {re:classloading}
	at org.bnjax3.noitacraft.wand.SpellGroup.GetRechargeTimeModifier(SpellGroup.java:62) ~[?:?] {re:classloading}
	at org.bnjax3.noitacraft.wand.SpellGroup.GetRechargeTimeModifier(SpellGroup.java:62) ~[?:?] {re:classloading}
	at org.bnjax3.noitacraft.wand.SpellGroup.GetRechargeTimeModifier(SpellGroup.java:62) ~[?:?] {re:classloading}
	at org.bnjax3.noitacraft.wand.SpellGroup.GetRechargeTimeModifier(SpellGroup.java:62) ~[?:?] {re:classloading}
	at org.bnjax3.noitacraft.wand.SpellGroup.GetRechargeTimeModifier(SpellGroup.java:62) ~[?:?] {re:classloading}
	at org.bnjax3.noitacraft.wand.SpellGroup.GetRechargeTimeModifier(SpellGroup.java:62) ~[?:?] {re:classloading}
	at org.bnjax3.noitacraft.wand.SpellGroup.GetRechargeTimeModifier(SpellGroup.java:62) ~[?:?] {re:classloading}
	at org.bnjax3.noitacraft.wand.SpellGroup.GetRechargeTimeModifier(SpellGroup.java:62) ~[?:?] {re:classloading}
	at org.bnjax3.noitacraft.wand.SpellGroup.GetRechargeTimeModifier(SpellGroup.java:62) ~[?:?] {re:classloading}
	at org.bnjax3.noitacraft.wand.SpellGroup.GetRechargeTimeModifier(SpellGroup.java:62) ~[?:?] {re:classloading}
	at org.bnjax3.noitacraft.wand.SpellGroup.GetRechargeTimeModifier(SpellGroup.java:62) ~[?:?] {re:classloading}
	at org.bnjax3.noitacraft.wand.SpellGroup.GetRechargeTimeModifier(SpellGroup.java:62) ~[?:?] {re:classloading}
	at org.bnjax3.noitacraft.wand.SpellGroup.GetRechargeTimeModifier(SpellGroup.java:62) ~[?:?] {re:classloading}
	at org.bnjax3.noitacraft.wand.SpellGroup.GetRechargeTimeModifier(SpellGroup.java:62) ~[?:?] {re:classloading}
	at org.bnjax3.noitacraft.wand.SpellGroup.GetRechargeTimeModifier(SpellGroup.java:62) ~[?:?] {re:classloading}
	at org.bnjax3.noitacraft.wand.SpellGroup.GetRechargeTimeModifier(SpellGroup.java:62) ~[?:?] {re:classloading}
	at org.bnjax3.noitacraft.wand.SpellGroup.GetRechargeTimeModifier(SpellGroup.java:62) ~[?:?] {re:classloading}
	at org.bnjax3.noitacraft.wand.SpellGroup.GetRechargeTimeModifier(SpellGroup.java:62) ~[?:?] {re:classloading}
	at org.bnjax3.noitacraft.wand.SpellGroup.GetRechargeTimeModifier(SpellGroup.java:62) ~[?:?] {re:classloading}
	at org.bnjax3.noitacraft.wand.SpellGroup.GetRechargeTimeModifier(SpellGroup.java:62) ~[?:?] {re:classloading}
	at org.bnjax3.noitacraft.wand.SpellGroup.GetRechargeTimeModifier(SpellGroup.java:62) ~[?:?] {re:classloading}
	at org.bnjax3.noitacraft.wand.SpellGroup.GetRechargeTimeModifier(SpellGroup.java:62) ~[?:?] {re:classloading}
	at org.bnjax3.noitacraft.wand.SpellGroup.GetRechargeTimeModifier(SpellGroup.java:62) ~[?:?] {re:classloading}
	at org.bnjax3.noitacraft.wand.SpellGroup.GetRechargeTimeModifier(SpellGroup.java:62) ~[?:?] {re:classloading}
	at org.bnjax3.noitacraft.wand.SpellGroup.GetRechargeTimeModifier(SpellGroup.java:62) ~[?:?] {re:classloading}
	at org.bnjax3.noitacraft.wand.SpellGroup.GetRechargeTimeModifier(SpellGroup.java:62) ~[?:?] {re:classloading}
	at org.bnjax3.noitacraft.wand.SpellGroup.GetRechargeTimeModifier(SpellGroup.java:62) ~[?:?] {re:classloading}
	at org.bnjax3.noitacraft.wand.SpellGroup.GetRechargeTimeModifier(SpellGroup.java:62) ~[?:?] {re:classloading}
	at org.bnjax3.noitacraft.wand.SpellGroup.GetRechargeTimeModifier(SpellGroup.java:62) ~[?:?] {re:classloading}
	at org.bnjax3.noitacraft.wand.SpellGroup.GetRechargeTimeModifier(SpellGroup.java:62) ~[?:?] {re:classloading}
	at org.bnjax3.noitacraft.wand.SpellGroup.GetRechargeTimeModifier(SpellGroup.java:62) ~[?:?] {re:classloading}
	at org.bnjax3.noitacraft.wand.SpellGroup.GetRechargeTimeModifier(SpellGroup.java:62) ~[?:?] {re:classloading}
	at org.bnjax3.noitacraft.wand.SpellGroup.GetRechargeTimeModifier(SpellGroup.java:62) ~[?:?] {re:classloading}
	at org.bnjax3.noitacraft.wand.SpellGroup.GetRechargeTimeModifier(SpellGroup.java:62) ~[?:?] {re:classloading}
	at org.bnjax3.noitacraft.wand.SpellGroup.GetRechargeTimeModifier(SpellGroup.java:62) ~[?:?] {re:classloading}
	at org.bnjax3.noitacraft.wand.SpellGroup.GetRechargeTimeModifier(SpellGroup.java:62) ~[?:?] {re:classloading}
	at org.bnjax3.noitacraft.wand.SpellGroup.GetRechargeTimeModifier(SpellGroup.java:62) ~[?:?] {re:classloading}
	at org.bnjax3.noitacraft.wand.SpellGroup.GetRechargeTimeModifier(SpellGroup.java:62) ~[?:?] {re:classloading}
	at org.bnjax3.noitacraft.wand.SpellGroup.GetRechargeTimeModifier(SpellGroup.java:62) ~[?:?] {re:classloading}
	at org.bnjax3.noitacraft.wand.SpellGroup.GetRechargeTimeModifier(SpellGroup.java:62) ~[?:?] {re:classloading}
	at org.bnjax3.noitacraft.wand.SpellGroup.GetRechargeTimeModifier(SpellGroup.java:62) ~[?:?] {re:classloading}
	at org.bnjax3.noitacraft.wand.SpellGroup.GetRechargeTimeModifier(SpellGroup.java:62) ~[?:?] {re:classloading}
	at org.bnjax3.noitacraft.wand.SpellGroup.GetRechargeTimeModifier(SpellGroup.java:62) ~[?:?] {re:classloading}
	at org.bnjax3.noitacraft.wand.SpellGroup.GetRechargeTimeModifier(SpellGroup.java:62) ~[?:?] {re:classloading}
	at org.bnjax3.noitacraft.wand.SpellGroup.GetRechargeTimeModifier(SpellGroup.java:62) ~[?:?] {re:classloading}
	at org.bnjax3.noitacraft.wand.SpellGroup.GetRechargeTimeModifier(SpellGroup.java:62) ~[?:?] {re:classloading}
	at org.bnjax3.noitacraft.wand.SpellGroup.GetRechargeTimeModifier(SpellGroup.java:62) ~[?:?] {re:classloading}
	at org.bnjax3.noitacraft.wand.SpellGroup.GetRechargeTimeModifier(SpellGroup.java:62) ~[?:?] {re:classloading}
	at org.bnjax3.noitacraft.wand.SpellGroup.GetRechargeTimeModifier(SpellGroup.java:62) ~[?:?] {re:classloading}
	at org.bnjax3.noitacraft.wand.SpellGroup.GetRechargeTimeModifier(SpellGroup.java:62) ~[?:?] {re:classloading}
	at org.bnjax3.noitacraft.wand.SpellGroup.GetRechargeTimeModifier(SpellGroup.java:62) ~[?:?] {re:classloading}
	at org.bnjax3.noitacraft.wand.SpellGroup.GetRechargeTimeModifier(SpellGroup.java:62) ~[?:?] {re:classloading}
	at org.bnjax3.noitacraft.wand.SpellGroup.GetRechargeTimeModifier(SpellGroup.java:62) ~[?:?] {re:classloading}
	at org.bnjax3.noitacraft.wand.SpellGroup.GetRechargeTimeModifier(SpellGroup.java:62) ~[?:?] {re:classloading}
	at org.bnjax3.noitacraft.wand.SpellGroup.GetRechargeTimeModifier(SpellGroup.java:62) ~[?:?] {re:classloading}
	at org.bnjax3.noitacraft.wand.SpellGroup.GetRechargeTimeModifier(SpellGroup.java:62) ~[?:?] {re:classloading}
	at org.bnjax3.noitacraft.wand.SpellGroup.GetRechargeTimeModifier(SpellGroup.java:62) ~[?:?] {re:classloading}
	at org.bnjax3.noitacraft.wand.SpellGroup.GetRechargeTimeModifier(SpellGroup.java:62) ~[?:?] {re:classloading}
	at org.bnjax3.noitacraft.wand.SpellGroup.GetRechargeTimeModifier(SpellGroup.java:62) ~[?:?] {re:classloading}
	at org.bnjax3.noitacraft.wand.SpellGroup.GetRechargeTimeModifier(SpellGroup.java:62) ~[?:?] {re:classloading}
	at org.bnjax3.noitacraft.wand.SpellGroup.GetRechargeTimeModifier(SpellGroup.java:62) ~[?:?] {re:classloading}
	at org.bnjax3.noitacraft.wand.SpellGroup.GetRechargeTimeModifier(SpellGroup.java:62) ~[?:?] {re:classloading}
	at org.bnjax3.noitacraft.wand.SpellGroup.GetRechargeTimeModifier(SpellGroup.java:62) ~[?:?] {re:classloading}
	at org.bnjax3.noitacraft.wand.SpellGroup.GetRechargeTimeModifier(SpellGroup.java:62) ~[?:?] {re:classloading}
	at org.bnjax3.noitacraft.wand.SpellGroup.GetRechargeTimeModifier(SpellGroup.java:62) ~[?:?] {re:classloading}
	at org.bnjax3.noitacraft.wand.SpellGroup.GetRechargeTimeModifier(SpellGroup.java:62) ~[?:?] {re:classloading}
	at org.bnjax3.noitacraft.wand.SpellGroup.GetRechargeTimeModifier(SpellGroup.java:62) ~[?:?] {re:classloading}
	at org.bnjax3.noitacraft.wand.SpellGroup.GetRechargeTimeModifier(SpellGroup.java:62) ~[?:?] {re:classloading}
	at org.bnjax3.noitacraft.wand.SpellGroup.GetRechargeTimeModifier(SpellGroup.java:62) ~[?:?] {re:classloading}
	at org.bnjax3.noitacraft.wand.SpellGroup.GetRechargeTimeModifier(SpellGroup.java:62) ~[?:?] {re:classloading}
	at org.bnjax3.noitacraft.wand.SpellGroup.GetRechargeTimeModifier(SpellGroup.java:62) ~[?:?] {re:classloading}
	at org.bnjax3.noitacraft.wand.SpellGroup.GetRechargeTimeModifier(SpellGroup.java:62) ~[?:?] {re:classloading}
	at org.bnjax3.noitacraft.wand.SpellGroup.GetRechargeTimeModifier(SpellGroup.java:62) ~[?:?] {re:classloading}
	at org.bnjax3.noitacraft.wand.SpellGroup.GetRechargeTimeModifier(SpellGroup.java:62) ~[?:?] {re:classloading}
	at org.bnjax3.noitacraft.wand.SpellGroup.GetRechargeTimeModifier(SpellGroup.java:62) ~[?:?] {re:classloading}
	at org.bnjax3.noitacraft.wand.SpellGroup.GetRechargeTimeModifier(SpellGroup.java:62) ~[?:?] {re:classloading}
	at org.bnjax3.noitacraft.wand.SpellGroup.GetRechargeTimeModifier(SpellGroup.java:62) ~[?:?] {re:classloading}
	at org.bnjax3.noitacraft.wand.SpellGroup.GetRechargeTimeModifier(SpellGroup.java:62) ~[?:?] {re:classloading}
	at org.bnjax3.noitacraft.wand.SpellGroup.GetRechargeTimeModifier(SpellGroup.java:62) ~[?:?] {re:classloading}
	at org.bnjax3.noitacraft.wand.SpellGroup.GetRechargeTimeModifier(SpellGroup.java:62) ~[?:?] {re:classloading}
	at org.bnjax3.noitacraft.wand.SpellGroup.GetRechargeTimeModifier(SpellGroup.java:62) ~[?:?] {re:classloading}
	at org.bnjax3.noitacraft.wand.SpellGroup.GetRechargeTimeModifier(SpellGroup.java:62) ~[?:?] {re:classloading}
	at org.bnjax3.noitacraft.wand.SpellGroup.GetRechargeTimeModifier(SpellGroup.java:62) ~[?:?] {re:classloading}
	at org.bnjax3.noitacraft.wand.SpellGroup.GetRechargeTimeModifier(SpellGroup.java:62) ~[?:?] {re:classloading}
	at org.bnjax3.noitacraft.wand.SpellGroup.GetRechargeTimeModifier(SpellGroup.java:62) ~[?:?] {re:classloading}
	at org.bnjax3.noitacraft.wand.SpellGroup.GetRechargeTimeModifier(SpellGroup.java:62) ~[?:?] {re:classloading}
	at org.bnjax3.noitacraft.wand.SpellGroup.GetRechargeTimeModifier(SpellGroup.java:62) ~[?:?] {re:classloading}
	at org.bnjax3.noitacraft.wand.SpellGroup.GetRechargeTimeModifier(SpellGroup.java:62) ~[?:?] {re:classloading}
	at org.bnjax3.noitacraft.wand.SpellGroup.GetRechargeTimeModifier(SpellGroup.java:62) ~[?:?] {re:classloading}
	at org.bnjax3.noitacraft.wand.SpellGroup.GetRechargeTimeModifier(SpellGroup.java:62) ~[?:?] {re:classloading}
	at org.bnjax3.noitacraft.wand.SpellGroup.GetRechargeTimeModifier(SpellGroup.java:62) ~[?:?] {re:classloading}
	at org.bnjax3.noitacraft.wand.SpellGroup.GetRechargeTimeModifier(SpellGroup.java:62) ~[?:?] {re:classloading}
	at org.bnjax3.noitacraft.wand.SpellGroup.GetRechargeTimeModifier(SpellGroup.java:62) ~[?:?] {re:classloading}
	at org.bnjax3.noitacraft.wand.SpellGroup.GetRechargeTimeModifier(SpellGroup.java:62) ~[?:?] {re:classloading}
	at org.bnjax3.noitacraft.wand.SpellGroup.GetRechargeTimeModifier(SpellGroup.java:62) ~[?:?] {re:classloading}
	at org.bnjax3.noitacraft.wand.SpellGroup.GetRechargeTimeModifier(SpellGroup.java:62) ~[?:?] {re:classloading}
	at org.bnjax3.noitacraft.wand.SpellGroup.GetRechargeTimeModifier(SpellGroup.java:62) ~[?:?] {re:classloading}
	at org.bnjax3.noitacraft.wand.SpellGroup.GetRechargeTimeModifier(SpellGroup.java:62) ~[?:?] {re:classloading}
	at org.bnjax3.noitacraft.wand.SpellGroup.GetRechargeTimeModifier(SpellGroup.java:62) ~[?:?] {re:classloading}
	at org.bnjax3.noitacraft.wand.SpellGroup.GetRechargeTimeModifier(SpellGroup.java:62) ~[?:?] {re:classloading}
	at org.bnjax3.noitacraft.wand.SpellGroup.GetRechargeTimeModifier(SpellGroup.java:62) ~[?:?] {re:classloading}
	at org.bnjax3.noitacraft.wand.SpellGroup.GetRechargeTimeModifier(SpellGroup.java:62) ~[?:?] {re:classloading}
	at org.bnjax3.noitacraft.wand.SpellGroup.GetRechargeTimeModifier(SpellGroup.java:62) ~[?:?] {re:classloading}
	at org.bnjax3.noitacraft.wand.SpellGroup.GetRechargeTimeModifier(SpellGroup.java:62) ~[?:?] {re:classloading}
	at org.bnjax3.noitacraft.wand.SpellGroup.GetRechargeTimeModifier(SpellGroup.java:62) ~[?:?] {re:classloading}
	at org.bnjax3.noitacraft.wand.SpellGroup.GetRechargeTimeModifier(SpellGroup.java:62) ~[?:?] {re:classloading}
	at org.bnjax3.noitacraft.wand.SpellGroup.GetRechargeTimeModifier(SpellGroup.java:62) ~[?:?] {re:classloading}
	at org.bnjax3.noitacraft.wand.SpellGroup.GetRechargeTimeModifier(SpellGroup.java:62) ~[?:?] {re:classloading}
	at org.bnjax3.noitacraft.wand.SpellGroup.GetRechargeTimeModifier(SpellGroup.java:62) ~[?:?] {re:classloading}
	at org.bnjax3.noitacraft.wand.SpellGroup.GetRechargeTimeModifier(SpellGroup.java:62) ~[?:?] {re:classloading}


A detailed walkthrough of the error, its code path and all known details is as follows:
---------------------------------------------------------------------------------------

-- System Details --
Details:
	Minecraft Version: 1.16.5
	Minecraft Version ID: 1.16.5
	Operating System: Linux (amd64) version 6.12.57+deb13-amd64
	Java Version: 22.0.2, Eclipse Adoptium
	Java VM Version: OpenJDK 64-Bit Server VM (mixed mode, sharing), Eclipse Adoptium
	Memory: 113034376 bytes (107 MB) / 1003487232 bytes (957 MB) up to 1969225728 bytes (1878 MB)
	CPUs: 12
	JVM Flags: 2 total; -XX:+IgnoreUnrecognizedVMOptions -XX:+IgnoreUnrecognizedVMOptions
	ModLauncher: 8.1.3+8.1.3+main-8.1.x.c94d18ec
	ModLauncher launch target: fmluserdevclient
	ModLauncher naming: mcp
	ModLauncher services: 
		/mixin-0.8.4.jar mixin PLUGINSERVICE 
		/eventbus-4.0.0.jar eventbus PLUGINSERVICE 
		/forge-1.16.5-36.2.42_mapped_official_1.16.5-launcher.jar object_holder_definalize PLUGINSERVICE 
		/forge-1.16.5-36.2.42_mapped_official_1.16.5-launcher.jar runtime_enum_extender PLUGINSERVICE 
		/forge-1.16.5-36.2.42_mapped_official_1.16.5-launcher.jar capability_inject_definalize PLUGINSERVICE 
		/accesstransformers-3.0.1.jar accesstransformer PLUGINSERVICE 
		/forge-1.16.5-36.2.42_mapped_official_1.16.5-launcher.jar runtimedistcleaner PLUGINSERVICE 
		/mixin-0.8.4.jar mixin TRANSFORMATIONSERVICE 
		/forge-1.16.5-36.2.42_mapped_official_1.16.5-launcher.jar fml TRANSFORMATIONSERVICE 
	FML: 36.2
	Forge: net.minecraftforge:36.2.42
	FML Language Providers: 
		javafml@36.2
		minecraft@1
	Mod List: 
		client-extra.jar                                  |Minecraft                     |minecraft                     |1.16.5              |DONE      |Manifest: a1:d4:5e:04:4f:d3:d6:e0:7b:37:97:cf:77:b0:de:ad:4a:47:ce:8c:96:49:5f:0a:cf:8c:ae:b2:6d:4b:8a:3f
		forge-1.16.5-36.2.42_mapped_official_1.16.5.jar   |Forge                         |forge                         |36.2.42             |DONE      |Manifest: NOSIGNATURE
		main                                              |noitacraft                    |noitacraft                    |1.0-SNAPSHOT        |DONE      |Manifest: NOSIGNATURE
	Crash Report UUID: 0c96fb62-d02f-4a5d-ac13-093e360f206f
	Player Count: 1 / 8; [ServerPlayerEntity['Dev'/84, l='ServerLevel[testeo]', x=248.13, y=80.00, z=-430.29]]
	Data Packs: vanilla, mod:forge, mod:noitacraft
	Type: Integrated Server (map_client.txt)
	Is Modded: Definitely; Client brand changed to 'forge'
[11Dec2025 19:48:28.702] [Render thread/INFO] [STDOUT/]: [net.minecraft.util.registry.Bootstrap:realStdoutPrintln:123]: #@!@# Game crashed! Crash report saved to: #@!@# ./crash-reports/crash-2025-12-11_19.48.28-server.txt
